Image name,ECG ID,Image relative path,Image ID,Image page,ECG number of pages,ECG number of columns per page,ECG number of rows per page,ECG number of rhythm leads,ECG format
img_1_page_0.jpeg,LPAE_11666_hr,augmentation_JPEG_compression_11_percent/img_1_page_0.jpeg,1,0,2,1,6,0,6x2
img_1_page_1.jpeg,LPAE_11666_hr,augmentation_JPEG_compression_11_percent/img_1_page_1.jpeg,1,1,2,1,6,0,6x2
img_2_page_0.jpeg,LPAE_11209_hr,augmentation_JPEG_compression_11_percent/img_2_page_0.jpeg,2,0,1,1,12,0,12x1
img_3_page_0.jpeg,LPAE_14009_hr,augmentation_JPEG_compression_11_percent/img_3_page_0.jpeg,3,0,1,1,12,0,12x1
img_4_page_0.jpeg,LPAE_20999_hr,augmentation_JPEG_compression_11_percent/img_4_page_0.jpeg,4,0,1,4,3,1,3x4+1R
img_5_page_0.jpeg,LPAE_21515_hr,augmentation_JPEG_compression_11_percent/img_5_page_0.jpeg,5,0,1,2,6,0,6x2
img_6_page_0.jpeg,LPAE_02926_hr,augmentation_JPEG_compression_11_percent/img_6_page_0.jpeg,6,0,1,1,12,0,12x1
img_7_page_0.jpeg,LPAE_21541_hr,augmentation_JPEG_compression_11_percent/img_7_page_0.jpeg,7,0,1,2,6,0,6x2
img_8_page_0.jpeg,LPAE_05432_hr,augmentation_JPEG_compression_11_percent/img_8_page_0.jpeg,8,0,1,4,3,3,3x4+3R
img_9_page_0.jpeg,LPAE_20159_hr,augmentation_JPEG_compression_11_percent/img_9_page_0.jpeg,9,0,1,2,6,0,6x2
img_10_page_0.jpeg,LPAE_04827_hr,augmentation_JPEG_compression_11_percent/img_10_page_0.jpeg,10,0,1,4,3,1,3x4+1R
img_11_page_0.jpeg,LPAE_06229_hr,augmentation_JPEG_compression_11_percent/img_11_page_0.jpeg,11,0,1,2,6,0,6x2
img_12_page_0.jpeg,LPAE_10505_hr,augmentation_JPEG_compression_11_percent/img_12_page_0.jpeg,12,0,1,4,3,3,3x4+3R
img_13_page_0.jpeg,LPAE_10300_hr,augmentation_JPEG_compression_11_percent/img_13_page_0.jpeg,13,0,1,2,6,0,6x2
img_14_page_0.jpeg,LPAE_17226_hr,augmentation_JPEG_compression_11_percent/img_14_page_0.jpeg,14,0,1,4,3,1,3x4+1R
img_15_page_0.jpeg,LPAE_05742_hr,augmentation_JPEG_compression_11_percent/img_15_page_0.jpeg,15,0,1,4,3,1,3x4+1R
img_16_page_0.jpeg,LPAE_19550_hr,augmentation_JPEG_compression_11_percent/img_16_page_0.jpeg,16,0,1,4,3,1,3x4+1R
img_17_page_0.jpeg,LPAE_06918_hr,augmentation_JPEG_compression_11_percent/img_17_page_0.jpeg,17,0,1,4,3,1,3x4+1R
img_18_page_0.jpeg,LPAE_12879_hr,augmentation_JPEG_compression_11_percent/img_18_page_0.jpeg,18,0,1,1,12,0,12x1
img_19_page_0.jpeg,LPAE_20790_hr,augmentation_JPEG_compression_11_percent/img_19_page_0.jpeg,19,0,1,2,6,1,6x2+1R
img_20_page_0.jpeg,LPAE_20947_hr,augmentation_JPEG_compression_11_percent/img_20_page_0.jpeg,20,0,1,4,3,0,3x4
img_21_page_0.jpeg,LPAE_20515_hr,augmentation_JPEG_compression_11_percent/img_21_page_0.jpeg,21,0,1,2,6,0,6x2
img_22_page_0.jpeg,LPAE_06846_hr,augmentation_JPEG_compression_11_percent/img_22_page_0.jpeg,22,0,1,4,3,1,3x4+1R
img_23_page_0.jpeg,LPAE_04957_hr,augmentation_JPEG_compression_11_percent/img_23_page_0.jpeg,23,0,1,2,6,0,6x2
img_24_page_0.jpeg,LPAE_14819_hr,augmentation_JPEG_compression_11_percent/img_24_page_0.jpeg,24,0,1,4,3,0,3x4
img_25_page_0.jpeg,LPAE_05441_hr,augmentation_JPEG_compression_11_percent/img_25_page_0.jpeg,25,0,1,1,12,0,12x1
img_26_page_0.jpeg,LPAE_20971_hr,augmentation_JPEG_compression_11_percent/img_26_page_0.jpeg,26,0,1,4,3,1,3x4+1R
img_27_page_0.jpeg,LPAE_20680_hr,augmentation_JPEG_compression_11_percent/img_27_page_0.jpeg,27,0,1,4,3,0,3x4
img_28_page_0.jpeg,LPAE_07250_hr,augmentation_JPEG_compression_11_percent/img_28_page_0.jpeg,28,0,1,4,3,1,3x4+1R
img_29_page_0.jpeg,LPAE_20748_hr,augmentation_JPEG_compression_11_percent/img_29_page_0.jpeg,29,0,1,4,3,1,3x4+1R
img_30_page_0.jpeg,LPAE_06938_hr,augmentation_JPEG_compression_11_percent/img_30_page_0.jpeg,30,0,1,2,6,1,6x2+1R
img_31_page_0.jpeg,LPAE_20367_hr,augmentation_JPEG_compression_11_percent/img_31_page_0.jpeg,31,0,1,4,3,1,3x4+1R
img_32_page_0.jpeg,LPAE_07285_hr,augmentation_JPEG_compression_11_percent/img_32_page_0.jpeg,32,0,1,4,3,0,3x4
img_33_page_0.jpeg,LPAE_07299_hr,augmentation_JPEG_compression_11_percent/img_33_page_0.jpeg,33,0,1,2,6,0,6x2
img_34_page_0.jpeg,LPAE_21629_hr,augmentation_JPEG_compression_11_percent/img_34_page_0.jpeg,34,0,1,2,6,0,6x2
img_35_page_0.jpeg,LPAE_07596_hr,augmentation_JPEG_compression_11_percent/img_35_page_0.jpeg,35,0,1,2,6,0,6x2
img_36_page_0.jpeg,LPAE_10555_hr,augmentation_JPEG_compression_11_percent/img_36_page_0.jpeg,36,0,1,4,3,0,3x4
img_37_page_0.jpeg,LPAE_21468_hr,augmentation_JPEG_compression_11_percent/img_37_page_0.jpeg,37,0,1,4,3,1,3x4+1R
img_38_page_0.jpeg,LPAE_08885_hr,augmentation_JPEG_compression_11_percent/img_38_page_0.jpeg,38,0,1,4,3,3,3x4+3R
img_39_page_0.jpeg,LPAE_09331_hr,augmentation_JPEG_compression_11_percent/img_39_page_0.jpeg,39,0,1,2,6,0,6x2
img_40_page_0.jpeg,LPAE_09275_hr,augmentation_JPEG_compression_11_percent/img_40_page_0.jpeg,40,0,1,4,3,1,3x4+1R
img_41_page_0.jpeg,LPAE_20243_hr,augmentation_JPEG_compression_11_percent/img_41_page_0.jpeg,41,0,1,2,6,0,6x2
img_42_page_0.jpeg,LPAE_09545_hr,augmentation_JPEG_compression_11_percent/img_42_page_0.jpeg,42,0,1,4,3,1,3x4+1R
img_43_page_0.jpeg,LPAE_09754_hr,augmentation_JPEG_compression_11_percent/img_43_page_0.jpeg,43,0,1,4,3,1,3x4+1R
img_44_page_0.jpeg,LPAE_17637_hr,augmentation_JPEG_compression_11_percent/img_44_page_0.jpeg,44,0,1,4,3,0,3x4
img_45_page_0.jpeg,LPAE_17118_hr,augmentation_JPEG_compression_11_percent/img_45_page_0.jpeg,45,0,1,2,6,0,6x2
img_46_page_0.jpeg,LPAE_10306_hr,augmentation_JPEG_compression_11_percent/img_46_page_0.jpeg,46,0,1,4,3,1,3x4+1R
img_47_page_0.jpeg,LPAE_10266_hr,augmentation_JPEG_compression_11_percent/img_47_page_0.jpeg,47,0,1,4,3,3,3x4+3R
img_48_page_0.jpeg,LPAE_08007_hr,augmentation_JPEG_compression_11_percent/img_48_page_0.jpeg,48,0,1,2,6,0,6x2
img_49_page_0.jpeg,LPAE_08962_hr,augmentation_JPEG_compression_11_percent/img_49_page_0.jpeg,49,0,1,2,6,0,6x2
img_50_page_0.jpeg,LPAE_16895_hr,augmentation_JPEG_compression_11_percent/img_50_page_0.jpeg,50,0,1,4,3,0,3x4
img_51_page_0.jpeg,LPAE_05359_hr,augmentation_JPEG_compression_11_percent/img_51_page_0.jpeg,51,0,1,4,3,0,3x4
img_52_page_0.jpeg,LPAE_10554_hr,augmentation_JPEG_compression_11_percent/img_52_page_0.jpeg,52,0,1,2,6,1,6x2+1R
img_53_page_0.jpeg,LPAE_10598_hr,augmentation_JPEG_compression_11_percent/img_53_page_0.jpeg,53,0,1,2,6,0,6x2
img_54_page_0.jpeg,LPAE_17269_hr,augmentation_JPEG_compression_11_percent/img_54_page_0.jpeg,54,0,2,2,3,0,3x4
img_54_page_1.jpeg,LPAE_17269_hr,augmentation_JPEG_compression_11_percent/img_54_page_1.jpeg,54,1,2,2,3,0,3x4
img_55_page_0.jpeg,LPAE_10518_hr,augmentation_JPEG_compression_11_percent/img_55_page_0.jpeg,55,0,1,2,6,0,6x2
img_56_page_0.jpeg,LPAE_10564_hr,augmentation_JPEG_compression_11_percent/img_56_page_0.jpeg,56,0,1,2,6,0,6x2
img_57_page_0.jpeg,LPAE_06282_hr,augmentation_JPEG_compression_11_percent/img_57_page_0.jpeg,57,0,1,1,12,0,12x1
img_58_page_0.jpeg,LPAE_10943_hr,augmentation_JPEG_compression_11_percent/img_58_page_0.jpeg,58,0,1,4,3,0,3x4
img_59_page_0.jpeg,LPAE_18073_hr,augmentation_JPEG_compression_11_percent/img_59_page_0.jpeg,59,0,1,2,6,0,6x2
img_60_page_0.jpeg,LPAE_11397_hr,augmentation_JPEG_compression_11_percent/img_60_page_0.jpeg,60,0,1,2,6,0,6x2
img_61_page_0.jpeg,LPAE_05944_hr,augmentation_JPEG_compression_11_percent/img_61_page_0.jpeg,61,0,1,2,6,1,6x2+1R
img_62_page_0.jpeg,LPAE_04733_hr,augmentation_JPEG_compression_11_percent/img_62_page_0.jpeg,62,0,1,4,3,1,3x4+1R
img_63_page_0.jpeg,LPAE_10986_hr,augmentation_JPEG_compression_11_percent/img_63_page_0.jpeg,63,0,1,4,3,0,3x4
img_64_page_0.jpeg,LPAE_18227_hr,augmentation_JPEG_compression_11_percent/img_64_page_0.jpeg,64,0,1,2,6,0,6x2
img_65_page_0.jpeg,LPAE_18552_hr,augmentation_JPEG_compression_11_percent/img_65_page_0.jpeg,65,0,1,2,6,0,6x2
img_66_page_0.jpeg,LPAE_11498_hr,augmentation_JPEG_compression_11_percent/img_66_page_0.jpeg,66,0,1,4,3,1,3x4+1R
img_67_page_0.jpeg,LPAE_01805_hr,augmentation_JPEG_compression_11_percent/img_67_page_0.jpeg,67,0,1,4,3,0,3x4
img_68_page_0.jpeg,LPAE_18945_hr,augmentation_JPEG_compression_11_percent/img_68_page_0.jpeg,68,0,1,4,3,1,3x4+1R
img_69_page_0.jpeg,LPAE_12186_hr,augmentation_JPEG_compression_11_percent/img_69_page_0.jpeg,69,0,1,4,3,0,3x4
img_70_page_0.jpeg,LPAE_04794_hr,augmentation_JPEG_compression_11_percent/img_70_page_0.jpeg,70,0,1,1,12,0,12x1
img_71_page_0.jpeg,LPAE_12190_hr,augmentation_JPEG_compression_11_percent/img_71_page_0.jpeg,71,0,1,4,3,1,3x4+1R
img_72_page_0.jpeg,LPAE_12432_hr,augmentation_JPEG_compression_11_percent/img_72_page_0.jpeg,72,0,1,4,3,1,3x4+1R
img_73_page_0.jpeg,LPAE_19036_hr,augmentation_JPEG_compression_11_percent/img_73_page_0.jpeg,73,0,1,2,6,0,6x2
img_74_page_0.jpeg,LPAE_12629_hr,augmentation_JPEG_compression_11_percent/img_74_page_0.jpeg,74,0,1,4,3,1,3x4+1R
img_75_page_0.jpeg,LPAE_02444_hr,augmentation_JPEG_compression_11_percent/img_75_page_0.jpeg,75,0,2,1,6,0,6x2
img_75_page_1.jpeg,LPAE_02444_hr,augmentation_JPEG_compression_11_percent/img_75_page_1.jpeg,75,1,2,1,6,0,6x2
img_76_page_0.jpeg,LPAE_17345_hr,augmentation_JPEG_compression_11_percent/img_76_page_0.jpeg,76,0,1,2,6,0,6x2
img_77_page_0.jpeg,LPAE_06303_hr,augmentation_JPEG_compression_11_percent/img_77_page_0.jpeg,77,0,1,4,3,0,3x4
img_78_page_0.jpeg,LPAE_13851_hr,augmentation_JPEG_compression_11_percent/img_78_page_0.jpeg,78,0,1,2,6,0,6x2
img_79_page_0.jpeg,LPAE_13962_hr,augmentation_JPEG_compression_11_percent/img_79_page_0.jpeg,79,0,1,2,6,0,6x2
img_80_page_0.jpeg,LPAE_19394_hr,augmentation_JPEG_compression_11_percent/img_80_page_0.jpeg,80,0,1,4,3,1,3x4+1R
img_81_page_0.jpeg,LPAE_00232_hr,augmentation_JPEG_compression_11_percent/img_81_page_0.jpeg,81,0,1,4,3,1,3x4+1R
img_82_page_0.jpeg,LPAE_19269_hr,augmentation_JPEG_compression_11_percent/img_82_page_0.jpeg,82,0,1,4,3,1,3x4+1R
img_83_page_0.jpeg,LPAE_20117_hr,augmentation_JPEG_compression_11_percent/img_83_page_0.jpeg,83,0,1,4,3,3,3x4+3R
img_84_page_0.jpeg,LPAE_19164_hr,augmentation_JPEG_compression_11_percent/img_84_page_0.jpeg,84,0,1,4,3,1,3x4+1R
img_85_page_0.jpeg,LPAE_19686_hr,augmentation_JPEG_compression_11_percent/img_85_page_0.jpeg,85,0,1,4,3,1,3x4+1R
img_86_page_0.jpeg,LPAE_19968_hr,augmentation_JPEG_compression_11_percent/img_86_page_0.jpeg,86,0,1,2,6,0,6x2
img_87_page_0.jpeg,LPAE_19288_hr,augmentation_JPEG_compression_11_percent/img_87_page_0.jpeg,87,0,1,2,6,0,6x2
img_88_page_0.jpeg,LPAE_14304_hr,augmentation_JPEG_compression_11_percent/img_88_page_0.jpeg,88,0,4,1,3,0,3x4
img_88_page_1.jpeg,LPAE_14304_hr,augmentation_JPEG_compression_11_percent/img_88_page_1.jpeg,88,1,4,1,3,0,3x4
img_88_page_2.jpeg,LPAE_14304_hr,augmentation_JPEG_compression_11_percent/img_88_page_2.jpeg,88,2,4,1,3,0,3x4
img_88_page_3.jpeg,LPAE_14304_hr,augmentation_JPEG_compression_11_percent/img_88_page_3.jpeg,88,3,4,1,3,0,3x4
img_89_page_0.jpeg,LPAE_19309_hr,augmentation_JPEG_compression_11_percent/img_89_page_0.jpeg,89,0,2,2,3,0,3x4
img_89_page_1.jpeg,LPAE_19309_hr,augmentation_JPEG_compression_11_percent/img_89_page_1.jpeg,89,1,2,2,3,0,3x4
img_90_page_0.jpeg,LPAE_14641_hr,augmentation_JPEG_compression_11_percent/img_90_page_0.jpeg,90,0,1,2,6,0,6x2
img_91_page_0.jpeg,LPAE_15477_hr,augmentation_JPEG_compression_11_percent/img_91_page_0.jpeg,91,0,1,4,3,1,3x4+1R
img_92_page_0.jpeg,LPAE_14680_hr,augmentation_JPEG_compression_11_percent/img_92_page_0.jpeg,92,0,1,4,3,1,3x4+1R
img_93_page_0.jpeg,LPAE_15368_hr,augmentation_JPEG_compression_11_percent/img_93_page_0.jpeg,93,0,1,2,6,1,6x2+1R
img_94_page_0.jpeg,LPAE_19138_hr,augmentation_JPEG_compression_11_percent/img_94_page_0.jpeg,94,0,1,1,12,0,12x1
img_95_page_0.jpeg,LPAE_15529_hr,augmentation_JPEG_compression_11_percent/img_95_page_0.jpeg,95,0,1,2,6,0,6x2
img_96_page_0.jpeg,LPAE_15607_hr,augmentation_JPEG_compression_11_percent/img_96_page_0.jpeg,96,0,4,1,3,0,3x4
img_96_page_1.jpeg,LPAE_15607_hr,augmentation_JPEG_compression_11_percent/img_96_page_1.jpeg,96,1,4,1,3,0,3x4
img_96_page_2.jpeg,LPAE_15607_hr,augmentation_JPEG_compression_11_percent/img_96_page_2.jpeg,96,2,4,1,3,0,3x4
img_96_page_3.jpeg,LPAE_15607_hr,augmentation_JPEG_compression_11_percent/img_96_page_3.jpeg,96,3,4,1,3,0,3x4
img_97_page_0.jpeg,LPAE_19202_hr,augmentation_JPEG_compression_11_percent/img_97_page_0.jpeg,97,0,1,1,12,0,12x1
img_98_page_0.jpeg,LPAE_16212_hr,augmentation_JPEG_compression_11_percent/img_98_page_0.jpeg,98,0,1,4,3,3,3x4+3R
img_99_page_0.jpeg,LPAE_19326_hr,augmentation_JPEG_compression_11_percent/img_99_page_0.jpeg,99,0,1,2,6,0,6x2
img_100_page_0.jpeg,LPAE_20139_hr,augmentation_JPEG_compression_11_percent/img_100_page_0.jpeg,100,0,1,4,3,3,3x4+3R
img_1_page_0.jpeg,LPAE_11666_hr,augmentation_JPEG_compression_22_percent/img_1_page_0.jpeg,1,0,2,1,6,0,6x2
img_1_page_1.jpeg,LPAE_11666_hr,augmentation_JPEG_compression_22_percent/img_1_page_1.jpeg,1,1,2,1,6,0,6x2
img_2_page_0.jpeg,LPAE_11209_hr,augmentation_JPEG_compression_22_percent/img_2_page_0.jpeg,2,0,1,1,12,0,12x1
img_3_page_0.jpeg,LPAE_14009_hr,augmentation_JPEG_compression_22_percent/img_3_page_0.jpeg,3,0,1,1,12,0,12x1
img_4_page_0.jpeg,LPAE_20999_hr,augmentation_JPEG_compression_22_percent/img_4_page_0.jpeg,4,0,1,4,3,1,3x4+1R
img_5_page_0.jpeg,LPAE_21515_hr,augmentation_JPEG_compression_22_percent/img_5_page_0.jpeg,5,0,1,2,6,0,6x2
img_6_page_0.jpeg,LPAE_02926_hr,augmentation_JPEG_compression_22_percent/img_6_page_0.jpeg,6,0,1,1,12,0,12x1
img_7_page_0.jpeg,LPAE_21541_hr,augmentation_JPEG_compression_22_percent/img_7_page_0.jpeg,7,0,1,2,6,0,6x2
img_8_page_0.jpeg,LPAE_05432_hr,augmentation_JPEG_compression_22_percent/img_8_page_0.jpeg,8,0,1,4,3,3,3x4+3R
img_9_page_0.jpeg,LPAE_20159_hr,augmentation_JPEG_compression_22_percent/img_9_page_0.jpeg,9,0,1,2,6,0,6x2
img_10_page_0.jpeg,LPAE_04827_hr,augmentation_JPEG_compression_22_percent/img_10_page_0.jpeg,10,0,1,4,3,1,3x4+1R
img_11_page_0.jpeg,LPAE_06229_hr,augmentation_JPEG_compression_22_percent/img_11_page_0.jpeg,11,0,1,2,6,0,6x2
img_12_page_0.jpeg,LPAE_10505_hr,augmentation_JPEG_compression_22_percent/img_12_page_0.jpeg,12,0,1,4,3,3,3x4+3R
img_13_page_0.jpeg,LPAE_10300_hr,augmentation_JPEG_compression_22_percent/img_13_page_0.jpeg,13,0,1,2,6,0,6x2
img_14_page_0.jpeg,LPAE_17226_hr,augmentation_JPEG_compression_22_percent/img_14_page_0.jpeg,14,0,1,4,3,1,3x4+1R
img_15_page_0.jpeg,LPAE_05742_hr,augmentation_JPEG_compression_22_percent/img_15_page_0.jpeg,15,0,1,4,3,1,3x4+1R
img_16_page_0.jpeg,LPAE_19550_hr,augmentation_JPEG_compression_22_percent/img_16_page_0.jpeg,16,0,1,4,3,1,3x4+1R
img_17_page_0.jpeg,LPAE_06918_hr,augmentation_JPEG_compression_22_percent/img_17_page_0.jpeg,17,0,1,4,3,1,3x4+1R
img_18_page_0.jpeg,LPAE_12879_hr,augmentation_JPEG_compression_22_percent/img_18_page_0.jpeg,18,0,1,1,12,0,12x1
img_19_page_0.jpeg,LPAE_20790_hr,augmentation_JPEG_compression_22_percent/img_19_page_0.jpeg,19,0,1,2,6,1,6x2+1R
img_20_page_0.jpeg,LPAE_20947_hr,augmentation_JPEG_compression_22_percent/img_20_page_0.jpeg,20,0,1,4,3,0,3x4
img_21_page_0.jpeg,LPAE_20515_hr,augmentation_JPEG_compression_22_percent/img_21_page_0.jpeg,21,0,1,2,6,0,6x2
img_22_page_0.jpeg,LPAE_06846_hr,augmentation_JPEG_compression_22_percent/img_22_page_0.jpeg,22,0,1,4,3,1,3x4+1R
img_23_page_0.jpeg,LPAE_04957_hr,augmentation_JPEG_compression_22_percent/img_23_page_0.jpeg,23,0,1,2,6,0,6x2
img_24_page_0.jpeg,LPAE_14819_hr,augmentation_JPEG_compression_22_percent/img_24_page_0.jpeg,24,0,1,4,3,0,3x4
img_25_page_0.jpeg,LPAE_05441_hr,augmentation_JPEG_compression_22_percent/img_25_page_0.jpeg,25,0,1,1,12,0,12x1
img_26_page_0.jpeg,LPAE_20971_hr,augmentation_JPEG_compression_22_percent/img_26_page_0.jpeg,26,0,1,4,3,1,3x4+1R
img_27_page_0.jpeg,LPAE_20680_hr,augmentation_JPEG_compression_22_percent/img_27_page_0.jpeg,27,0,1,4,3,0,3x4
img_28_page_0.jpeg,LPAE_07250_hr,augmentation_JPEG_compression_22_percent/img_28_page_0.jpeg,28,0,1,4,3,1,3x4+1R
img_29_page_0.jpeg,LPAE_20748_hr,augmentation_JPEG_compression_22_percent/img_29_page_0.jpeg,29,0,1,4,3,1,3x4+1R
img_30_page_0.jpeg,LPAE_06938_hr,augmentation_JPEG_compression_22_percent/img_30_page_0.jpeg,30,0,1,2,6,1,6x2+1R
img_31_page_0.jpeg,LPAE_20367_hr,augmentation_JPEG_compression_22_percent/img_31_page_0.jpeg,31,0,1,4,3,1,3x4+1R
img_32_page_0.jpeg,LPAE_07285_hr,augmentation_JPEG_compression_22_percent/img_32_page_0.jpeg,32,0,1,4,3,0,3x4
img_33_page_0.jpeg,LPAE_07299_hr,augmentation_JPEG_compression_22_percent/img_33_page_0.jpeg,33,0,1,2,6,0,6x2
img_34_page_0.jpeg,LPAE_21629_hr,augmentation_JPEG_compression_22_percent/img_34_page_0.jpeg,34,0,1,2,6,0,6x2
img_35_page_0.jpeg,LPAE_07596_hr,augmentation_JPEG_compression_22_percent/img_35_page_0.jpeg,35,0,1,2,6,0,6x2
img_36_page_0.jpeg,LPAE_10555_hr,augmentation_JPEG_compression_22_percent/img_36_page_0.jpeg,36,0,1,4,3,0,3x4
img_37_page_0.jpeg,LPAE_21468_hr,augmentation_JPEG_compression_22_percent/img_37_page_0.jpeg,37,0,1,4,3,1,3x4+1R
img_38_page_0.jpeg,LPAE_08885_hr,augmentation_JPEG_compression_22_percent/img_38_page_0.jpeg,38,0,1,4,3,3,3x4+3R
img_39_page_0.jpeg,LPAE_09331_hr,augmentation_JPEG_compression_22_percent/img_39_page_0.jpeg,39,0,1,2,6,0,6x2
img_40_page_0.jpeg,LPAE_09275_hr,augmentation_JPEG_compression_22_percent/img_40_page_0.jpeg,40,0,1,4,3,1,3x4+1R
img_41_page_0.jpeg,LPAE_20243_hr,augmentation_JPEG_compression_22_percent/img_41_page_0.jpeg,41,0,1,2,6,0,6x2
img_42_page_0.jpeg,LPAE_09545_hr,augmentation_JPEG_compression_22_percent/img_42_page_0.jpeg,42,0,1,4,3,1,3x4+1R
img_43_page_0.jpeg,LPAE_09754_hr,augmentation_JPEG_compression_22_percent/img_43_page_0.jpeg,43,0,1,4,3,1,3x4+1R
img_44_page_0.jpeg,LPAE_17637_hr,augmentation_JPEG_compression_22_percent/img_44_page_0.jpeg,44,0,1,4,3,0,3x4
img_45_page_0.jpeg,LPAE_17118_hr,augmentation_JPEG_compression_22_percent/img_45_page_0.jpeg,45,0,1,2,6,0,6x2
img_46_page_0.jpeg,LPAE_10306_hr,augmentation_JPEG_compression_22_percent/img_46_page_0.jpeg,46,0,1,4,3,1,3x4+1R
img_47_page_0.jpeg,LPAE_10266_hr,augmentation_JPEG_compression_22_percent/img_47_page_0.jpeg,47,0,1,4,3,3,3x4+3R
img_48_page_0.jpeg,LPAE_08007_hr,augmentation_JPEG_compression_22_percent/img_48_page_0.jpeg,48,0,1,2,6,0,6x2
img_49_page_0.jpeg,LPAE_08962_hr,augmentation_JPEG_compression_22_percent/img_49_page_0.jpeg,49,0,1,2,6,0,6x2
img_50_page_0.jpeg,LPAE_16895_hr,augmentation_JPEG_compression_22_percent/img_50_page_0.jpeg,50,0,1,4,3,0,3x4
img_51_page_0.jpeg,LPAE_05359_hr,augmentation_JPEG_compression_22_percent/img_51_page_0.jpeg,51,0,1,4,3,0,3x4
img_52_page_0.jpeg,LPAE_10554_hr,augmentation_JPEG_compression_22_percent/img_52_page_0.jpeg,52,0,1,2,6,1,6x2+1R
img_53_page_0.jpeg,LPAE_10598_hr,augmentation_JPEG_compression_22_percent/img_53_page_0.jpeg,53,0,1,2,6,0,6x2
img_54_page_0.jpeg,LPAE_17269_hr,augmentation_JPEG_compression_22_percent/img_54_page_0.jpeg,54,0,2,2,3,0,3x4
img_54_page_1.jpeg,LPAE_17269_hr,augmentation_JPEG_compression_22_percent/img_54_page_1.jpeg,54,1,2,2,3,0,3x4
img_55_page_0.jpeg,LPAE_10518_hr,augmentation_JPEG_compression_22_percent/img_55_page_0.jpeg,55,0,1,2,6,0,6x2
img_56_page_0.jpeg,LPAE_10564_hr,augmentation_JPEG_compression_22_percent/img_56_page_0.jpeg,56,0,1,2,6,0,6x2
img_57_page_0.jpeg,LPAE_06282_hr,augmentation_JPEG_compression_22_percent/img_57_page_0.jpeg,57,0,1,1,12,0,12x1
img_58_page_0.jpeg,LPAE_10943_hr,augmentation_JPEG_compression_22_percent/img_58_page_0.jpeg,58,0,1,4,3,0,3x4
img_59_page_0.jpeg,LPAE_18073_hr,augmentation_JPEG_compression_22_percent/img_59_page_0.jpeg,59,0,1,2,6,0,6x2
img_60_page_0.jpeg,LPAE_11397_hr,augmentation_JPEG_compression_22_percent/img_60_page_0.jpeg,60,0,1,2,6,0,6x2
img_61_page_0.jpeg,LPAE_05944_hr,augmentation_JPEG_compression_22_percent/img_61_page_0.jpeg,61,0,1,2,6,1,6x2+1R
img_62_page_0.jpeg,LPAE_04733_hr,augmentation_JPEG_compression_22_percent/img_62_page_0.jpeg,62,0,1,4,3,1,3x4+1R
img_63_page_0.jpeg,LPAE_10986_hr,augmentation_JPEG_compression_22_percent/img_63_page_0.jpeg,63,0,1,4,3,0,3x4
img_64_page_0.jpeg,LPAE_18227_hr,augmentation_JPEG_compression_22_percent/img_64_page_0.jpeg,64,0,1,2,6,0,6x2
img_65_page_0.jpeg,LPAE_18552_hr,augmentation_JPEG_compression_22_percent/img_65_page_0.jpeg,65,0,1,2,6,0,6x2
img_66_page_0.jpeg,LPAE_11498_hr,augmentation_JPEG_compression_22_percent/img_66_page_0.jpeg,66,0,1,4,3,1,3x4+1R
img_67_page_0.jpeg,LPAE_01805_hr,augmentation_JPEG_compression_22_percent/img_67_page_0.jpeg,67,0,1,4,3,0,3x4
img_68_page_0.jpeg,LPAE_18945_hr,augmentation_JPEG_compression_22_percent/img_68_page_0.jpeg,68,0,1,4,3,1,3x4+1R
img_69_page_0.jpeg,LPAE_12186_hr,augmentation_JPEG_compression_22_percent/img_69_page_0.jpeg,69,0,1,4,3,0,3x4
img_70_page_0.jpeg,LPAE_04794_hr,augmentation_JPEG_compression_22_percent/img_70_page_0.jpeg,70,0,1,1,12,0,12x1
img_71_page_0.jpeg,LPAE_12190_hr,augmentation_JPEG_compression_22_percent/img_71_page_0.jpeg,71,0,1,4,3,1,3x4+1R
img_72_page_0.jpeg,LPAE_12432_hr,augmentation_JPEG_compression_22_percent/img_72_page_0.jpeg,72,0,1,4,3,1,3x4+1R
img_73_page_0.jpeg,LPAE_19036_hr,augmentation_JPEG_compression_22_percent/img_73_page_0.jpeg,73,0,1,2,6,0,6x2
img_74_page_0.jpeg,LPAE_12629_hr,augmentation_JPEG_compression_22_percent/img_74_page_0.jpeg,74,0,1,4,3,1,3x4+1R
img_75_page_0.jpeg,LPAE_02444_hr,augmentation_JPEG_compression_22_percent/img_75_page_0.jpeg,75,0,2,1,6,0,6x2
img_75_page_1.jpeg,LPAE_02444_hr,augmentation_JPEG_compression_22_percent/img_75_page_1.jpeg,75,1,2,1,6,0,6x2
img_76_page_0.jpeg,LPAE_17345_hr,augmentation_JPEG_compression_22_percent/img_76_page_0.jpeg,76,0,1,2,6,0,6x2
img_77_page_0.jpeg,LPAE_06303_hr,augmentation_JPEG_compression_22_percent/img_77_page_0.jpeg,77,0,1,4,3,0,3x4
img_78_page_0.jpeg,LPAE_13851_hr,augmentation_JPEG_compression_22_percent/img_78_page_0.jpeg,78,0,1,2,6,0,6x2
img_79_page_0.jpeg,LPAE_13962_hr,augmentation_JPEG_compression_22_percent/img_79_page_0.jpeg,79,0,1,2,6,0,6x2
img_80_page_0.jpeg,LPAE_19394_hr,augmentation_JPEG_compression_22_percent/img_80_page_0.jpeg,80,0,1,4,3,1,3x4+1R
img_81_page_0.jpeg,LPAE_00232_hr,augmentation_JPEG_compression_22_percent/img_81_page_0.jpeg,81,0,1,4,3,1,3x4+1R
img_82_page_0.jpeg,LPAE_19269_hr,augmentation_JPEG_compression_22_percent/img_82_page_0.jpeg,82,0,1,4,3,1,3x4+1R
img_83_page_0.jpeg,LPAE_20117_hr,augmentation_JPEG_compression_22_percent/img_83_page_0.jpeg,83,0,1,4,3,3,3x4+3R
img_84_page_0.jpeg,LPAE_19164_hr,augmentation_JPEG_compression_22_percent/img_84_page_0.jpeg,84,0,1,4,3,1,3x4+1R
img_85_page_0.jpeg,LPAE_19686_hr,augmentation_JPEG_compression_22_percent/img_85_page_0.jpeg,85,0,1,4,3,1,3x4+1R
img_86_page_0.jpeg,LPAE_19968_hr,augmentation_JPEG_compression_22_percent/img_86_page_0.jpeg,86,0,1,2,6,0,6x2
img_87_page_0.jpeg,LPAE_19288_hr,augmentation_JPEG_compression_22_percent/img_87_page_0.jpeg,87,0,1,2,6,0,6x2
img_88_page_0.jpeg,LPAE_14304_hr,augmentation_JPEG_compression_22_percent/img_88_page_0.jpeg,88,0,4,1,3,0,3x4
img_88_page_1.jpeg,LPAE_14304_hr,augmentation_JPEG_compression_22_percent/img_88_page_1.jpeg,88,1,4,1,3,0,3x4
img_88_page_2.jpeg,LPAE_14304_hr,augmentation_JPEG_compression_22_percent/img_88_page_2.jpeg,88,2,4,1,3,0,3x4
img_88_page_3.jpeg,LPAE_14304_hr,augmentation_JPEG_compression_22_percent/img_88_page_3.jpeg,88,3,4,1,3,0,3x4
img_89_page_0.jpeg,LPAE_19309_hr,augmentation_JPEG_compression_22_percent/img_89_page_0.jpeg,89,0,2,2,3,0,3x4
img_89_page_1.jpeg,LPAE_19309_hr,augmentation_JPEG_compression_22_percent/img_89_page_1.jpeg,89,1,2,2,3,0,3x4
img_90_page_0.jpeg,LPAE_14641_hr,augmentation_JPEG_compression_22_percent/img_90_page_0.jpeg,90,0,1,2,6,0,6x2
img_91_page_0.jpeg,LPAE_15477_hr,augmentation_JPEG_compression_22_percent/img_91_page_0.jpeg,91,0,1,4,3,1,3x4+1R
img_92_page_0.jpeg,LPAE_14680_hr,augmentation_JPEG_compression_22_percent/img_92_page_0.jpeg,92,0,1,4,3,1,3x4+1R
img_93_page_0.jpeg,LPAE_15368_hr,augmentation_JPEG_compression_22_percent/img_93_page_0.jpeg,93,0,1,2,6,1,6x2+1R
img_94_page_0.jpeg,LPAE_19138_hr,augmentation_JPEG_compression_22_percent/img_94_page_0.jpeg,94,0,1,1,12,0,12x1
img_95_page_0.jpeg,LPAE_15529_hr,augmentation_JPEG_compression_22_percent/img_95_page_0.jpeg,95,0,1,2,6,0,6x2
img_96_page_0.jpeg,LPAE_15607_hr,augmentation_JPEG_compression_22_percent/img_96_page_0.jpeg,96,0,4,1,3,0,3x4
img_96_page_1.jpeg,LPAE_15607_hr,augmentation_JPEG_compression_22_percent/img_96_page_1.jpeg,96,1,4,1,3,0,3x4
img_96_page_2.jpeg,LPAE_15607_hr,augmentation_JPEG_compression_22_percent/img_96_page_2.jpeg,96,2,4,1,3,0,3x4
img_96_page_3.jpeg,LPAE_15607_hr,augmentation_JPEG_compression_22_percent/img_96_page_3.jpeg,96,3,4,1,3,0,3x4
img_97_page_0.jpeg,LPAE_19202_hr,augmentation_JPEG_compression_22_percent/img_97_page_0.jpeg,97,0,1,1,12,0,12x1
img_98_page_0.jpeg,LPAE_16212_hr,augmentation_JPEG_compression_22_percent/img_98_page_0.jpeg,98,0,1,4,3,3,3x4+3R
img_99_page_0.jpeg,LPAE_19326_hr,augmentation_JPEG_compression_22_percent/img_99_page_0.jpeg,99,0,1,2,6,0,6x2
img_100_page_0.jpeg,LPAE_20139_hr,augmentation_JPEG_compression_22_percent/img_100_page_0.jpeg,100,0,1,4,3,3,3x4+3R
img_1_page_0.jpeg,LPAE_11666_hr,augmentation_JPEG_compression_2_percent/img_1_page_0.jpeg,1,0,2,1,6,0,6x2
img_1_page_1.jpeg,LPAE_11666_hr,augmentation_JPEG_compression_2_percent/img_1_page_1.jpeg,1,1,2,1,6,0,6x2
img_2_page_0.jpeg,LPAE_11209_hr,augmentation_JPEG_compression_2_percent/img_2_page_0.jpeg,2,0,1,1,12,0,12x1
img_3_page_0.jpeg,LPAE_14009_hr,augmentation_JPEG_compression_2_percent/img_3_page_0.jpeg,3,0,1,1,12,0,12x1
img_4_page_0.jpeg,LPAE_20999_hr,augmentation_JPEG_compression_2_percent/img_4_page_0.jpeg,4,0,1,4,3,1,3x4+1R
img_5_page_0.jpeg,LPAE_21515_hr,augmentation_JPEG_compression_2_percent/img_5_page_0.jpeg,5,0,1,2,6,0,6x2
img_6_page_0.jpeg,LPAE_02926_hr,augmentation_JPEG_compression_2_percent/img_6_page_0.jpeg,6,0,1,1,12,0,12x1
img_7_page_0.jpeg,LPAE_21541_hr,augmentation_JPEG_compression_2_percent/img_7_page_0.jpeg,7,0,1,2,6,0,6x2
img_8_page_0.jpeg,LPAE_05432_hr,augmentation_JPEG_compression_2_percent/img_8_page_0.jpeg,8,0,1,4,3,3,3x4+3R
img_9_page_0.jpeg,LPAE_20159_hr,augmentation_JPEG_compression_2_percent/img_9_page_0.jpeg,9,0,1,2,6,0,6x2
img_10_page_0.jpeg,LPAE_04827_hr,augmentation_JPEG_compression_2_percent/img_10_page_0.jpeg,10,0,1,4,3,1,3x4+1R
img_11_page_0.jpeg,LPAE_06229_hr,augmentation_JPEG_compression_2_percent/img_11_page_0.jpeg,11,0,1,2,6,0,6x2
img_12_page_0.jpeg,LPAE_10505_hr,augmentation_JPEG_compression_2_percent/img_12_page_0.jpeg,12,0,1,4,3,3,3x4+3R
img_13_page_0.jpeg,LPAE_10300_hr,augmentation_JPEG_compression_2_percent/img_13_page_0.jpeg,13,0,1,2,6,0,6x2
img_14_page_0.jpeg,LPAE_17226_hr,augmentation_JPEG_compression_2_percent/img_14_page_0.jpeg,14,0,1,4,3,1,3x4+1R
img_15_page_0.jpeg,LPAE_05742_hr,augmentation_JPEG_compression_2_percent/img_15_page_0.jpeg,15,0,1,4,3,1,3x4+1R
img_16_page_0.jpeg,LPAE_19550_hr,augmentation_JPEG_compression_2_percent/img_16_page_0.jpeg,16,0,1,4,3,1,3x4+1R
img_17_page_0.jpeg,LPAE_06918_hr,augmentation_JPEG_compression_2_percent/img_17_page_0.jpeg,17,0,1,4,3,1,3x4+1R
img_18_page_0.jpeg,LPAE_12879_hr,augmentation_JPEG_compression_2_percent/img_18_page_0.jpeg,18,0,1,1,12,0,12x1
img_19_page_0.jpeg,LPAE_20790_hr,augmentation_JPEG_compression_2_percent/img_19_page_0.jpeg,19,0,1,2,6,1,6x2+1R
img_20_page_0.jpeg,LPAE_20947_hr,augmentation_JPEG_compression_2_percent/img_20_page_0.jpeg,20,0,1,4,3,0,3x4
img_21_page_0.jpeg,LPAE_20515_hr,augmentation_JPEG_compression_2_percent/img_21_page_0.jpeg,21,0,1,2,6,0,6x2
img_22_page_0.jpeg,LPAE_06846_hr,augmentation_JPEG_compression_2_percent/img_22_page_0.jpeg,22,0,1,4,3,1,3x4+1R
img_23_page_0.jpeg,LPAE_04957_hr,augmentation_JPEG_compression_2_percent/img_23_page_0.jpeg,23,0,1,2,6,0,6x2
img_24_page_0.jpeg,LPAE_14819_hr,augmentation_JPEG_compression_2_percent/img_24_page_0.jpeg,24,0,1,4,3,0,3x4
img_25_page_0.jpeg,LPAE_05441_hr,augmentation_JPEG_compression_2_percent/img_25_page_0.jpeg,25,0,1,1,12,0,12x1
img_26_page_0.jpeg,LPAE_20971_hr,augmentation_JPEG_compression_2_percent/img_26_page_0.jpeg,26,0,1,4,3,1,3x4+1R
img_27_page_0.jpeg,LPAE_20680_hr,augmentation_JPEG_compression_2_percent/img_27_page_0.jpeg,27,0,1,4,3,0,3x4
img_28_page_0.jpeg,LPAE_07250_hr,augmentation_JPEG_compression_2_percent/img_28_page_0.jpeg,28,0,1,4,3,1,3x4+1R
img_29_page_0.jpeg,LPAE_20748_hr,augmentation_JPEG_compression_2_percent/img_29_page_0.jpeg,29,0,1,4,3,1,3x4+1R
img_30_page_0.jpeg,LPAE_06938_hr,augmentation_JPEG_compression_2_percent/img_30_page_0.jpeg,30,0,1,2,6,1,6x2+1R
img_31_page_0.jpeg,LPAE_20367_hr,augmentation_JPEG_compression_2_percent/img_31_page_0.jpeg,31,0,1,4,3,1,3x4+1R
img_32_page_0.jpeg,LPAE_07285_hr,augmentation_JPEG_compression_2_percent/img_32_page_0.jpeg,32,0,1,4,3,0,3x4
img_33_page_0.jpeg,LPAE_07299_hr,augmentation_JPEG_compression_2_percent/img_33_page_0.jpeg,33,0,1,2,6,0,6x2
img_34_page_0.jpeg,LPAE_21629_hr,augmentation_JPEG_compression_2_percent/img_34_page_0.jpeg,34,0,1,2,6,0,6x2
img_35_page_0.jpeg,LPAE_07596_hr,augmentation_JPEG_compression_2_percent/img_35_page_0.jpeg,35,0,1,2,6,0,6x2
img_36_page_0.jpeg,LPAE_10555_hr,augmentation_JPEG_compression_2_percent/img_36_page_0.jpeg,36,0,1,4,3,0,3x4
img_37_page_0.jpeg,LPAE_21468_hr,augmentation_JPEG_compression_2_percent/img_37_page_0.jpeg,37,0,1,4,3,1,3x4+1R
img_38_page_0.jpeg,LPAE_08885_hr,augmentation_JPEG_compression_2_percent/img_38_page_0.jpeg,38,0,1,4,3,3,3x4+3R
img_39_page_0.jpeg,LPAE_09331_hr,augmentation_JPEG_compression_2_percent/img_39_page_0.jpeg,39,0,1,2,6,0,6x2
img_40_page_0.jpeg,LPAE_09275_hr,augmentation_JPEG_compression_2_percent/img_40_page_0.jpeg,40,0,1,4,3,1,3x4+1R
img_41_page_0.jpeg,LPAE_20243_hr,augmentation_JPEG_compression_2_percent/img_41_page_0.jpeg,41,0,1,2,6,0,6x2
img_42_page_0.jpeg,LPAE_09545_hr,augmentation_JPEG_compression_2_percent/img_42_page_0.jpeg,42,0,1,4,3,1,3x4+1R
img_43_page_0.jpeg,LPAE_09754_hr,augmentation_JPEG_compression_2_percent/img_43_page_0.jpeg,43,0,1,4,3,1,3x4+1R
img_44_page_0.jpeg,LPAE_17637_hr,augmentation_JPEG_compression_2_percent/img_44_page_0.jpeg,44,0,1,4,3,0,3x4
img_45_page_0.jpeg,LPAE_17118_hr,augmentation_JPEG_compression_2_percent/img_45_page_0.jpeg,45,0,1,2,6,0,6x2
img_46_page_0.jpeg,LPAE_10306_hr,augmentation_JPEG_compression_2_percent/img_46_page_0.jpeg,46,0,1,4,3,1,3x4+1R
img_47_page_0.jpeg,LPAE_10266_hr,augmentation_JPEG_compression_2_percent/img_47_page_0.jpeg,47,0,1,4,3,3,3x4+3R
img_48_page_0.jpeg,LPAE_08007_hr,augmentation_JPEG_compression_2_percent/img_48_page_0.jpeg,48,0,1,2,6,0,6x2
img_49_page_0.jpeg,LPAE_08962_hr,augmentation_JPEG_compression_2_percent/img_49_page_0.jpeg,49,0,1,2,6,0,6x2
img_50_page_0.jpeg,LPAE_16895_hr,augmentation_JPEG_compression_2_percent/img_50_page_0.jpeg,50,0,1,4,3,0,3x4
img_51_page_0.jpeg,LPAE_05359_hr,augmentation_JPEG_compression_2_percent/img_51_page_0.jpeg,51,0,1,4,3,0,3x4
img_52_page_0.jpeg,LPAE_10554_hr,augmentation_JPEG_compression_2_percent/img_52_page_0.jpeg,52,0,1,2,6,1,6x2+1R
img_53_page_0.jpeg,LPAE_10598_hr,augmentation_JPEG_compression_2_percent/img_53_page_0.jpeg,53,0,1,2,6,0,6x2
img_54_page_0.jpeg,LPAE_17269_hr,augmentation_JPEG_compression_2_percent/img_54_page_0.jpeg,54,0,2,2,3,0,3x4
img_54_page_1.jpeg,LPAE_17269_hr,augmentation_JPEG_compression_2_percent/img_54_page_1.jpeg,54,1,2,2,3,0,3x4
img_55_page_0.jpeg,LPAE_10518_hr,augmentation_JPEG_compression_2_percent/img_55_page_0.jpeg,55,0,1,2,6,0,6x2
img_56_page_0.jpeg,LPAE_10564_hr,augmentation_JPEG_compression_2_percent/img_56_page_0.jpeg,56,0,1,2,6,0,6x2
img_57_page_0.jpeg,LPAE_06282_hr,augmentation_JPEG_compression_2_percent/img_57_page_0.jpeg,57,0,1,1,12,0,12x1
img_58_page_0.jpeg,LPAE_10943_hr,augmentation_JPEG_compression_2_percent/img_58_page_0.jpeg,58,0,1,4,3,0,3x4
img_59_page_0.jpeg,LPAE_18073_hr,augmentation_JPEG_compression_2_percent/img_59_page_0.jpeg,59,0,1,2,6,0,6x2
img_60_page_0.jpeg,LPAE_11397_hr,augmentation_JPEG_compression_2_percent/img_60_page_0.jpeg,60,0,1,2,6,0,6x2
img_61_page_0.jpeg,LPAE_05944_hr,augmentation_JPEG_compression_2_percent/img_61_page_0.jpeg,61,0,1,2,6,1,6x2+1R
img_62_page_0.jpeg,LPAE_04733_hr,augmentation_JPEG_compression_2_percent/img_62_page_0.jpeg,62,0,1,4,3,1,3x4+1R
img_63_page_0.jpeg,LPAE_10986_hr,augmentation_JPEG_compression_2_percent/img_63_page_0.jpeg,63,0,1,4,3,0,3x4
img_64_page_0.jpeg,LPAE_18227_hr,augmentation_JPEG_compression_2_percent/img_64_page_0.jpeg,64,0,1,2,6,0,6x2
img_65_page_0.jpeg,LPAE_18552_hr,augmentation_JPEG_compression_2_percent/img_65_page_0.jpeg,65,0,1,2,6,0,6x2
img_66_page_0.jpeg,LPAE_11498_hr,augmentation_JPEG_compression_2_percent/img_66_page_0.jpeg,66,0,1,4,3,1,3x4+1R
img_67_page_0.jpeg,LPAE_01805_hr,augmentation_JPEG_compression_2_percent/img_67_page_0.jpeg,67,0,1,4,3,0,3x4
img_68_page_0.jpeg,LPAE_18945_hr,augmentation_JPEG_compression_2_percent/img_68_page_0.jpeg,68,0,1,4,3,1,3x4+1R
img_69_page_0.jpeg,LPAE_12186_hr,augmentation_JPEG_compression_2_percent/img_69_page_0.jpeg,69,0,1,4,3,0,3x4
img_70_page_0.jpeg,LPAE_04794_hr,augmentation_JPEG_compression_2_percent/img_70_page_0.jpeg,70,0,1,1,12,0,12x1
img_71_page_0.jpeg,LPAE_12190_hr,augmentation_JPEG_compression_2_percent/img_71_page_0.jpeg,71,0,1,4,3,1,3x4+1R
img_72_page_0.jpeg,LPAE_12432_hr,augmentation_JPEG_compression_2_percent/img_72_page_0.jpeg,72,0,1,4,3,1,3x4+1R
img_73_page_0.jpeg,LPAE_19036_hr,augmentation_JPEG_compression_2_percent/img_73_page_0.jpeg,73,0,1,2,6,0,6x2
img_74_page_0.jpeg,LPAE_12629_hr,augmentation_JPEG_compression_2_percent/img_74_page_0.jpeg,74,0,1,4,3,1,3x4+1R
img_75_page_0.jpeg,LPAE_02444_hr,augmentation_JPEG_compression_2_percent/img_75_page_0.jpeg,75,0,2,1,6,0,6x2
img_75_page_1.jpeg,LPAE_02444_hr,augmentation_JPEG_compression_2_percent/img_75_page_1.jpeg,75,1,2,1,6,0,6x2
img_76_page_0.jpeg,LPAE_17345_hr,augmentation_JPEG_compression_2_percent/img_76_page_0.jpeg,76,0,1,2,6,0,6x2
img_77_page_0.jpeg,LPAE_06303_hr,augmentation_JPEG_compression_2_percent/img_77_page_0.jpeg,77,0,1,4,3,0,3x4
img_78_page_0.jpeg,LPAE_13851_hr,augmentation_JPEG_compression_2_percent/img_78_page_0.jpeg,78,0,1,2,6,0,6x2
img_79_page_0.jpeg,LPAE_13962_hr,augmentation_JPEG_compression_2_percent/img_79_page_0.jpeg,79,0,1,2,6,0,6x2
img_80_page_0.jpeg,LPAE_19394_hr,augmentation_JPEG_compression_2_percent/img_80_page_0.jpeg,80,0,1,4,3,1,3x4+1R
img_81_page_0.jpeg,LPAE_00232_hr,augmentation_JPEG_compression_2_percent/img_81_page_0.jpeg,81,0,1,4,3,1,3x4+1R
img_82_page_0.jpeg,LPAE_19269_hr,augmentation_JPEG_compression_2_percent/img_82_page_0.jpeg,82,0,1,4,3,1,3x4+1R
img_83_page_0.jpeg,LPAE_20117_hr,augmentation_JPEG_compression_2_percent/img_83_page_0.jpeg,83,0,1,4,3,3,3x4+3R
img_84_page_0.jpeg,LPAE_19164_hr,augmentation_JPEG_compression_2_percent/img_84_page_0.jpeg,84,0,1,4,3,1,3x4+1R
img_85_page_0.jpeg,LPAE_19686_hr,augmentation_JPEG_compression_2_percent/img_85_page_0.jpeg,85,0,1,4,3,1,3x4+1R
img_86_page_0.jpeg,LPAE_19968_hr,augmentation_JPEG_compression_2_percent/img_86_page_0.jpeg,86,0,1,2,6,0,6x2
img_87_page_0.jpeg,LPAE_19288_hr,augmentation_JPEG_compression_2_percent/img_87_page_0.jpeg,87,0,1,2,6,0,6x2
img_88_page_0.jpeg,LPAE_14304_hr,augmentation_JPEG_compression_2_percent/img_88_page_0.jpeg,88,0,4,1,3,0,3x4
img_88_page_1.jpeg,LPAE_14304_hr,augmentation_JPEG_compression_2_percent/img_88_page_1.jpeg,88,1,4,1,3,0,3x4
img_88_page_2.jpeg,LPAE_14304_hr,augmentation_JPEG_compression_2_percent/img_88_page_2.jpeg,88,2,4,1,3,0,3x4
img_88_page_3.jpeg,LPAE_14304_hr,augmentation_JPEG_compression_2_percent/img_88_page_3.jpeg,88,3,4,1,3,0,3x4
img_89_page_0.jpeg,LPAE_19309_hr,augmentation_JPEG_compression_2_percent/img_89_page_0.jpeg,89,0,2,2,3,0,3x4
img_89_page_1.jpeg,LPAE_19309_hr,augmentation_JPEG_compression_2_percent/img_89_page_1.jpeg,89,1,2,2,3,0,3x4
img_90_page_0.jpeg,LPAE_14641_hr,augmentation_JPEG_compression_2_percent/img_90_page_0.jpeg,90,0,1,2,6,0,6x2
img_91_page_0.jpeg,LPAE_15477_hr,augmentation_JPEG_compression_2_percent/img_91_page_0.jpeg,91,0,1,4,3,1,3x4+1R
img_92_page_0.jpeg,LPAE_14680_hr,augmentation_JPEG_compression_2_percent/img_92_page_0.jpeg,92,0,1,4,3,1,3x4+1R
img_93_page_0.jpeg,LPAE_15368_hr,augmentation_JPEG_compression_2_percent/img_93_page_0.jpeg,93,0,1,2,6,1,6x2+1R
img_94_page_0.jpeg,LPAE_19138_hr,augmentation_JPEG_compression_2_percent/img_94_page_0.jpeg,94,0,1,1,12,0,12x1
img_95_page_0.jpeg,LPAE_15529_hr,augmentation_JPEG_compression_2_percent/img_95_page_0.jpeg,95,0,1,2,6,0,6x2
img_96_page_0.jpeg,LPAE_15607_hr,augmentation_JPEG_compression_2_percent/img_96_page_0.jpeg,96,0,4,1,3,0,3x4
img_96_page_1.jpeg,LPAE_15607_hr,augmentation_JPEG_compression_2_percent/img_96_page_1.jpeg,96,1,4,1,3,0,3x4
img_96_page_2.jpeg,LPAE_15607_hr,augmentation_JPEG_compression_2_percent/img_96_page_2.jpeg,96,2,4,1,3,0,3x4
img_96_page_3.jpeg,LPAE_15607_hr,augmentation_JPEG_compression_2_percent/img_96_page_3.jpeg,96,3,4,1,3,0,3x4
img_97_page_0.jpeg,LPAE_19202_hr,augmentation_JPEG_compression_2_percent/img_97_page_0.jpeg,97,0,1,1,12,0,12x1
img_98_page_0.jpeg,LPAE_16212_hr,augmentation_JPEG_compression_2_percent/img_98_page_0.jpeg,98,0,1,4,3,3,3x4+3R
img_99_page_0.jpeg,LPAE_19326_hr,augmentation_JPEG_compression_2_percent/img_99_page_0.jpeg,99,0,1,2,6,0,6x2
img_100_page_0.jpeg,LPAE_20139_hr,augmentation_JPEG_compression_2_percent/img_100_page_0.jpeg,100,0,1,4,3,3,3x4+3R
img_1_page_0.jpeg,LPAE_11666_hr,augmentation_JPEG_compression_45_percent/img_1_page_0.jpeg,1,0,2,1,6,0,6x2
img_1_page_1.jpeg,LPAE_11666_hr,augmentation_JPEG_compression_45_percent/img_1_page_1.jpeg,1,1,2,1,6,0,6x2
img_2_page_0.jpeg,LPAE_11209_hr,augmentation_JPEG_compression_45_percent/img_2_page_0.jpeg,2,0,1,1,12,0,12x1
img_3_page_0.jpeg,LPAE_14009_hr,augmentation_JPEG_compression_45_percent/img_3_page_0.jpeg,3,0,1,1,12,0,12x1
img_4_page_0.jpeg,LPAE_20999_hr,augmentation_JPEG_compression_45_percent/img_4_page_0.jpeg,4,0,1,4,3,1,3x4+1R
img_5_page_0.jpeg,LPAE_21515_hr,augmentation_JPEG_compression_45_percent/img_5_page_0.jpeg,5,0,1,2,6,0,6x2
img_6_page_0.jpeg,LPAE_02926_hr,augmentation_JPEG_compression_45_percent/img_6_page_0.jpeg,6,0,1,1,12,0,12x1
img_7_page_0.jpeg,LPAE_21541_hr,augmentation_JPEG_compression_45_percent/img_7_page_0.jpeg,7,0,1,2,6,0,6x2
img_8_page_0.jpeg,LPAE_05432_hr,augmentation_JPEG_compression_45_percent/img_8_page_0.jpeg,8,0,1,4,3,3,3x4+3R
img_9_page_0.jpeg,LPAE_20159_hr,augmentation_JPEG_compression_45_percent/img_9_page_0.jpeg,9,0,1,2,6,0,6x2
img_10_page_0.jpeg,LPAE_04827_hr,augmentation_JPEG_compression_45_percent/img_10_page_0.jpeg,10,0,1,4,3,1,3x4+1R
img_11_page_0.jpeg,LPAE_06229_hr,augmentation_JPEG_compression_45_percent/img_11_page_0.jpeg,11,0,1,2,6,0,6x2
img_12_page_0.jpeg,LPAE_10505_hr,augmentation_JPEG_compression_45_percent/img_12_page_0.jpeg,12,0,1,4,3,3,3x4+3R
img_13_page_0.jpeg,LPAE_10300_hr,augmentation_JPEG_compression_45_percent/img_13_page_0.jpeg,13,0,1,2,6,0,6x2
img_14_page_0.jpeg,LPAE_17226_hr,augmentation_JPEG_compression_45_percent/img_14_page_0.jpeg,14,0,1,4,3,1,3x4+1R
img_15_page_0.jpeg,LPAE_05742_hr,augmentation_JPEG_compression_45_percent/img_15_page_0.jpeg,15,0,1,4,3,1,3x4+1R
img_16_page_0.jpeg,LPAE_19550_hr,augmentation_JPEG_compression_45_percent/img_16_page_0.jpeg,16,0,1,4,3,1,3x4+1R
img_17_page_0.jpeg,LPAE_06918_hr,augmentation_JPEG_compression_45_percent/img_17_page_0.jpeg,17,0,1,4,3,1,3x4+1R
img_18_page_0.jpeg,LPAE_12879_hr,augmentation_JPEG_compression_45_percent/img_18_page_0.jpeg,18,0,1,1,12,0,12x1
img_19_page_0.jpeg,LPAE_20790_hr,augmentation_JPEG_compression_45_percent/img_19_page_0.jpeg,19,0,1,2,6,1,6x2+1R
img_20_page_0.jpeg,LPAE_20947_hr,augmentation_JPEG_compression_45_percent/img_20_page_0.jpeg,20,0,1,4,3,0,3x4
img_21_page_0.jpeg,LPAE_20515_hr,augmentation_JPEG_compression_45_percent/img_21_page_0.jpeg,21,0,1,2,6,0,6x2
img_22_page_0.jpeg,LPAE_06846_hr,augmentation_JPEG_compression_45_percent/img_22_page_0.jpeg,22,0,1,4,3,1,3x4+1R
img_23_page_0.jpeg,LPAE_04957_hr,augmentation_JPEG_compression_45_percent/img_23_page_0.jpeg,23,0,1,2,6,0,6x2
img_24_page_0.jpeg,LPAE_14819_hr,augmentation_JPEG_compression_45_percent/img_24_page_0.jpeg,24,0,1,4,3,0,3x4
img_25_page_0.jpeg,LPAE_05441_hr,augmentation_JPEG_compression_45_percent/img_25_page_0.jpeg,25,0,1,1,12,0,12x1
img_26_page_0.jpeg,LPAE_20971_hr,augmentation_JPEG_compression_45_percent/img_26_page_0.jpeg,26,0,1,4,3,1,3x4+1R
img_27_page_0.jpeg,LPAE_20680_hr,augmentation_JPEG_compression_45_percent/img_27_page_0.jpeg,27,0,1,4,3,0,3x4
img_28_page_0.jpeg,LPAE_07250_hr,augmentation_JPEG_compression_45_percent/img_28_page_0.jpeg,28,0,1,4,3,1,3x4+1R
img_29_page_0.jpeg,LPAE_20748_hr,augmentation_JPEG_compression_45_percent/img_29_page_0.jpeg,29,0,1,4,3,1,3x4+1R
img_30_page_0.jpeg,LPAE_06938_hr,augmentation_JPEG_compression_45_percent/img_30_page_0.jpeg,30,0,1,2,6,1,6x2+1R
img_31_page_0.jpeg,LPAE_20367_hr,augmentation_JPEG_compression_45_percent/img_31_page_0.jpeg,31,0,1,4,3,1,3x4+1R
img_32_page_0.jpeg,LPAE_07285_hr,augmentation_JPEG_compression_45_percent/img_32_page_0.jpeg,32,0,1,4,3,0,3x4
img_33_page_0.jpeg,LPAE_07299_hr,augmentation_JPEG_compression_45_percent/img_33_page_0.jpeg,33,0,1,2,6,0,6x2
img_34_page_0.jpeg,LPAE_21629_hr,augmentation_JPEG_compression_45_percent/img_34_page_0.jpeg,34,0,1,2,6,0,6x2
img_35_page_0.jpeg,LPAE_07596_hr,augmentation_JPEG_compression_45_percent/img_35_page_0.jpeg,35,0,1,2,6,0,6x2
img_36_page_0.jpeg,LPAE_10555_hr,augmentation_JPEG_compression_45_percent/img_36_page_0.jpeg,36,0,1,4,3,0,3x4
img_37_page_0.jpeg,LPAE_21468_hr,augmentation_JPEG_compression_45_percent/img_37_page_0.jpeg,37,0,1,4,3,1,3x4+1R
img_38_page_0.jpeg,LPAE_08885_hr,augmentation_JPEG_compression_45_percent/img_38_page_0.jpeg,38,0,1,4,3,3,3x4+3R
img_39_page_0.jpeg,LPAE_09331_hr,augmentation_JPEG_compression_45_percent/img_39_page_0.jpeg,39,0,1,2,6,0,6x2
img_40_page_0.jpeg,LPAE_09275_hr,augmentation_JPEG_compression_45_percent/img_40_page_0.jpeg,40,0,1,4,3,1,3x4+1R
img_41_page_0.jpeg,LPAE_20243_hr,augmentation_JPEG_compression_45_percent/img_41_page_0.jpeg,41,0,1,2,6,0,6x2
img_42_page_0.jpeg,LPAE_09545_hr,augmentation_JPEG_compression_45_percent/img_42_page_0.jpeg,42,0,1,4,3,1,3x4+1R
img_43_page_0.jpeg,LPAE_09754_hr,augmentation_JPEG_compression_45_percent/img_43_page_0.jpeg,43,0,1,4,3,1,3x4+1R
img_44_page_0.jpeg,LPAE_17637_hr,augmentation_JPEG_compression_45_percent/img_44_page_0.jpeg,44,0,1,4,3,0,3x4
img_45_page_0.jpeg,LPAE_17118_hr,augmentation_JPEG_compression_45_percent/img_45_page_0.jpeg,45,0,1,2,6,0,6x2
img_46_page_0.jpeg,LPAE_10306_hr,augmentation_JPEG_compression_45_percent/img_46_page_0.jpeg,46,0,1,4,3,1,3x4+1R
img_47_page_0.jpeg,LPAE_10266_hr,augmentation_JPEG_compression_45_percent/img_47_page_0.jpeg,47,0,1,4,3,3,3x4+3R
img_48_page_0.jpeg,LPAE_08007_hr,augmentation_JPEG_compression_45_percent/img_48_page_0.jpeg,48,0,1,2,6,0,6x2
img_49_page_0.jpeg,LPAE_08962_hr,augmentation_JPEG_compression_45_percent/img_49_page_0.jpeg,49,0,1,2,6,0,6x2
img_50_page_0.jpeg,LPAE_16895_hr,augmentation_JPEG_compression_45_percent/img_50_page_0.jpeg,50,0,1,4,3,0,3x4
img_51_page_0.jpeg,LPAE_05359_hr,augmentation_JPEG_compression_45_percent/img_51_page_0.jpeg,51,0,1,4,3,0,3x4
img_52_page_0.jpeg,LPAE_10554_hr,augmentation_JPEG_compression_45_percent/img_52_page_0.jpeg,52,0,1,2,6,1,6x2+1R
img_53_page_0.jpeg,LPAE_10598_hr,augmentation_JPEG_compression_45_percent/img_53_page_0.jpeg,53,0,1,2,6,0,6x2
img_54_page_0.jpeg,LPAE_17269_hr,augmentation_JPEG_compression_45_percent/img_54_page_0.jpeg,54,0,2,2,3,0,3x4
img_54_page_1.jpeg,LPAE_17269_hr,augmentation_JPEG_compression_45_percent/img_54_page_1.jpeg,54,1,2,2,3,0,3x4
img_55_page_0.jpeg,LPAE_10518_hr,augmentation_JPEG_compression_45_percent/img_55_page_0.jpeg,55,0,1,2,6,0,6x2
img_56_page_0.jpeg,LPAE_10564_hr,augmentation_JPEG_compression_45_percent/img_56_page_0.jpeg,56,0,1,2,6,0,6x2
img_57_page_0.jpeg,LPAE_06282_hr,augmentation_JPEG_compression_45_percent/img_57_page_0.jpeg,57,0,1,1,12,0,12x1
img_58_page_0.jpeg,LPAE_10943_hr,augmentation_JPEG_compression_45_percent/img_58_page_0.jpeg,58,0,1,4,3,0,3x4
img_59_page_0.jpeg,LPAE_18073_hr,augmentation_JPEG_compression_45_percent/img_59_page_0.jpeg,59,0,1,2,6,0,6x2
img_60_page_0.jpeg,LPAE_11397_hr,augmentation_JPEG_compression_45_percent/img_60_page_0.jpeg,60,0,1,2,6,0,6x2
img_61_page_0.jpeg,LPAE_05944_hr,augmentation_JPEG_compression_45_percent/img_61_page_0.jpeg,61,0,1,2,6,1,6x2+1R
img_62_page_0.jpeg,LPAE_04733_hr,augmentation_JPEG_compression_45_percent/img_62_page_0.jpeg,62,0,1,4,3,1,3x4+1R
img_63_page_0.jpeg,LPAE_10986_hr,augmentation_JPEG_compression_45_percent/img_63_page_0.jpeg,63,0,1,4,3,0,3x4
img_64_page_0.jpeg,LPAE_18227_hr,augmentation_JPEG_compression_45_percent/img_64_page_0.jpeg,64,0,1,2,6,0,6x2
img_65_page_0.jpeg,LPAE_18552_hr,augmentation_JPEG_compression_45_percent/img_65_page_0.jpeg,65,0,1,2,6,0,6x2
img_66_page_0.jpeg,LPAE_11498_hr,augmentation_JPEG_compression_45_percent/img_66_page_0.jpeg,66,0,1,4,3,1,3x4+1R
img_67_page_0.jpeg,LPAE_01805_hr,augmentation_JPEG_compression_45_percent/img_67_page_0.jpeg,67,0,1,4,3,0,3x4
img_68_page_0.jpeg,LPAE_18945_hr,augmentation_JPEG_compression_45_percent/img_68_page_0.jpeg,68,0,1,4,3,1,3x4+1R
img_69_page_0.jpeg,LPAE_12186_hr,augmentation_JPEG_compression_45_percent/img_69_page_0.jpeg,69,0,1,4,3,0,3x4
img_70_page_0.jpeg,LPAE_04794_hr,augmentation_JPEG_compression_45_percent/img_70_page_0.jpeg,70,0,1,1,12,0,12x1
img_71_page_0.jpeg,LPAE_12190_hr,augmentation_JPEG_compression_45_percent/img_71_page_0.jpeg,71,0,1,4,3,1,3x4+1R
img_72_page_0.jpeg,LPAE_12432_hr,augmentation_JPEG_compression_45_percent/img_72_page_0.jpeg,72,0,1,4,3,1,3x4+1R
img_73_page_0.jpeg,LPAE_19036_hr,augmentation_JPEG_compression_45_percent/img_73_page_0.jpeg,73,0,1,2,6,0,6x2
img_74_page_0.jpeg,LPAE_12629_hr,augmentation_JPEG_compression_45_percent/img_74_page_0.jpeg,74,0,1,4,3,1,3x4+1R
img_75_page_0.jpeg,LPAE_02444_hr,augmentation_JPEG_compression_45_percent/img_75_page_0.jpeg,75,0,2,1,6,0,6x2
img_75_page_1.jpeg,LPAE_02444_hr,augmentation_JPEG_compression_45_percent/img_75_page_1.jpeg,75,1,2,1,6,0,6x2
img_76_page_0.jpeg,LPAE_17345_hr,augmentation_JPEG_compression_45_percent/img_76_page_0.jpeg,76,0,1,2,6,0,6x2
img_77_page_0.jpeg,LPAE_06303_hr,augmentation_JPEG_compression_45_percent/img_77_page_0.jpeg,77,0,1,4,3,0,3x4
img_78_page_0.jpeg,LPAE_13851_hr,augmentation_JPEG_compression_45_percent/img_78_page_0.jpeg,78,0,1,2,6,0,6x2
img_79_page_0.jpeg,LPAE_13962_hr,augmentation_JPEG_compression_45_percent/img_79_page_0.jpeg,79,0,1,2,6,0,6x2
img_80_page_0.jpeg,LPAE_19394_hr,augmentation_JPEG_compression_45_percent/img_80_page_0.jpeg,80,0,1,4,3,1,3x4+1R
img_81_page_0.jpeg,LPAE_00232_hr,augmentation_JPEG_compression_45_percent/img_81_page_0.jpeg,81,0,1,4,3,1,3x4+1R
img_82_page_0.jpeg,LPAE_19269_hr,augmentation_JPEG_compression_45_percent/img_82_page_0.jpeg,82,0,1,4,3,1,3x4+1R
img_83_page_0.jpeg,LPAE_20117_hr,augmentation_JPEG_compression_45_percent/img_83_page_0.jpeg,83,0,1,4,3,3,3x4+3R
img_84_page_0.jpeg,LPAE_19164_hr,augmentation_JPEG_compression_45_percent/img_84_page_0.jpeg,84,0,1,4,3,1,3x4+1R
img_85_page_0.jpeg,LPAE_19686_hr,augmentation_JPEG_compression_45_percent/img_85_page_0.jpeg,85,0,1,4,3,1,3x4+1R
img_86_page_0.jpeg,LPAE_19968_hr,augmentation_JPEG_compression_45_percent/img_86_page_0.jpeg,86,0,1,2,6,0,6x2
img_87_page_0.jpeg,LPAE_19288_hr,augmentation_JPEG_compression_45_percent/img_87_page_0.jpeg,87,0,1,2,6,0,6x2
img_88_page_0.jpeg,LPAE_14304_hr,augmentation_JPEG_compression_45_percent/img_88_page_0.jpeg,88,0,4,1,3,0,3x4
img_88_page_1.jpeg,LPAE_14304_hr,augmentation_JPEG_compression_45_percent/img_88_page_1.jpeg,88,1,4,1,3,0,3x4
img_88_page_2.jpeg,LPAE_14304_hr,augmentation_JPEG_compression_45_percent/img_88_page_2.jpeg,88,2,4,1,3,0,3x4
img_88_page_3.jpeg,LPAE_14304_hr,augmentation_JPEG_compression_45_percent/img_88_page_3.jpeg,88,3,4,1,3,0,3x4
img_89_page_0.jpeg,LPAE_19309_hr,augmentation_JPEG_compression_45_percent/img_89_page_0.jpeg,89,0,2,2,3,0,3x4
img_89_page_1.jpeg,LPAE_19309_hr,augmentation_JPEG_compression_45_percent/img_89_page_1.jpeg,89,1,2,2,3,0,3x4
img_90_page_0.jpeg,LPAE_14641_hr,augmentation_JPEG_compression_45_percent/img_90_page_0.jpeg,90,0,1,2,6,0,6x2
img_91_page_0.jpeg,LPAE_15477_hr,augmentation_JPEG_compression_45_percent/img_91_page_0.jpeg,91,0,1,4,3,1,3x4+1R
img_92_page_0.jpeg,LPAE_14680_hr,augmentation_JPEG_compression_45_percent/img_92_page_0.jpeg,92,0,1,4,3,1,3x4+1R
img_93_page_0.jpeg,LPAE_15368_hr,augmentation_JPEG_compression_45_percent/img_93_page_0.jpeg,93,0,1,2,6,1,6x2+1R
img_94_page_0.jpeg,LPAE_19138_hr,augmentation_JPEG_compression_45_percent/img_94_page_0.jpeg,94,0,1,1,12,0,12x1
img_95_page_0.jpeg,LPAE_15529_hr,augmentation_JPEG_compression_45_percent/img_95_page_0.jpeg,95,0,1,2,6,0,6x2
img_96_page_0.jpeg,LPAE_15607_hr,augmentation_JPEG_compression_45_percent/img_96_page_0.jpeg,96,0,4,1,3,0,3x4
img_96_page_1.jpeg,LPAE_15607_hr,augmentation_JPEG_compression_45_percent/img_96_page_1.jpeg,96,1,4,1,3,0,3x4
img_96_page_2.jpeg,LPAE_15607_hr,augmentation_JPEG_compression_45_percent/img_96_page_2.jpeg,96,2,4,1,3,0,3x4
img_96_page_3.jpeg,LPAE_15607_hr,augmentation_JPEG_compression_45_percent/img_96_page_3.jpeg,96,3,4,1,3,0,3x4
img_97_page_0.jpeg,LPAE_19202_hr,augmentation_JPEG_compression_45_percent/img_97_page_0.jpeg,97,0,1,1,12,0,12x1
img_98_page_0.jpeg,LPAE_16212_hr,augmentation_JPEG_compression_45_percent/img_98_page_0.jpeg,98,0,1,4,3,3,3x4+3R
img_99_page_0.jpeg,LPAE_19326_hr,augmentation_JPEG_compression_45_percent/img_99_page_0.jpeg,99,0,1,2,6,0,6x2
img_100_page_0.jpeg,LPAE_20139_hr,augmentation_JPEG_compression_45_percent/img_100_page_0.jpeg,100,0,1,4,3,3,3x4+3R
img_1_page_0.jpeg,LPAE_11666_hr,augmentation_JPEG_compression_5_percent/img_1_page_0.jpeg,1,0,2,1,6,0,6x2
img_1_page_1.jpeg,LPAE_11666_hr,augmentation_JPEG_compression_5_percent/img_1_page_1.jpeg,1,1,2,1,6,0,6x2
img_2_page_0.jpeg,LPAE_11209_hr,augmentation_JPEG_compression_5_percent/img_2_page_0.jpeg,2,0,1,1,12,0,12x1
img_3_page_0.jpeg,LPAE_14009_hr,augmentation_JPEG_compression_5_percent/img_3_page_0.jpeg,3,0,1,1,12,0,12x1
img_4_page_0.jpeg,LPAE_20999_hr,augmentation_JPEG_compression_5_percent/img_4_page_0.jpeg,4,0,1,4,3,1,3x4+1R
img_5_page_0.jpeg,LPAE_21515_hr,augmentation_JPEG_compression_5_percent/img_5_page_0.jpeg,5,0,1,2,6,0,6x2
img_6_page_0.jpeg,LPAE_02926_hr,augmentation_JPEG_compression_5_percent/img_6_page_0.jpeg,6,0,1,1,12,0,12x1
img_7_page_0.jpeg,LPAE_21541_hr,augmentation_JPEG_compression_5_percent/img_7_page_0.jpeg,7,0,1,2,6,0,6x2
img_8_page_0.jpeg,LPAE_05432_hr,augmentation_JPEG_compression_5_percent/img_8_page_0.jpeg,8,0,1,4,3,3,3x4+3R
img_9_page_0.jpeg,LPAE_20159_hr,augmentation_JPEG_compression_5_percent/img_9_page_0.jpeg,9,0,1,2,6,0,6x2
img_10_page_0.jpeg,LPAE_04827_hr,augmentation_JPEG_compression_5_percent/img_10_page_0.jpeg,10,0,1,4,3,1,3x4+1R
img_11_page_0.jpeg,LPAE_06229_hr,augmentation_JPEG_compression_5_percent/img_11_page_0.jpeg,11,0,1,2,6,0,6x2
img_12_page_0.jpeg,LPAE_10505_hr,augmentation_JPEG_compression_5_percent/img_12_page_0.jpeg,12,0,1,4,3,3,3x4+3R
img_13_page_0.jpeg,LPAE_10300_hr,augmentation_JPEG_compression_5_percent/img_13_page_0.jpeg,13,0,1,2,6,0,6x2
img_14_page_0.jpeg,LPAE_17226_hr,augmentation_JPEG_compression_5_percent/img_14_page_0.jpeg,14,0,1,4,3,1,3x4+1R
img_15_page_0.jpeg,LPAE_05742_hr,augmentation_JPEG_compression_5_percent/img_15_page_0.jpeg,15,0,1,4,3,1,3x4+1R
img_16_page_0.jpeg,LPAE_19550_hr,augmentation_JPEG_compression_5_percent/img_16_page_0.jpeg,16,0,1,4,3,1,3x4+1R
img_17_page_0.jpeg,LPAE_06918_hr,augmentation_JPEG_compression_5_percent/img_17_page_0.jpeg,17,0,1,4,3,1,3x4+1R
img_18_page_0.jpeg,LPAE_12879_hr,augmentation_JPEG_compression_5_percent/img_18_page_0.jpeg,18,0,1,1,12,0,12x1
img_19_page_0.jpeg,LPAE_20790_hr,augmentation_JPEG_compression_5_percent/img_19_page_0.jpeg,19,0,1,2,6,1,6x2+1R
img_20_page_0.jpeg,LPAE_20947_hr,augmentation_JPEG_compression_5_percent/img_20_page_0.jpeg,20,0,1,4,3,0,3x4
img_21_page_0.jpeg,LPAE_20515_hr,augmentation_JPEG_compression_5_percent/img_21_page_0.jpeg,21,0,1,2,6,0,6x2
img_22_page_0.jpeg,LPAE_06846_hr,augmentation_JPEG_compression_5_percent/img_22_page_0.jpeg,22,0,1,4,3,1,3x4+1R
img_23_page_0.jpeg,LPAE_04957_hr,augmentation_JPEG_compression_5_percent/img_23_page_0.jpeg,23,0,1,2,6,0,6x2
img_24_page_0.jpeg,LPAE_14819_hr,augmentation_JPEG_compression_5_percent/img_24_page_0.jpeg,24,0,1,4,3,0,3x4
img_25_page_0.jpeg,LPAE_05441_hr,augmentation_JPEG_compression_5_percent/img_25_page_0.jpeg,25,0,1,1,12,0,12x1
img_26_page_0.jpeg,LPAE_20971_hr,augmentation_JPEG_compression_5_percent/img_26_page_0.jpeg,26,0,1,4,3,1,3x4+1R
img_27_page_0.jpeg,LPAE_20680_hr,augmentation_JPEG_compression_5_percent/img_27_page_0.jpeg,27,0,1,4,3,0,3x4
img_28_page_0.jpeg,LPAE_07250_hr,augmentation_JPEG_compression_5_percent/img_28_page_0.jpeg,28,0,1,4,3,1,3x4+1R
img_29_page_0.jpeg,LPAE_20748_hr,augmentation_JPEG_compression_5_percent/img_29_page_0.jpeg,29,0,1,4,3,1,3x4+1R
img_30_page_0.jpeg,LPAE_06938_hr,augmentation_JPEG_compression_5_percent/img_30_page_0.jpeg,30,0,1,2,6,1,6x2+1R
img_31_page_0.jpeg,LPAE_20367_hr,augmentation_JPEG_compression_5_percent/img_31_page_0.jpeg,31,0,1,4,3,1,3x4+1R
img_32_page_0.jpeg,LPAE_07285_hr,augmentation_JPEG_compression_5_percent/img_32_page_0.jpeg,32,0,1,4,3,0,3x4
img_33_page_0.jpeg,LPAE_07299_hr,augmentation_JPEG_compression_5_percent/img_33_page_0.jpeg,33,0,1,2,6,0,6x2
img_34_page_0.jpeg,LPAE_21629_hr,augmentation_JPEG_compression_5_percent/img_34_page_0.jpeg,34,0,1,2,6,0,6x2
img_35_page_0.jpeg,LPAE_07596_hr,augmentation_JPEG_compression_5_percent/img_35_page_0.jpeg,35,0,1,2,6,0,6x2
img_36_page_0.jpeg,LPAE_10555_hr,augmentation_JPEG_compression_5_percent/img_36_page_0.jpeg,36,0,1,4,3,0,3x4
img_37_page_0.jpeg,LPAE_21468_hr,augmentation_JPEG_compression_5_percent/img_37_page_0.jpeg,37,0,1,4,3,1,3x4+1R
img_38_page_0.jpeg,LPAE_08885_hr,augmentation_JPEG_compression_5_percent/img_38_page_0.jpeg,38,0,1,4,3,3,3x4+3R
img_39_page_0.jpeg,LPAE_09331_hr,augmentation_JPEG_compression_5_percent/img_39_page_0.jpeg,39,0,1,2,6,0,6x2
img_40_page_0.jpeg,LPAE_09275_hr,augmentation_JPEG_compression_5_percent/img_40_page_0.jpeg,40,0,1,4,3,1,3x4+1R
img_41_page_0.jpeg,LPAE_20243_hr,augmentation_JPEG_compression_5_percent/img_41_page_0.jpeg,41,0,1,2,6,0,6x2
img_42_page_0.jpeg,LPAE_09545_hr,augmentation_JPEG_compression_5_percent/img_42_page_0.jpeg,42,0,1,4,3,1,3x4+1R
img_43_page_0.jpeg,LPAE_09754_hr,augmentation_JPEG_compression_5_percent/img_43_page_0.jpeg,43,0,1,4,3,1,3x4+1R
img_44_page_0.jpeg,LPAE_17637_hr,augmentation_JPEG_compression_5_percent/img_44_page_0.jpeg,44,0,1,4,3,0,3x4
img_45_page_0.jpeg,LPAE_17118_hr,augmentation_JPEG_compression_5_percent/img_45_page_0.jpeg,45,0,1,2,6,0,6x2
img_46_page_0.jpeg,LPAE_10306_hr,augmentation_JPEG_compression_5_percent/img_46_page_0.jpeg,46,0,1,4,3,1,3x4+1R
img_47_page_0.jpeg,LPAE_10266_hr,augmentation_JPEG_compression_5_percent/img_47_page_0.jpeg,47,0,1,4,3,3,3x4+3R
img_48_page_0.jpeg,LPAE_08007_hr,augmentation_JPEG_compression_5_percent/img_48_page_0.jpeg,48,0,1,2,6,0,6x2
img_49_page_0.jpeg,LPAE_08962_hr,augmentation_JPEG_compression_5_percent/img_49_page_0.jpeg,49,0,1,2,6,0,6x2
img_50_page_0.jpeg,LPAE_16895_hr,augmentation_JPEG_compression_5_percent/img_50_page_0.jpeg,50,0,1,4,3,0,3x4
img_51_page_0.jpeg,LPAE_05359_hr,augmentation_JPEG_compression_5_percent/img_51_page_0.jpeg,51,0,1,4,3,0,3x4
img_52_page_0.jpeg,LPAE_10554_hr,augmentation_JPEG_compression_5_percent/img_52_page_0.jpeg,52,0,1,2,6,1,6x2+1R
img_53_page_0.jpeg,LPAE_10598_hr,augmentation_JPEG_compression_5_percent/img_53_page_0.jpeg,53,0,1,2,6,0,6x2
img_54_page_0.jpeg,LPAE_17269_hr,augmentation_JPEG_compression_5_percent/img_54_page_0.jpeg,54,0,2,2,3,0,3x4
img_54_page_1.jpeg,LPAE_17269_hr,augmentation_JPEG_compression_5_percent/img_54_page_1.jpeg,54,1,2,2,3,0,3x4
img_55_page_0.jpeg,LPAE_10518_hr,augmentation_JPEG_compression_5_percent/img_55_page_0.jpeg,55,0,1,2,6,0,6x2
img_56_page_0.jpeg,LPAE_10564_hr,augmentation_JPEG_compression_5_percent/img_56_page_0.jpeg,56,0,1,2,6,0,6x2
img_57_page_0.jpeg,LPAE_06282_hr,augmentation_JPEG_compression_5_percent/img_57_page_0.jpeg,57,0,1,1,12,0,12x1
img_58_page_0.jpeg,LPAE_10943_hr,augmentation_JPEG_compression_5_percent/img_58_page_0.jpeg,58,0,1,4,3,0,3x4
img_59_page_0.jpeg,LPAE_18073_hr,augmentation_JPEG_compression_5_percent/img_59_page_0.jpeg,59,0,1,2,6,0,6x2
img_60_page_0.jpeg,LPAE_11397_hr,augmentation_JPEG_compression_5_percent/img_60_page_0.jpeg,60,0,1,2,6,0,6x2
img_61_page_0.jpeg,LPAE_05944_hr,augmentation_JPEG_compression_5_percent/img_61_page_0.jpeg,61,0,1,2,6,1,6x2+1R
img_62_page_0.jpeg,LPAE_04733_hr,augmentation_JPEG_compression_5_percent/img_62_page_0.jpeg,62,0,1,4,3,1,3x4+1R
img_63_page_0.jpeg,LPAE_10986_hr,augmentation_JPEG_compression_5_percent/img_63_page_0.jpeg,63,0,1,4,3,0,3x4
img_64_page_0.jpeg,LPAE_18227_hr,augmentation_JPEG_compression_5_percent/img_64_page_0.jpeg,64,0,1,2,6,0,6x2
img_65_page_0.jpeg,LPAE_18552_hr,augmentation_JPEG_compression_5_percent/img_65_page_0.jpeg,65,0,1,2,6,0,6x2
img_66_page_0.jpeg,LPAE_11498_hr,augmentation_JPEG_compression_5_percent/img_66_page_0.jpeg,66,0,1,4,3,1,3x4+1R
img_67_page_0.jpeg,LPAE_01805_hr,augmentation_JPEG_compression_5_percent/img_67_page_0.jpeg,67,0,1,4,3,0,3x4
img_68_page_0.jpeg,LPAE_18945_hr,augmentation_JPEG_compression_5_percent/img_68_page_0.jpeg,68,0,1,4,3,1,3x4+1R
img_69_page_0.jpeg,LPAE_12186_hr,augmentation_JPEG_compression_5_percent/img_69_page_0.jpeg,69,0,1,4,3,0,3x4
img_70_page_0.jpeg,LPAE_04794_hr,augmentation_JPEG_compression_5_percent/img_70_page_0.jpeg,70,0,1,1,12,0,12x1
img_71_page_0.jpeg,LPAE_12190_hr,augmentation_JPEG_compression_5_percent/img_71_page_0.jpeg,71,0,1,4,3,1,3x4+1R
img_72_page_0.jpeg,LPAE_12432_hr,augmentation_JPEG_compression_5_percent/img_72_page_0.jpeg,72,0,1,4,3,1,3x4+1R
img_73_page_0.jpeg,LPAE_19036_hr,augmentation_JPEG_compression_5_percent/img_73_page_0.jpeg,73,0,1,2,6,0,6x2
img_74_page_0.jpeg,LPAE_12629_hr,augmentation_JPEG_compression_5_percent/img_74_page_0.jpeg,74,0,1,4,3,1,3x4+1R
img_75_page_0.jpeg,LPAE_02444_hr,augmentation_JPEG_compression_5_percent/img_75_page_0.jpeg,75,0,2,1,6,0,6x2
img_75_page_1.jpeg,LPAE_02444_hr,augmentation_JPEG_compression_5_percent/img_75_page_1.jpeg,75,1,2,1,6,0,6x2
img_76_page_0.jpeg,LPAE_17345_hr,augmentation_JPEG_compression_5_percent/img_76_page_0.jpeg,76,0,1,2,6,0,6x2
img_77_page_0.jpeg,LPAE_06303_hr,augmentation_JPEG_compression_5_percent/img_77_page_0.jpeg,77,0,1,4,3,0,3x4
img_78_page_0.jpeg,LPAE_13851_hr,augmentation_JPEG_compression_5_percent/img_78_page_0.jpeg,78,0,1,2,6,0,6x2
img_79_page_0.jpeg,LPAE_13962_hr,augmentation_JPEG_compression_5_percent/img_79_page_0.jpeg,79,0,1,2,6,0,6x2
img_80_page_0.jpeg,LPAE_19394_hr,augmentation_JPEG_compression_5_percent/img_80_page_0.jpeg,80,0,1,4,3,1,3x4+1R
img_81_page_0.jpeg,LPAE_00232_hr,augmentation_JPEG_compression_5_percent/img_81_page_0.jpeg,81,0,1,4,3,1,3x4+1R
img_82_page_0.jpeg,LPAE_19269_hr,augmentation_JPEG_compression_5_percent/img_82_page_0.jpeg,82,0,1,4,3,1,3x4+1R
img_83_page_0.jpeg,LPAE_20117_hr,augmentation_JPEG_compression_5_percent/img_83_page_0.jpeg,83,0,1,4,3,3,3x4+3R
img_84_page_0.jpeg,LPAE_19164_hr,augmentation_JPEG_compression_5_percent/img_84_page_0.jpeg,84,0,1,4,3,1,3x4+1R
img_85_page_0.jpeg,LPAE_19686_hr,augmentation_JPEG_compression_5_percent/img_85_page_0.jpeg,85,0,1,4,3,1,3x4+1R
img_86_page_0.jpeg,LPAE_19968_hr,augmentation_JPEG_compression_5_percent/img_86_page_0.jpeg,86,0,1,2,6,0,6x2
img_87_page_0.jpeg,LPAE_19288_hr,augmentation_JPEG_compression_5_percent/img_87_page_0.jpeg,87,0,1,2,6,0,6x2
img_88_page_0.jpeg,LPAE_14304_hr,augmentation_JPEG_compression_5_percent/img_88_page_0.jpeg,88,0,4,1,3,0,3x4
img_88_page_1.jpeg,LPAE_14304_hr,augmentation_JPEG_compression_5_percent/img_88_page_1.jpeg,88,1,4,1,3,0,3x4
img_88_page_2.jpeg,LPAE_14304_hr,augmentation_JPEG_compression_5_percent/img_88_page_2.jpeg,88,2,4,1,3,0,3x4
img_88_page_3.jpeg,LPAE_14304_hr,augmentation_JPEG_compression_5_percent/img_88_page_3.jpeg,88,3,4,1,3,0,3x4
img_89_page_0.jpeg,LPAE_19309_hr,augmentation_JPEG_compression_5_percent/img_89_page_0.jpeg,89,0,2,2,3,0,3x4
img_89_page_1.jpeg,LPAE_19309_hr,augmentation_JPEG_compression_5_percent/img_89_page_1.jpeg,89,1,2,2,3,0,3x4
img_90_page_0.jpeg,LPAE_14641_hr,augmentation_JPEG_compression_5_percent/img_90_page_0.jpeg,90,0,1,2,6,0,6x2
img_91_page_0.jpeg,LPAE_15477_hr,augmentation_JPEG_compression_5_percent/img_91_page_0.jpeg,91,0,1,4,3,1,3x4+1R
img_92_page_0.jpeg,LPAE_14680_hr,augmentation_JPEG_compression_5_percent/img_92_page_0.jpeg,92,0,1,4,3,1,3x4+1R
img_93_page_0.jpeg,LPAE_15368_hr,augmentation_JPEG_compression_5_percent/img_93_page_0.jpeg,93,0,1,2,6,1,6x2+1R
img_94_page_0.jpeg,LPAE_19138_hr,augmentation_JPEG_compression_5_percent/img_94_page_0.jpeg,94,0,1,1,12,0,12x1
img_95_page_0.jpeg,LPAE_15529_hr,augmentation_JPEG_compression_5_percent/img_95_page_0.jpeg,95,0,1,2,6,0,6x2
img_96_page_0.jpeg,LPAE_15607_hr,augmentation_JPEG_compression_5_percent/img_96_page_0.jpeg,96,0,4,1,3,0,3x4
img_96_page_1.jpeg,LPAE_15607_hr,augmentation_JPEG_compression_5_percent/img_96_page_1.jpeg,96,1,4,1,3,0,3x4
img_96_page_2.jpeg,LPAE_15607_hr,augmentation_JPEG_compression_5_percent/img_96_page_2.jpeg,96,2,4,1,3,0,3x4
img_96_page_3.jpeg,LPAE_15607_hr,augmentation_JPEG_compression_5_percent/img_96_page_3.jpeg,96,3,4,1,3,0,3x4
img_97_page_0.jpeg,LPAE_19202_hr,augmentation_JPEG_compression_5_percent/img_97_page_0.jpeg,97,0,1,1,12,0,12x1
img_98_page_0.jpeg,LPAE_16212_hr,augmentation_JPEG_compression_5_percent/img_98_page_0.jpeg,98,0,1,4,3,3,3x4+3R
img_99_page_0.jpeg,LPAE_19326_hr,augmentation_JPEG_compression_5_percent/img_99_page_0.jpeg,99,0,1,2,6,0,6x2
img_100_page_0.jpeg,LPAE_20139_hr,augmentation_JPEG_compression_5_percent/img_100_page_0.jpeg,100,0,1,4,3,3,3x4+3R
img_1_page_0.jpeg,LPAE_11666_hr,augmentation_JPEG_compression_90_percent/img_1_page_0.jpeg,1,0,2,1,6,0,6x2
img_1_page_1.jpeg,LPAE_11666_hr,augmentation_JPEG_compression_90_percent/img_1_page_1.jpeg,1,1,2,1,6,0,6x2
img_2_page_0.jpeg,LPAE_11209_hr,augmentation_JPEG_compression_90_percent/img_2_page_0.jpeg,2,0,1,1,12,0,12x1
img_3_page_0.jpeg,LPAE_14009_hr,augmentation_JPEG_compression_90_percent/img_3_page_0.jpeg,3,0,1,1,12,0,12x1
img_4_page_0.jpeg,LPAE_20999_hr,augmentation_JPEG_compression_90_percent/img_4_page_0.jpeg,4,0,1,4,3,1,3x4+1R
img_5_page_0.jpeg,LPAE_21515_hr,augmentation_JPEG_compression_90_percent/img_5_page_0.jpeg,5,0,1,2,6,0,6x2
img_6_page_0.jpeg,LPAE_02926_hr,augmentation_JPEG_compression_90_percent/img_6_page_0.jpeg,6,0,1,1,12,0,12x1
img_7_page_0.jpeg,LPAE_21541_hr,augmentation_JPEG_compression_90_percent/img_7_page_0.jpeg,7,0,1,2,6,0,6x2
img_8_page_0.jpeg,LPAE_05432_hr,augmentation_JPEG_compression_90_percent/img_8_page_0.jpeg,8,0,1,4,3,3,3x4+3R
img_9_page_0.jpeg,LPAE_20159_hr,augmentation_JPEG_compression_90_percent/img_9_page_0.jpeg,9,0,1,2,6,0,6x2
img_10_page_0.jpeg,LPAE_04827_hr,augmentation_JPEG_compression_90_percent/img_10_page_0.jpeg,10,0,1,4,3,1,3x4+1R
img_11_page_0.jpeg,LPAE_06229_hr,augmentation_JPEG_compression_90_percent/img_11_page_0.jpeg,11,0,1,2,6,0,6x2
img_12_page_0.jpeg,LPAE_10505_hr,augmentation_JPEG_compression_90_percent/img_12_page_0.jpeg,12,0,1,4,3,3,3x4+3R
img_13_page_0.jpeg,LPAE_10300_hr,augmentation_JPEG_compression_90_percent/img_13_page_0.jpeg,13,0,1,2,6,0,6x2
img_14_page_0.jpeg,LPAE_17226_hr,augmentation_JPEG_compression_90_percent/img_14_page_0.jpeg,14,0,1,4,3,1,3x4+1R
img_15_page_0.jpeg,LPAE_05742_hr,augmentation_JPEG_compression_90_percent/img_15_page_0.jpeg,15,0,1,4,3,1,3x4+1R
img_16_page_0.jpeg,LPAE_19550_hr,augmentation_JPEG_compression_90_percent/img_16_page_0.jpeg,16,0,1,4,3,1,3x4+1R
img_17_page_0.jpeg,LPAE_06918_hr,augmentation_JPEG_compression_90_percent/img_17_page_0.jpeg,17,0,1,4,3,1,3x4+1R
img_18_page_0.jpeg,LPAE_12879_hr,augmentation_JPEG_compression_90_percent/img_18_page_0.jpeg,18,0,1,1,12,0,12x1
img_19_page_0.jpeg,LPAE_20790_hr,augmentation_JPEG_compression_90_percent/img_19_page_0.jpeg,19,0,1,2,6,1,6x2+1R
img_20_page_0.jpeg,LPAE_20947_hr,augmentation_JPEG_compression_90_percent/img_20_page_0.jpeg,20,0,1,4,3,0,3x4
img_21_page_0.jpeg,LPAE_20515_hr,augmentation_JPEG_compression_90_percent/img_21_page_0.jpeg,21,0,1,2,6,0,6x2
img_22_page_0.jpeg,LPAE_06846_hr,augmentation_JPEG_compression_90_percent/img_22_page_0.jpeg,22,0,1,4,3,1,3x4+1R
img_23_page_0.jpeg,LPAE_04957_hr,augmentation_JPEG_compression_90_percent/img_23_page_0.jpeg,23,0,1,2,6,0,6x2
img_24_page_0.jpeg,LPAE_14819_hr,augmentation_JPEG_compression_90_percent/img_24_page_0.jpeg,24,0,1,4,3,0,3x4
img_25_page_0.jpeg,LPAE_05441_hr,augmentation_JPEG_compression_90_percent/img_25_page_0.jpeg,25,0,1,1,12,0,12x1
img_26_page_0.jpeg,LPAE_20971_hr,augmentation_JPEG_compression_90_percent/img_26_page_0.jpeg,26,0,1,4,3,1,3x4+1R
img_27_page_0.jpeg,LPAE_20680_hr,augmentation_JPEG_compression_90_percent/img_27_page_0.jpeg,27,0,1,4,3,0,3x4
img_28_page_0.jpeg,LPAE_07250_hr,augmentation_JPEG_compression_90_percent/img_28_page_0.jpeg,28,0,1,4,3,1,3x4+1R
img_29_page_0.jpeg,LPAE_20748_hr,augmentation_JPEG_compression_90_percent/img_29_page_0.jpeg,29,0,1,4,3,1,3x4+1R
img_30_page_0.jpeg,LPAE_06938_hr,augmentation_JPEG_compression_90_percent/img_30_page_0.jpeg,30,0,1,2,6,1,6x2+1R
img_31_page_0.jpeg,LPAE_20367_hr,augmentation_JPEG_compression_90_percent/img_31_page_0.jpeg,31,0,1,4,3,1,3x4+1R
img_32_page_0.jpeg,LPAE_07285_hr,augmentation_JPEG_compression_90_percent/img_32_page_0.jpeg,32,0,1,4,3,0,3x4
img_33_page_0.jpeg,LPAE_07299_hr,augmentation_JPEG_compression_90_percent/img_33_page_0.jpeg,33,0,1,2,6,0,6x2
img_34_page_0.jpeg,LPAE_21629_hr,augmentation_JPEG_compression_90_percent/img_34_page_0.jpeg,34,0,1,2,6,0,6x2
img_35_page_0.jpeg,LPAE_07596_hr,augmentation_JPEG_compression_90_percent/img_35_page_0.jpeg,35,0,1,2,6,0,6x2
img_36_page_0.jpeg,LPAE_10555_hr,augmentation_JPEG_compression_90_percent/img_36_page_0.jpeg,36,0,1,4,3,0,3x4
img_37_page_0.jpeg,LPAE_21468_hr,augmentation_JPEG_compression_90_percent/img_37_page_0.jpeg,37,0,1,4,3,1,3x4+1R
img_38_page_0.jpeg,LPAE_08885_hr,augmentation_JPEG_compression_90_percent/img_38_page_0.jpeg,38,0,1,4,3,3,3x4+3R
img_39_page_0.jpeg,LPAE_09331_hr,augmentation_JPEG_compression_90_percent/img_39_page_0.jpeg,39,0,1,2,6,0,6x2
img_40_page_0.jpeg,LPAE_09275_hr,augmentation_JPEG_compression_90_percent/img_40_page_0.jpeg,40,0,1,4,3,1,3x4+1R
img_41_page_0.jpeg,LPAE_20243_hr,augmentation_JPEG_compression_90_percent/img_41_page_0.jpeg,41,0,1,2,6,0,6x2
img_42_page_0.jpeg,LPAE_09545_hr,augmentation_JPEG_compression_90_percent/img_42_page_0.jpeg,42,0,1,4,3,1,3x4+1R
img_43_page_0.jpeg,LPAE_09754_hr,augmentation_JPEG_compression_90_percent/img_43_page_0.jpeg,43,0,1,4,3,1,3x4+1R
img_44_page_0.jpeg,LPAE_17637_hr,augmentation_JPEG_compression_90_percent/img_44_page_0.jpeg,44,0,1,4,3,0,3x4
img_45_page_0.jpeg,LPAE_17118_hr,augmentation_JPEG_compression_90_percent/img_45_page_0.jpeg,45,0,1,2,6,0,6x2
img_46_page_0.jpeg,LPAE_10306_hr,augmentation_JPEG_compression_90_percent/img_46_page_0.jpeg,46,0,1,4,3,1,3x4+1R
img_47_page_0.jpeg,LPAE_10266_hr,augmentation_JPEG_compression_90_percent/img_47_page_0.jpeg,47,0,1,4,3,3,3x4+3R
img_48_page_0.jpeg,LPAE_08007_hr,augmentation_JPEG_compression_90_percent/img_48_page_0.jpeg,48,0,1,2,6,0,6x2
img_49_page_0.jpeg,LPAE_08962_hr,augmentation_JPEG_compression_90_percent/img_49_page_0.jpeg,49,0,1,2,6,0,6x2
img_50_page_0.jpeg,LPAE_16895_hr,augmentation_JPEG_compression_90_percent/img_50_page_0.jpeg,50,0,1,4,3,0,3x4
img_51_page_0.jpeg,LPAE_05359_hr,augmentation_JPEG_compression_90_percent/img_51_page_0.jpeg,51,0,1,4,3,0,3x4
img_52_page_0.jpeg,LPAE_10554_hr,augmentation_JPEG_compression_90_percent/img_52_page_0.jpeg,52,0,1,2,6,1,6x2+1R
img_53_page_0.jpeg,LPAE_10598_hr,augmentation_JPEG_compression_90_percent/img_53_page_0.jpeg,53,0,1,2,6,0,6x2
img_54_page_0.jpeg,LPAE_17269_hr,augmentation_JPEG_compression_90_percent/img_54_page_0.jpeg,54,0,2,2,3,0,3x4
img_54_page_1.jpeg,LPAE_17269_hr,augmentation_JPEG_compression_90_percent/img_54_page_1.jpeg,54,1,2,2,3,0,3x4
img_55_page_0.jpeg,LPAE_10518_hr,augmentation_JPEG_compression_90_percent/img_55_page_0.jpeg,55,0,1,2,6,0,6x2
img_56_page_0.jpeg,LPAE_10564_hr,augmentation_JPEG_compression_90_percent/img_56_page_0.jpeg,56,0,1,2,6,0,6x2
img_57_page_0.jpeg,LPAE_06282_hr,augmentation_JPEG_compression_90_percent/img_57_page_0.jpeg,57,0,1,1,12,0,12x1
img_58_page_0.jpeg,LPAE_10943_hr,augmentation_JPEG_compression_90_percent/img_58_page_0.jpeg,58,0,1,4,3,0,3x4
img_59_page_0.jpeg,LPAE_18073_hr,augmentation_JPEG_compression_90_percent/img_59_page_0.jpeg,59,0,1,2,6,0,6x2
img_60_page_0.jpeg,LPAE_11397_hr,augmentation_JPEG_compression_90_percent/img_60_page_0.jpeg,60,0,1,2,6,0,6x2
img_61_page_0.jpeg,LPAE_05944_hr,augmentation_JPEG_compression_90_percent/img_61_page_0.jpeg,61,0,1,2,6,1,6x2+1R
img_62_page_0.jpeg,LPAE_04733_hr,augmentation_JPEG_compression_90_percent/img_62_page_0.jpeg,62,0,1,4,3,1,3x4+1R
img_63_page_0.jpeg,LPAE_10986_hr,augmentation_JPEG_compression_90_percent/img_63_page_0.jpeg,63,0,1,4,3,0,3x4
img_64_page_0.jpeg,LPAE_18227_hr,augmentation_JPEG_compression_90_percent/img_64_page_0.jpeg,64,0,1,2,6,0,6x2
img_65_page_0.jpeg,LPAE_18552_hr,augmentation_JPEG_compression_90_percent/img_65_page_0.jpeg,65,0,1,2,6,0,6x2
img_66_page_0.jpeg,LPAE_11498_hr,augmentation_JPEG_compression_90_percent/img_66_page_0.jpeg,66,0,1,4,3,1,3x4+1R
img_67_page_0.jpeg,LPAE_01805_hr,augmentation_JPEG_compression_90_percent/img_67_page_0.jpeg,67,0,1,4,3,0,3x4
img_68_page_0.jpeg,LPAE_18945_hr,augmentation_JPEG_compression_90_percent/img_68_page_0.jpeg,68,0,1,4,3,1,3x4+1R
img_69_page_0.jpeg,LPAE_12186_hr,augmentation_JPEG_compression_90_percent/img_69_page_0.jpeg,69,0,1,4,3,0,3x4
img_70_page_0.jpeg,LPAE_04794_hr,augmentation_JPEG_compression_90_percent/img_70_page_0.jpeg,70,0,1,1,12,0,12x1
img_71_page_0.jpeg,LPAE_12190_hr,augmentation_JPEG_compression_90_percent/img_71_page_0.jpeg,71,0,1,4,3,1,3x4+1R
img_72_page_0.jpeg,LPAE_12432_hr,augmentation_JPEG_compression_90_percent/img_72_page_0.jpeg,72,0,1,4,3,1,3x4+1R
img_73_page_0.jpeg,LPAE_19036_hr,augmentation_JPEG_compression_90_percent/img_73_page_0.jpeg,73,0,1,2,6,0,6x2
img_74_page_0.jpeg,LPAE_12629_hr,augmentation_JPEG_compression_90_percent/img_74_page_0.jpeg,74,0,1,4,3,1,3x4+1R
img_75_page_0.jpeg,LPAE_02444_hr,augmentation_JPEG_compression_90_percent/img_75_page_0.jpeg,75,0,2,1,6,0,6x2
img_75_page_1.jpeg,LPAE_02444_hr,augmentation_JPEG_compression_90_percent/img_75_page_1.jpeg,75,1,2,1,6,0,6x2
img_76_page_0.jpeg,LPAE_17345_hr,augmentation_JPEG_compression_90_percent/img_76_page_0.jpeg,76,0,1,2,6,0,6x2
img_77_page_0.jpeg,LPAE_06303_hr,augmentation_JPEG_compression_90_percent/img_77_page_0.jpeg,77,0,1,4,3,0,3x4
img_78_page_0.jpeg,LPAE_13851_hr,augmentation_JPEG_compression_90_percent/img_78_page_0.jpeg,78,0,1,2,6,0,6x2
img_79_page_0.jpeg,LPAE_13962_hr,augmentation_JPEG_compression_90_percent/img_79_page_0.jpeg,79,0,1,2,6,0,6x2
img_80_page_0.jpeg,LPAE_19394_hr,augmentation_JPEG_compression_90_percent/img_80_page_0.jpeg,80,0,1,4,3,1,3x4+1R
img_81_page_0.jpeg,LPAE_00232_hr,augmentation_JPEG_compression_90_percent/img_81_page_0.jpeg,81,0,1,4,3,1,3x4+1R
img_82_page_0.jpeg,LPAE_19269_hr,augmentation_JPEG_compression_90_percent/img_82_page_0.jpeg,82,0,1,4,3,1,3x4+1R
img_83_page_0.jpeg,LPAE_20117_hr,augmentation_JPEG_compression_90_percent/img_83_page_0.jpeg,83,0,1,4,3,3,3x4+3R
img_84_page_0.jpeg,LPAE_19164_hr,augmentation_JPEG_compression_90_percent/img_84_page_0.jpeg,84,0,1,4,3,1,3x4+1R
img_85_page_0.jpeg,LPAE_19686_hr,augmentation_JPEG_compression_90_percent/img_85_page_0.jpeg,85,0,1,4,3,1,3x4+1R
img_86_page_0.jpeg,LPAE_19968_hr,augmentation_JPEG_compression_90_percent/img_86_page_0.jpeg,86,0,1,2,6,0,6x2
img_87_page_0.jpeg,LPAE_19288_hr,augmentation_JPEG_compression_90_percent/img_87_page_0.jpeg,87,0,1,2,6,0,6x2
img_88_page_0.jpeg,LPAE_14304_hr,augmentation_JPEG_compression_90_percent/img_88_page_0.jpeg,88,0,4,1,3,0,3x4
img_88_page_1.jpeg,LPAE_14304_hr,augmentation_JPEG_compression_90_percent/img_88_page_1.jpeg,88,1,4,1,3,0,3x4
img_88_page_2.jpeg,LPAE_14304_hr,augmentation_JPEG_compression_90_percent/img_88_page_2.jpeg,88,2,4,1,3,0,3x4
img_88_page_3.jpeg,LPAE_14304_hr,augmentation_JPEG_compression_90_percent/img_88_page_3.jpeg,88,3,4,1,3,0,3x4
img_89_page_0.jpeg,LPAE_19309_hr,augmentation_JPEG_compression_90_percent/img_89_page_0.jpeg,89,0,2,2,3,0,3x4
img_89_page_1.jpeg,LPAE_19309_hr,augmentation_JPEG_compression_90_percent/img_89_page_1.jpeg,89,1,2,2,3,0,3x4
img_90_page_0.jpeg,LPAE_14641_hr,augmentation_JPEG_compression_90_percent/img_90_page_0.jpeg,90,0,1,2,6,0,6x2
img_91_page_0.jpeg,LPAE_15477_hr,augmentation_JPEG_compression_90_percent/img_91_page_0.jpeg,91,0,1,4,3,1,3x4+1R
img_92_page_0.jpeg,LPAE_14680_hr,augmentation_JPEG_compression_90_percent/img_92_page_0.jpeg,92,0,1,4,3,1,3x4+1R
img_93_page_0.jpeg,LPAE_15368_hr,augmentation_JPEG_compression_90_percent/img_93_page_0.jpeg,93,0,1,2,6,1,6x2+1R
img_94_page_0.jpeg,LPAE_19138_hr,augmentation_JPEG_compression_90_percent/img_94_page_0.jpeg,94,0,1,1,12,0,12x1
img_95_page_0.jpeg,LPAE_15529_hr,augmentation_JPEG_compression_90_percent/img_95_page_0.jpeg,95,0,1,2,6,0,6x2
img_96_page_0.jpeg,LPAE_15607_hr,augmentation_JPEG_compression_90_percent/img_96_page_0.jpeg,96,0,4,1,3,0,3x4
img_96_page_1.jpeg,LPAE_15607_hr,augmentation_JPEG_compression_90_percent/img_96_page_1.jpeg,96,1,4,1,3,0,3x4
img_96_page_2.jpeg,LPAE_15607_hr,augmentation_JPEG_compression_90_percent/img_96_page_2.jpeg,96,2,4,1,3,0,3x4
img_96_page_3.jpeg,LPAE_15607_hr,augmentation_JPEG_compression_90_percent/img_96_page_3.jpeg,96,3,4,1,3,0,3x4
img_97_page_0.jpeg,LPAE_19202_hr,augmentation_JPEG_compression_90_percent/img_97_page_0.jpeg,97,0,1,1,12,0,12x1
img_98_page_0.jpeg,LPAE_16212_hr,augmentation_JPEG_compression_90_percent/img_98_page_0.jpeg,98,0,1,4,3,3,3x4+3R
img_99_page_0.jpeg,LPAE_19326_hr,augmentation_JPEG_compression_90_percent/img_99_page_0.jpeg,99,0,1,2,6,0,6x2
img_100_page_0.jpeg,LPAE_20139_hr,augmentation_JPEG_compression_90_percent/img_100_page_0.jpeg,100,0,1,4,3,3,3x4+3R
img_1_page_0.jpeg,LPAE_11666_hr,augmentation_blur_kernel_11/img_1_page_0.jpeg,1,0,2,1,6,0,6x2
img_1_page_1.jpeg,LPAE_11666_hr,augmentation_blur_kernel_11/img_1_page_1.jpeg,1,1,2,1,6,0,6x2
img_2_page_0.jpeg,LPAE_11209_hr,augmentation_blur_kernel_11/img_2_page_0.jpeg,2,0,1,1,12,0,12x1
img_3_page_0.jpeg,LPAE_14009_hr,augmentation_blur_kernel_11/img_3_page_0.jpeg,3,0,1,1,12,0,12x1
img_4_page_0.jpeg,LPAE_20999_hr,augmentation_blur_kernel_11/img_4_page_0.jpeg,4,0,1,4,3,1,3x4+1R
img_5_page_0.jpeg,LPAE_21515_hr,augmentation_blur_kernel_11/img_5_page_0.jpeg,5,0,1,2,6,0,6x2
img_6_page_0.jpeg,LPAE_02926_hr,augmentation_blur_kernel_11/img_6_page_0.jpeg,6,0,1,1,12,0,12x1
img_7_page_0.jpeg,LPAE_21541_hr,augmentation_blur_kernel_11/img_7_page_0.jpeg,7,0,1,2,6,0,6x2
img_8_page_0.jpeg,LPAE_05432_hr,augmentation_blur_kernel_11/img_8_page_0.jpeg,8,0,1,4,3,3,3x4+3R
img_9_page_0.jpeg,LPAE_20159_hr,augmentation_blur_kernel_11/img_9_page_0.jpeg,9,0,1,2,6,0,6x2
img_10_page_0.jpeg,LPAE_04827_hr,augmentation_blur_kernel_11/img_10_page_0.jpeg,10,0,1,4,3,1,3x4+1R
img_11_page_0.jpeg,LPAE_06229_hr,augmentation_blur_kernel_11/img_11_page_0.jpeg,11,0,1,2,6,0,6x2
img_12_page_0.jpeg,LPAE_10505_hr,augmentation_blur_kernel_11/img_12_page_0.jpeg,12,0,1,4,3,3,3x4+3R
img_13_page_0.jpeg,LPAE_10300_hr,augmentation_blur_kernel_11/img_13_page_0.jpeg,13,0,1,2,6,0,6x2
img_14_page_0.jpeg,LPAE_17226_hr,augmentation_blur_kernel_11/img_14_page_0.jpeg,14,0,1,4,3,1,3x4+1R
img_15_page_0.jpeg,LPAE_05742_hr,augmentation_blur_kernel_11/img_15_page_0.jpeg,15,0,1,4,3,1,3x4+1R
img_16_page_0.jpeg,LPAE_19550_hr,augmentation_blur_kernel_11/img_16_page_0.jpeg,16,0,1,4,3,1,3x4+1R
img_17_page_0.jpeg,LPAE_06918_hr,augmentation_blur_kernel_11/img_17_page_0.jpeg,17,0,1,4,3,1,3x4+1R
img_18_page_0.jpeg,LPAE_12879_hr,augmentation_blur_kernel_11/img_18_page_0.jpeg,18,0,1,1,12,0,12x1
img_19_page_0.jpeg,LPAE_20790_hr,augmentation_blur_kernel_11/img_19_page_0.jpeg,19,0,1,2,6,1,6x2+1R
img_20_page_0.jpeg,LPAE_20947_hr,augmentation_blur_kernel_11/img_20_page_0.jpeg,20,0,1,4,3,0,3x4
img_21_page_0.jpeg,LPAE_20515_hr,augmentation_blur_kernel_11/img_21_page_0.jpeg,21,0,1,2,6,0,6x2
img_22_page_0.jpeg,LPAE_06846_hr,augmentation_blur_kernel_11/img_22_page_0.jpeg,22,0,1,4,3,1,3x4+1R
img_23_page_0.jpeg,LPAE_04957_hr,augmentation_blur_kernel_11/img_23_page_0.jpeg,23,0,1,2,6,0,6x2
img_24_page_0.jpeg,LPAE_14819_hr,augmentation_blur_kernel_11/img_24_page_0.jpeg,24,0,1,4,3,0,3x4
img_25_page_0.jpeg,LPAE_05441_hr,augmentation_blur_kernel_11/img_25_page_0.jpeg,25,0,1,1,12,0,12x1
img_26_page_0.jpeg,LPAE_20971_hr,augmentation_blur_kernel_11/img_26_page_0.jpeg,26,0,1,4,3,1,3x4+1R
img_27_page_0.jpeg,LPAE_20680_hr,augmentation_blur_kernel_11/img_27_page_0.jpeg,27,0,1,4,3,0,3x4
img_28_page_0.jpeg,LPAE_07250_hr,augmentation_blur_kernel_11/img_28_page_0.jpeg,28,0,1,4,3,1,3x4+1R
img_29_page_0.jpeg,LPAE_20748_hr,augmentation_blur_kernel_11/img_29_page_0.jpeg,29,0,1,4,3,1,3x4+1R
img_30_page_0.jpeg,LPAE_06938_hr,augmentation_blur_kernel_11/img_30_page_0.jpeg,30,0,1,2,6,1,6x2+1R
img_31_page_0.jpeg,LPAE_20367_hr,augmentation_blur_kernel_11/img_31_page_0.jpeg,31,0,1,4,3,1,3x4+1R
img_32_page_0.jpeg,LPAE_07285_hr,augmentation_blur_kernel_11/img_32_page_0.jpeg,32,0,1,4,3,0,3x4
img_33_page_0.jpeg,LPAE_07299_hr,augmentation_blur_kernel_11/img_33_page_0.jpeg,33,0,1,2,6,0,6x2
img_34_page_0.jpeg,LPAE_21629_hr,augmentation_blur_kernel_11/img_34_page_0.jpeg,34,0,1,2,6,0,6x2
img_35_page_0.jpeg,LPAE_07596_hr,augmentation_blur_kernel_11/img_35_page_0.jpeg,35,0,1,2,6,0,6x2
img_36_page_0.jpeg,LPAE_10555_hr,augmentation_blur_kernel_11/img_36_page_0.jpeg,36,0,1,4,3,0,3x4
img_37_page_0.jpeg,LPAE_21468_hr,augmentation_blur_kernel_11/img_37_page_0.jpeg,37,0,1,4,3,1,3x4+1R
img_38_page_0.jpeg,LPAE_08885_hr,augmentation_blur_kernel_11/img_38_page_0.jpeg,38,0,1,4,3,3,3x4+3R
img_39_page_0.jpeg,LPAE_09331_hr,augmentation_blur_kernel_11/img_39_page_0.jpeg,39,0,1,2,6,0,6x2
img_40_page_0.jpeg,LPAE_09275_hr,augmentation_blur_kernel_11/img_40_page_0.jpeg,40,0,1,4,3,1,3x4+1R
img_41_page_0.jpeg,LPAE_20243_hr,augmentation_blur_kernel_11/img_41_page_0.jpeg,41,0,1,2,6,0,6x2
img_42_page_0.jpeg,LPAE_09545_hr,augmentation_blur_kernel_11/img_42_page_0.jpeg,42,0,1,4,3,1,3x4+1R
img_43_page_0.jpeg,LPAE_09754_hr,augmentation_blur_kernel_11/img_43_page_0.jpeg,43,0,1,4,3,1,3x4+1R
img_44_page_0.jpeg,LPAE_17637_hr,augmentation_blur_kernel_11/img_44_page_0.jpeg,44,0,1,4,3,0,3x4
img_45_page_0.jpeg,LPAE_17118_hr,augmentation_blur_kernel_11/img_45_page_0.jpeg,45,0,1,2,6,0,6x2
img_46_page_0.jpeg,LPAE_10306_hr,augmentation_blur_kernel_11/img_46_page_0.jpeg,46,0,1,4,3,1,3x4+1R
img_47_page_0.jpeg,LPAE_10266_hr,augmentation_blur_kernel_11/img_47_page_0.jpeg,47,0,1,4,3,3,3x4+3R
img_48_page_0.jpeg,LPAE_08007_hr,augmentation_blur_kernel_11/img_48_page_0.jpeg,48,0,1,2,6,0,6x2
img_49_page_0.jpeg,LPAE_08962_hr,augmentation_blur_kernel_11/img_49_page_0.jpeg,49,0,1,2,6,0,6x2
img_50_page_0.jpeg,LPAE_16895_hr,augmentation_blur_kernel_11/img_50_page_0.jpeg,50,0,1,4,3,0,3x4
img_51_page_0.jpeg,LPAE_05359_hr,augmentation_blur_kernel_11/img_51_page_0.jpeg,51,0,1,4,3,0,3x4
img_52_page_0.jpeg,LPAE_10554_hr,augmentation_blur_kernel_11/img_52_page_0.jpeg,52,0,1,2,6,1,6x2+1R
img_53_page_0.jpeg,LPAE_10598_hr,augmentation_blur_kernel_11/img_53_page_0.jpeg,53,0,1,2,6,0,6x2
img_54_page_0.jpeg,LPAE_17269_hr,augmentation_blur_kernel_11/img_54_page_0.jpeg,54,0,2,2,3,0,3x4
img_54_page_1.jpeg,LPAE_17269_hr,augmentation_blur_kernel_11/img_54_page_1.jpeg,54,1,2,2,3,0,3x4
img_55_page_0.jpeg,LPAE_10518_hr,augmentation_blur_kernel_11/img_55_page_0.jpeg,55,0,1,2,6,0,6x2
img_56_page_0.jpeg,LPAE_10564_hr,augmentation_blur_kernel_11/img_56_page_0.jpeg,56,0,1,2,6,0,6x2
img_57_page_0.jpeg,LPAE_06282_hr,augmentation_blur_kernel_11/img_57_page_0.jpeg,57,0,1,1,12,0,12x1
img_58_page_0.jpeg,LPAE_10943_hr,augmentation_blur_kernel_11/img_58_page_0.jpeg,58,0,1,4,3,0,3x4
img_59_page_0.jpeg,LPAE_18073_hr,augmentation_blur_kernel_11/img_59_page_0.jpeg,59,0,1,2,6,0,6x2
img_60_page_0.jpeg,LPAE_11397_hr,augmentation_blur_kernel_11/img_60_page_0.jpeg,60,0,1,2,6,0,6x2
img_61_page_0.jpeg,LPAE_05944_hr,augmentation_blur_kernel_11/img_61_page_0.jpeg,61,0,1,2,6,1,6x2+1R
img_62_page_0.jpeg,LPAE_04733_hr,augmentation_blur_kernel_11/img_62_page_0.jpeg,62,0,1,4,3,1,3x4+1R
img_63_page_0.jpeg,LPAE_10986_hr,augmentation_blur_kernel_11/img_63_page_0.jpeg,63,0,1,4,3,0,3x4
img_64_page_0.jpeg,LPAE_18227_hr,augmentation_blur_kernel_11/img_64_page_0.jpeg,64,0,1,2,6,0,6x2
img_65_page_0.jpeg,LPAE_18552_hr,augmentation_blur_kernel_11/img_65_page_0.jpeg,65,0,1,2,6,0,6x2
img_66_page_0.jpeg,LPAE_11498_hr,augmentation_blur_kernel_11/img_66_page_0.jpeg,66,0,1,4,3,1,3x4+1R
img_67_page_0.jpeg,LPAE_01805_hr,augmentation_blur_kernel_11/img_67_page_0.jpeg,67,0,1,4,3,0,3x4
img_68_page_0.jpeg,LPAE_18945_hr,augmentation_blur_kernel_11/img_68_page_0.jpeg,68,0,1,4,3,1,3x4+1R
img_69_page_0.jpeg,LPAE_12186_hr,augmentation_blur_kernel_11/img_69_page_0.jpeg,69,0,1,4,3,0,3x4
img_70_page_0.jpeg,LPAE_04794_hr,augmentation_blur_kernel_11/img_70_page_0.jpeg,70,0,1,1,12,0,12x1
img_71_page_0.jpeg,LPAE_12190_hr,augmentation_blur_kernel_11/img_71_page_0.jpeg,71,0,1,4,3,1,3x4+1R
img_72_page_0.jpeg,LPAE_12432_hr,augmentation_blur_kernel_11/img_72_page_0.jpeg,72,0,1,4,3,1,3x4+1R
img_73_page_0.jpeg,LPAE_19036_hr,augmentation_blur_kernel_11/img_73_page_0.jpeg,73,0,1,2,6,0,6x2
img_74_page_0.jpeg,LPAE_12629_hr,augmentation_blur_kernel_11/img_74_page_0.jpeg,74,0,1,4,3,1,3x4+1R
img_75_page_0.jpeg,LPAE_02444_hr,augmentation_blur_kernel_11/img_75_page_0.jpeg,75,0,2,1,6,0,6x2
img_75_page_1.jpeg,LPAE_02444_hr,augmentation_blur_kernel_11/img_75_page_1.jpeg,75,1,2,1,6,0,6x2
img_76_page_0.jpeg,LPAE_17345_hr,augmentation_blur_kernel_11/img_76_page_0.jpeg,76,0,1,2,6,0,6x2
img_77_page_0.jpeg,LPAE_06303_hr,augmentation_blur_kernel_11/img_77_page_0.jpeg,77,0,1,4,3,0,3x4
img_78_page_0.jpeg,LPAE_13851_hr,augmentation_blur_kernel_11/img_78_page_0.jpeg,78,0,1,2,6,0,6x2
img_79_page_0.jpeg,LPAE_13962_hr,augmentation_blur_kernel_11/img_79_page_0.jpeg,79,0,1,2,6,0,6x2
img_80_page_0.jpeg,LPAE_19394_hr,augmentation_blur_kernel_11/img_80_page_0.jpeg,80,0,1,4,3,1,3x4+1R
img_81_page_0.jpeg,LPAE_00232_hr,augmentation_blur_kernel_11/img_81_page_0.jpeg,81,0,1,4,3,1,3x4+1R
img_82_page_0.jpeg,LPAE_19269_hr,augmentation_blur_kernel_11/img_82_page_0.jpeg,82,0,1,4,3,1,3x4+1R
img_83_page_0.jpeg,LPAE_20117_hr,augmentation_blur_kernel_11/img_83_page_0.jpeg,83,0,1,4,3,3,3x4+3R
img_84_page_0.jpeg,LPAE_19164_hr,augmentation_blur_kernel_11/img_84_page_0.jpeg,84,0,1,4,3,1,3x4+1R
img_85_page_0.jpeg,LPAE_19686_hr,augmentation_blur_kernel_11/img_85_page_0.jpeg,85,0,1,4,3,1,3x4+1R
img_86_page_0.jpeg,LPAE_19968_hr,augmentation_blur_kernel_11/img_86_page_0.jpeg,86,0,1,2,6,0,6x2
img_87_page_0.jpeg,LPAE_19288_hr,augmentation_blur_kernel_11/img_87_page_0.jpeg,87,0,1,2,6,0,6x2
img_88_page_0.jpeg,LPAE_14304_hr,augmentation_blur_kernel_11/img_88_page_0.jpeg,88,0,4,1,3,0,3x4
img_88_page_1.jpeg,LPAE_14304_hr,augmentation_blur_kernel_11/img_88_page_1.jpeg,88,1,4,1,3,0,3x4
img_88_page_2.jpeg,LPAE_14304_hr,augmentation_blur_kernel_11/img_88_page_2.jpeg,88,2,4,1,3,0,3x4
img_88_page_3.jpeg,LPAE_14304_hr,augmentation_blur_kernel_11/img_88_page_3.jpeg,88,3,4,1,3,0,3x4
img_89_page_0.jpeg,LPAE_19309_hr,augmentation_blur_kernel_11/img_89_page_0.jpeg,89,0,2,2,3,0,3x4
img_89_page_1.jpeg,LPAE_19309_hr,augmentation_blur_kernel_11/img_89_page_1.jpeg,89,1,2,2,3,0,3x4
img_90_page_0.jpeg,LPAE_14641_hr,augmentation_blur_kernel_11/img_90_page_0.jpeg,90,0,1,2,6,0,6x2
img_91_page_0.jpeg,LPAE_15477_hr,augmentation_blur_kernel_11/img_91_page_0.jpeg,91,0,1,4,3,1,3x4+1R
img_92_page_0.jpeg,LPAE_14680_hr,augmentation_blur_kernel_11/img_92_page_0.jpeg,92,0,1,4,3,1,3x4+1R
img_93_page_0.jpeg,LPAE_15368_hr,augmentation_blur_kernel_11/img_93_page_0.jpeg,93,0,1,2,6,1,6x2+1R
img_94_page_0.jpeg,LPAE_19138_hr,augmentation_blur_kernel_11/img_94_page_0.jpeg,94,0,1,1,12,0,12x1
img_95_page_0.jpeg,LPAE_15529_hr,augmentation_blur_kernel_11/img_95_page_0.jpeg,95,0,1,2,6,0,6x2
img_96_page_0.jpeg,LPAE_15607_hr,augmentation_blur_kernel_11/img_96_page_0.jpeg,96,0,4,1,3,0,3x4
img_96_page_1.jpeg,LPAE_15607_hr,augmentation_blur_kernel_11/img_96_page_1.jpeg,96,1,4,1,3,0,3x4
img_96_page_2.jpeg,LPAE_15607_hr,augmentation_blur_kernel_11/img_96_page_2.jpeg,96,2,4,1,3,0,3x4
img_96_page_3.jpeg,LPAE_15607_hr,augmentation_blur_kernel_11/img_96_page_3.jpeg,96,3,4,1,3,0,3x4
img_97_page_0.jpeg,LPAE_19202_hr,augmentation_blur_kernel_11/img_97_page_0.jpeg,97,0,1,1,12,0,12x1
img_98_page_0.jpeg,LPAE_16212_hr,augmentation_blur_kernel_11/img_98_page_0.jpeg,98,0,1,4,3,3,3x4+3R
img_99_page_0.jpeg,LPAE_19326_hr,augmentation_blur_kernel_11/img_99_page_0.jpeg,99,0,1,2,6,0,6x2
img_100_page_0.jpeg,LPAE_20139_hr,augmentation_blur_kernel_11/img_100_page_0.jpeg,100,0,1,4,3,3,3x4+3R
img_1_page_0.jpeg,LPAE_11666_hr,augmentation_blur_kernel_21/img_1_page_0.jpeg,1,0,2,1,6,0,6x2
img_1_page_1.jpeg,LPAE_11666_hr,augmentation_blur_kernel_21/img_1_page_1.jpeg,1,1,2,1,6,0,6x2
img_2_page_0.jpeg,LPAE_11209_hr,augmentation_blur_kernel_21/img_2_page_0.jpeg,2,0,1,1,12,0,12x1
img_3_page_0.jpeg,LPAE_14009_hr,augmentation_blur_kernel_21/img_3_page_0.jpeg,3,0,1,1,12,0,12x1
img_4_page_0.jpeg,LPAE_20999_hr,augmentation_blur_kernel_21/img_4_page_0.jpeg,4,0,1,4,3,1,3x4+1R
img_5_page_0.jpeg,LPAE_21515_hr,augmentation_blur_kernel_21/img_5_page_0.jpeg,5,0,1,2,6,0,6x2
img_6_page_0.jpeg,LPAE_02926_hr,augmentation_blur_kernel_21/img_6_page_0.jpeg,6,0,1,1,12,0,12x1
img_7_page_0.jpeg,LPAE_21541_hr,augmentation_blur_kernel_21/img_7_page_0.jpeg,7,0,1,2,6,0,6x2
img_8_page_0.jpeg,LPAE_05432_hr,augmentation_blur_kernel_21/img_8_page_0.jpeg,8,0,1,4,3,3,3x4+3R
img_9_page_0.jpeg,LPAE_20159_hr,augmentation_blur_kernel_21/img_9_page_0.jpeg,9,0,1,2,6,0,6x2
img_10_page_0.jpeg,LPAE_04827_hr,augmentation_blur_kernel_21/img_10_page_0.jpeg,10,0,1,4,3,1,3x4+1R
img_11_page_0.jpeg,LPAE_06229_hr,augmentation_blur_kernel_21/img_11_page_0.jpeg,11,0,1,2,6,0,6x2
img_12_page_0.jpeg,LPAE_10505_hr,augmentation_blur_kernel_21/img_12_page_0.jpeg,12,0,1,4,3,3,3x4+3R
img_13_page_0.jpeg,LPAE_10300_hr,augmentation_blur_kernel_21/img_13_page_0.jpeg,13,0,1,2,6,0,6x2
img_14_page_0.jpeg,LPAE_17226_hr,augmentation_blur_kernel_21/img_14_page_0.jpeg,14,0,1,4,3,1,3x4+1R
img_15_page_0.jpeg,LPAE_05742_hr,augmentation_blur_kernel_21/img_15_page_0.jpeg,15,0,1,4,3,1,3x4+1R
img_16_page_0.jpeg,LPAE_19550_hr,augmentation_blur_kernel_21/img_16_page_0.jpeg,16,0,1,4,3,1,3x4+1R
img_17_page_0.jpeg,LPAE_06918_hr,augmentation_blur_kernel_21/img_17_page_0.jpeg,17,0,1,4,3,1,3x4+1R
img_18_page_0.jpeg,LPAE_12879_hr,augmentation_blur_kernel_21/img_18_page_0.jpeg,18,0,1,1,12,0,12x1
img_19_page_0.jpeg,LPAE_20790_hr,augmentation_blur_kernel_21/img_19_page_0.jpeg,19,0,1,2,6,1,6x2+1R
img_20_page_0.jpeg,LPAE_20947_hr,augmentation_blur_kernel_21/img_20_page_0.jpeg,20,0,1,4,3,0,3x4
img_21_page_0.jpeg,LPAE_20515_hr,augmentation_blur_kernel_21/img_21_page_0.jpeg,21,0,1,2,6,0,6x2
img_22_page_0.jpeg,LPAE_06846_hr,augmentation_blur_kernel_21/img_22_page_0.jpeg,22,0,1,4,3,1,3x4+1R
img_23_page_0.jpeg,LPAE_04957_hr,augmentation_blur_kernel_21/img_23_page_0.jpeg,23,0,1,2,6,0,6x2
img_24_page_0.jpeg,LPAE_14819_hr,augmentation_blur_kernel_21/img_24_page_0.jpeg,24,0,1,4,3,0,3x4
img_25_page_0.jpeg,LPAE_05441_hr,augmentation_blur_kernel_21/img_25_page_0.jpeg,25,0,1,1,12,0,12x1
img_26_page_0.jpeg,LPAE_20971_hr,augmentation_blur_kernel_21/img_26_page_0.jpeg,26,0,1,4,3,1,3x4+1R
img_27_page_0.jpeg,LPAE_20680_hr,augmentation_blur_kernel_21/img_27_page_0.jpeg,27,0,1,4,3,0,3x4
img_28_page_0.jpeg,LPAE_07250_hr,augmentation_blur_kernel_21/img_28_page_0.jpeg,28,0,1,4,3,1,3x4+1R
img_29_page_0.jpeg,LPAE_20748_hr,augmentation_blur_kernel_21/img_29_page_0.jpeg,29,0,1,4,3,1,3x4+1R
img_30_page_0.jpeg,LPAE_06938_hr,augmentation_blur_kernel_21/img_30_page_0.jpeg,30,0,1,2,6,1,6x2+1R
img_31_page_0.jpeg,LPAE_20367_hr,augmentation_blur_kernel_21/img_31_page_0.jpeg,31,0,1,4,3,1,3x4+1R
img_32_page_0.jpeg,LPAE_07285_hr,augmentation_blur_kernel_21/img_32_page_0.jpeg,32,0,1,4,3,0,3x4
img_33_page_0.jpeg,LPAE_07299_hr,augmentation_blur_kernel_21/img_33_page_0.jpeg,33,0,1,2,6,0,6x2
img_34_page_0.jpeg,LPAE_21629_hr,augmentation_blur_kernel_21/img_34_page_0.jpeg,34,0,1,2,6,0,6x2
img_35_page_0.jpeg,LPAE_07596_hr,augmentation_blur_kernel_21/img_35_page_0.jpeg,35,0,1,2,6,0,6x2
img_36_page_0.jpeg,LPAE_10555_hr,augmentation_blur_kernel_21/img_36_page_0.jpeg,36,0,1,4,3,0,3x4
img_37_page_0.jpeg,LPAE_21468_hr,augmentation_blur_kernel_21/img_37_page_0.jpeg,37,0,1,4,3,1,3x4+1R
img_38_page_0.jpeg,LPAE_08885_hr,augmentation_blur_kernel_21/img_38_page_0.jpeg,38,0,1,4,3,3,3x4+3R
img_39_page_0.jpeg,LPAE_09331_hr,augmentation_blur_kernel_21/img_39_page_0.jpeg,39,0,1,2,6,0,6x2
img_40_page_0.jpeg,LPAE_09275_hr,augmentation_blur_kernel_21/img_40_page_0.jpeg,40,0,1,4,3,1,3x4+1R
img_41_page_0.jpeg,LPAE_20243_hr,augmentation_blur_kernel_21/img_41_page_0.jpeg,41,0,1,2,6,0,6x2
img_42_page_0.jpeg,LPAE_09545_hr,augmentation_blur_kernel_21/img_42_page_0.jpeg,42,0,1,4,3,1,3x4+1R
img_43_page_0.jpeg,LPAE_09754_hr,augmentation_blur_kernel_21/img_43_page_0.jpeg,43,0,1,4,3,1,3x4+1R
img_44_page_0.jpeg,LPAE_17637_hr,augmentation_blur_kernel_21/img_44_page_0.jpeg,44,0,1,4,3,0,3x4
img_45_page_0.jpeg,LPAE_17118_hr,augmentation_blur_kernel_21/img_45_page_0.jpeg,45,0,1,2,6,0,6x2
img_46_page_0.jpeg,LPAE_10306_hr,augmentation_blur_kernel_21/img_46_page_0.jpeg,46,0,1,4,3,1,3x4+1R
img_47_page_0.jpeg,LPAE_10266_hr,augmentation_blur_kernel_21/img_47_page_0.jpeg,47,0,1,4,3,3,3x4+3R
img_48_page_0.jpeg,LPAE_08007_hr,augmentation_blur_kernel_21/img_48_page_0.jpeg,48,0,1,2,6,0,6x2
img_49_page_0.jpeg,LPAE_08962_hr,augmentation_blur_kernel_21/img_49_page_0.jpeg,49,0,1,2,6,0,6x2
img_50_page_0.jpeg,LPAE_16895_hr,augmentation_blur_kernel_21/img_50_page_0.jpeg,50,0,1,4,3,0,3x4
img_51_page_0.jpeg,LPAE_05359_hr,augmentation_blur_kernel_21/img_51_page_0.jpeg,51,0,1,4,3,0,3x4
img_52_page_0.jpeg,LPAE_10554_hr,augmentation_blur_kernel_21/img_52_page_0.jpeg,52,0,1,2,6,1,6x2+1R
img_53_page_0.jpeg,LPAE_10598_hr,augmentation_blur_kernel_21/img_53_page_0.jpeg,53,0,1,2,6,0,6x2
img_54_page_0.jpeg,LPAE_17269_hr,augmentation_blur_kernel_21/img_54_page_0.jpeg,54,0,2,2,3,0,3x4
img_54_page_1.jpeg,LPAE_17269_hr,augmentation_blur_kernel_21/img_54_page_1.jpeg,54,1,2,2,3,0,3x4
img_55_page_0.jpeg,LPAE_10518_hr,augmentation_blur_kernel_21/img_55_page_0.jpeg,55,0,1,2,6,0,6x2
img_56_page_0.jpeg,LPAE_10564_hr,augmentation_blur_kernel_21/img_56_page_0.jpeg,56,0,1,2,6,0,6x2
img_57_page_0.jpeg,LPAE_06282_hr,augmentation_blur_kernel_21/img_57_page_0.jpeg,57,0,1,1,12,0,12x1
img_58_page_0.jpeg,LPAE_10943_hr,augmentation_blur_kernel_21/img_58_page_0.jpeg,58,0,1,4,3,0,3x4
img_59_page_0.jpeg,LPAE_18073_hr,augmentation_blur_kernel_21/img_59_page_0.jpeg,59,0,1,2,6,0,6x2
img_60_page_0.jpeg,LPAE_11397_hr,augmentation_blur_kernel_21/img_60_page_0.jpeg,60,0,1,2,6,0,6x2
img_61_page_0.jpeg,LPAE_05944_hr,augmentation_blur_kernel_21/img_61_page_0.jpeg,61,0,1,2,6,1,6x2+1R
img_62_page_0.jpeg,LPAE_04733_hr,augmentation_blur_kernel_21/img_62_page_0.jpeg,62,0,1,4,3,1,3x4+1R
img_63_page_0.jpeg,LPAE_10986_hr,augmentation_blur_kernel_21/img_63_page_0.jpeg,63,0,1,4,3,0,3x4
img_64_page_0.jpeg,LPAE_18227_hr,augmentation_blur_kernel_21/img_64_page_0.jpeg,64,0,1,2,6,0,6x2
img_65_page_0.jpeg,LPAE_18552_hr,augmentation_blur_kernel_21/img_65_page_0.jpeg,65,0,1,2,6,0,6x2
img_66_page_0.jpeg,LPAE_11498_hr,augmentation_blur_kernel_21/img_66_page_0.jpeg,66,0,1,4,3,1,3x4+1R
img_67_page_0.jpeg,LPAE_01805_hr,augmentation_blur_kernel_21/img_67_page_0.jpeg,67,0,1,4,3,0,3x4
img_68_page_0.jpeg,LPAE_18945_hr,augmentation_blur_kernel_21/img_68_page_0.jpeg,68,0,1,4,3,1,3x4+1R
img_69_page_0.jpeg,LPAE_12186_hr,augmentation_blur_kernel_21/img_69_page_0.jpeg,69,0,1,4,3,0,3x4
img_70_page_0.jpeg,LPAE_04794_hr,augmentation_blur_kernel_21/img_70_page_0.jpeg,70,0,1,1,12,0,12x1
img_71_page_0.jpeg,LPAE_12190_hr,augmentation_blur_kernel_21/img_71_page_0.jpeg,71,0,1,4,3,1,3x4+1R
img_72_page_0.jpeg,LPAE_12432_hr,augmentation_blur_kernel_21/img_72_page_0.jpeg,72,0,1,4,3,1,3x4+1R
img_73_page_0.jpeg,LPAE_19036_hr,augmentation_blur_kernel_21/img_73_page_0.jpeg,73,0,1,2,6,0,6x2
img_74_page_0.jpeg,LPAE_12629_hr,augmentation_blur_kernel_21/img_74_page_0.jpeg,74,0,1,4,3,1,3x4+1R
img_75_page_0.jpeg,LPAE_02444_hr,augmentation_blur_kernel_21/img_75_page_0.jpeg,75,0,2,1,6,0,6x2
img_75_page_1.jpeg,LPAE_02444_hr,augmentation_blur_kernel_21/img_75_page_1.jpeg,75,1,2,1,6,0,6x2
img_76_page_0.jpeg,LPAE_17345_hr,augmentation_blur_kernel_21/img_76_page_0.jpeg,76,0,1,2,6,0,6x2
img_77_page_0.jpeg,LPAE_06303_hr,augmentation_blur_kernel_21/img_77_page_0.jpeg,77,0,1,4,3,0,3x4
img_78_page_0.jpeg,LPAE_13851_hr,augmentation_blur_kernel_21/img_78_page_0.jpeg,78,0,1,2,6,0,6x2
img_79_page_0.jpeg,LPAE_13962_hr,augmentation_blur_kernel_21/img_79_page_0.jpeg,79,0,1,2,6,0,6x2
img_80_page_0.jpeg,LPAE_19394_hr,augmentation_blur_kernel_21/img_80_page_0.jpeg,80,0,1,4,3,1,3x4+1R
img_81_page_0.jpeg,LPAE_00232_hr,augmentation_blur_kernel_21/img_81_page_0.jpeg,81,0,1,4,3,1,3x4+1R
img_82_page_0.jpeg,LPAE_19269_hr,augmentation_blur_kernel_21/img_82_page_0.jpeg,82,0,1,4,3,1,3x4+1R
img_83_page_0.jpeg,LPAE_20117_hr,augmentation_blur_kernel_21/img_83_page_0.jpeg,83,0,1,4,3,3,3x4+3R
img_84_page_0.jpeg,LPAE_19164_hr,augmentation_blur_kernel_21/img_84_page_0.jpeg,84,0,1,4,3,1,3x4+1R
img_85_page_0.jpeg,LPAE_19686_hr,augmentation_blur_kernel_21/img_85_page_0.jpeg,85,0,1,4,3,1,3x4+1R
img_86_page_0.jpeg,LPAE_19968_hr,augmentation_blur_kernel_21/img_86_page_0.jpeg,86,0,1,2,6,0,6x2
img_87_page_0.jpeg,LPAE_19288_hr,augmentation_blur_kernel_21/img_87_page_0.jpeg,87,0,1,2,6,0,6x2
img_88_page_0.jpeg,LPAE_14304_hr,augmentation_blur_kernel_21/img_88_page_0.jpeg,88,0,4,1,3,0,3x4
img_88_page_1.jpeg,LPAE_14304_hr,augmentation_blur_kernel_21/img_88_page_1.jpeg,88,1,4,1,3,0,3x4
img_88_page_2.jpeg,LPAE_14304_hr,augmentation_blur_kernel_21/img_88_page_2.jpeg,88,2,4,1,3,0,3x4
img_88_page_3.jpeg,LPAE_14304_hr,augmentation_blur_kernel_21/img_88_page_3.jpeg,88,3,4,1,3,0,3x4
img_89_page_0.jpeg,LPAE_19309_hr,augmentation_blur_kernel_21/img_89_page_0.jpeg,89,0,2,2,3,0,3x4
img_89_page_1.jpeg,LPAE_19309_hr,augmentation_blur_kernel_21/img_89_page_1.jpeg,89,1,2,2,3,0,3x4
img_90_page_0.jpeg,LPAE_14641_hr,augmentation_blur_kernel_21/img_90_page_0.jpeg,90,0,1,2,6,0,6x2
img_91_page_0.jpeg,LPAE_15477_hr,augmentation_blur_kernel_21/img_91_page_0.jpeg,91,0,1,4,3,1,3x4+1R
img_92_page_0.jpeg,LPAE_14680_hr,augmentation_blur_kernel_21/img_92_page_0.jpeg,92,0,1,4,3,1,3x4+1R
img_93_page_0.jpeg,LPAE_15368_hr,augmentation_blur_kernel_21/img_93_page_0.jpeg,93,0,1,2,6,1,6x2+1R
img_94_page_0.jpeg,LPAE_19138_hr,augmentation_blur_kernel_21/img_94_page_0.jpeg,94,0,1,1,12,0,12x1
img_95_page_0.jpeg,LPAE_15529_hr,augmentation_blur_kernel_21/img_95_page_0.jpeg,95,0,1,2,6,0,6x2
img_96_page_0.jpeg,LPAE_15607_hr,augmentation_blur_kernel_21/img_96_page_0.jpeg,96,0,4,1,3,0,3x4
img_96_page_1.jpeg,LPAE_15607_hr,augmentation_blur_kernel_21/img_96_page_1.jpeg,96,1,4,1,3,0,3x4
img_96_page_2.jpeg,LPAE_15607_hr,augmentation_blur_kernel_21/img_96_page_2.jpeg,96,2,4,1,3,0,3x4
img_96_page_3.jpeg,LPAE_15607_hr,augmentation_blur_kernel_21/img_96_page_3.jpeg,96,3,4,1,3,0,3x4
img_97_page_0.jpeg,LPAE_19202_hr,augmentation_blur_kernel_21/img_97_page_0.jpeg,97,0,1,1,12,0,12x1
img_98_page_0.jpeg,LPAE_16212_hr,augmentation_blur_kernel_21/img_98_page_0.jpeg,98,0,1,4,3,3,3x4+3R
img_99_page_0.jpeg,LPAE_19326_hr,augmentation_blur_kernel_21/img_99_page_0.jpeg,99,0,1,2,6,0,6x2
img_100_page_0.jpeg,LPAE_20139_hr,augmentation_blur_kernel_21/img_100_page_0.jpeg,100,0,1,4,3,3,3x4+3R
img_1_page_0.jpeg,LPAE_11666_hr,augmentation_blur_kernel_31/img_1_page_0.jpeg,1,0,2,1,6,0,6x2
img_1_page_1.jpeg,LPAE_11666_hr,augmentation_blur_kernel_31/img_1_page_1.jpeg,1,1,2,1,6,0,6x2
img_2_page_0.jpeg,LPAE_11209_hr,augmentation_blur_kernel_31/img_2_page_0.jpeg,2,0,1,1,12,0,12x1
img_3_page_0.jpeg,LPAE_14009_hr,augmentation_blur_kernel_31/img_3_page_0.jpeg,3,0,1,1,12,0,12x1
img_4_page_0.jpeg,LPAE_20999_hr,augmentation_blur_kernel_31/img_4_page_0.jpeg,4,0,1,4,3,1,3x4+1R
img_5_page_0.jpeg,LPAE_21515_hr,augmentation_blur_kernel_31/img_5_page_0.jpeg,5,0,1,2,6,0,6x2
img_6_page_0.jpeg,LPAE_02926_hr,augmentation_blur_kernel_31/img_6_page_0.jpeg,6,0,1,1,12,0,12x1
img_7_page_0.jpeg,LPAE_21541_hr,augmentation_blur_kernel_31/img_7_page_0.jpeg,7,0,1,2,6,0,6x2
img_8_page_0.jpeg,LPAE_05432_hr,augmentation_blur_kernel_31/img_8_page_0.jpeg,8,0,1,4,3,3,3x4+3R
img_9_page_0.jpeg,LPAE_20159_hr,augmentation_blur_kernel_31/img_9_page_0.jpeg,9,0,1,2,6,0,6x2
img_10_page_0.jpeg,LPAE_04827_hr,augmentation_blur_kernel_31/img_10_page_0.jpeg,10,0,1,4,3,1,3x4+1R
img_11_page_0.jpeg,LPAE_06229_hr,augmentation_blur_kernel_31/img_11_page_0.jpeg,11,0,1,2,6,0,6x2
img_12_page_0.jpeg,LPAE_10505_hr,augmentation_blur_kernel_31/img_12_page_0.jpeg,12,0,1,4,3,3,3x4+3R
img_13_page_0.jpeg,LPAE_10300_hr,augmentation_blur_kernel_31/img_13_page_0.jpeg,13,0,1,2,6,0,6x2
img_14_page_0.jpeg,LPAE_17226_hr,augmentation_blur_kernel_31/img_14_page_0.jpeg,14,0,1,4,3,1,3x4+1R
img_15_page_0.jpeg,LPAE_05742_hr,augmentation_blur_kernel_31/img_15_page_0.jpeg,15,0,1,4,3,1,3x4+1R
img_16_page_0.jpeg,LPAE_19550_hr,augmentation_blur_kernel_31/img_16_page_0.jpeg,16,0,1,4,3,1,3x4+1R
img_17_page_0.jpeg,LPAE_06918_hr,augmentation_blur_kernel_31/img_17_page_0.jpeg,17,0,1,4,3,1,3x4+1R
img_18_page_0.jpeg,LPAE_12879_hr,augmentation_blur_kernel_31/img_18_page_0.jpeg,18,0,1,1,12,0,12x1
img_19_page_0.jpeg,LPAE_20790_hr,augmentation_blur_kernel_31/img_19_page_0.jpeg,19,0,1,2,6,1,6x2+1R
img_20_page_0.jpeg,LPAE_20947_hr,augmentation_blur_kernel_31/img_20_page_0.jpeg,20,0,1,4,3,0,3x4
img_21_page_0.jpeg,LPAE_20515_hr,augmentation_blur_kernel_31/img_21_page_0.jpeg,21,0,1,2,6,0,6x2
img_22_page_0.jpeg,LPAE_06846_hr,augmentation_blur_kernel_31/img_22_page_0.jpeg,22,0,1,4,3,1,3x4+1R
img_23_page_0.jpeg,LPAE_04957_hr,augmentation_blur_kernel_31/img_23_page_0.jpeg,23,0,1,2,6,0,6x2
img_24_page_0.jpeg,LPAE_14819_hr,augmentation_blur_kernel_31/img_24_page_0.jpeg,24,0,1,4,3,0,3x4
img_25_page_0.jpeg,LPAE_05441_hr,augmentation_blur_kernel_31/img_25_page_0.jpeg,25,0,1,1,12,0,12x1
img_26_page_0.jpeg,LPAE_20971_hr,augmentation_blur_kernel_31/img_26_page_0.jpeg,26,0,1,4,3,1,3x4+1R
img_27_page_0.jpeg,LPAE_20680_hr,augmentation_blur_kernel_31/img_27_page_0.jpeg,27,0,1,4,3,0,3x4
img_28_page_0.jpeg,LPAE_07250_hr,augmentation_blur_kernel_31/img_28_page_0.jpeg,28,0,1,4,3,1,3x4+1R
img_29_page_0.jpeg,LPAE_20748_hr,augmentation_blur_kernel_31/img_29_page_0.jpeg,29,0,1,4,3,1,3x4+1R
img_30_page_0.jpeg,LPAE_06938_hr,augmentation_blur_kernel_31/img_30_page_0.jpeg,30,0,1,2,6,1,6x2+1R
img_31_page_0.jpeg,LPAE_20367_hr,augmentation_blur_kernel_31/img_31_page_0.jpeg,31,0,1,4,3,1,3x4+1R
img_32_page_0.jpeg,LPAE_07285_hr,augmentation_blur_kernel_31/img_32_page_0.jpeg,32,0,1,4,3,0,3x4
img_33_page_0.jpeg,LPAE_07299_hr,augmentation_blur_kernel_31/img_33_page_0.jpeg,33,0,1,2,6,0,6x2
img_34_page_0.jpeg,LPAE_21629_hr,augmentation_blur_kernel_31/img_34_page_0.jpeg,34,0,1,2,6,0,6x2
img_35_page_0.jpeg,LPAE_07596_hr,augmentation_blur_kernel_31/img_35_page_0.jpeg,35,0,1,2,6,0,6x2
img_36_page_0.jpeg,LPAE_10555_hr,augmentation_blur_kernel_31/img_36_page_0.jpeg,36,0,1,4,3,0,3x4
img_37_page_0.jpeg,LPAE_21468_hr,augmentation_blur_kernel_31/img_37_page_0.jpeg,37,0,1,4,3,1,3x4+1R
img_38_page_0.jpeg,LPAE_08885_hr,augmentation_blur_kernel_31/img_38_page_0.jpeg,38,0,1,4,3,3,3x4+3R
img_39_page_0.jpeg,LPAE_09331_hr,augmentation_blur_kernel_31/img_39_page_0.jpeg,39,0,1,2,6,0,6x2
img_40_page_0.jpeg,LPAE_09275_hr,augmentation_blur_kernel_31/img_40_page_0.jpeg,40,0,1,4,3,1,3x4+1R
img_41_page_0.jpeg,LPAE_20243_hr,augmentation_blur_kernel_31/img_41_page_0.jpeg,41,0,1,2,6,0,6x2
img_42_page_0.jpeg,LPAE_09545_hr,augmentation_blur_kernel_31/img_42_page_0.jpeg,42,0,1,4,3,1,3x4+1R
img_43_page_0.jpeg,LPAE_09754_hr,augmentation_blur_kernel_31/img_43_page_0.jpeg,43,0,1,4,3,1,3x4+1R
img_44_page_0.jpeg,LPAE_17637_hr,augmentation_blur_kernel_31/img_44_page_0.jpeg,44,0,1,4,3,0,3x4
img_45_page_0.jpeg,LPAE_17118_hr,augmentation_blur_kernel_31/img_45_page_0.jpeg,45,0,1,2,6,0,6x2
img_46_page_0.jpeg,LPAE_10306_hr,augmentation_blur_kernel_31/img_46_page_0.jpeg,46,0,1,4,3,1,3x4+1R
img_47_page_0.jpeg,LPAE_10266_hr,augmentation_blur_kernel_31/img_47_page_0.jpeg,47,0,1,4,3,3,3x4+3R
img_48_page_0.jpeg,LPAE_08007_hr,augmentation_blur_kernel_31/img_48_page_0.jpeg,48,0,1,2,6,0,6x2
img_49_page_0.jpeg,LPAE_08962_hr,augmentation_blur_kernel_31/img_49_page_0.jpeg,49,0,1,2,6,0,6x2
img_50_page_0.jpeg,LPAE_16895_hr,augmentation_blur_kernel_31/img_50_page_0.jpeg,50,0,1,4,3,0,3x4
img_51_page_0.jpeg,LPAE_05359_hr,augmentation_blur_kernel_31/img_51_page_0.jpeg,51,0,1,4,3,0,3x4
img_52_page_0.jpeg,LPAE_10554_hr,augmentation_blur_kernel_31/img_52_page_0.jpeg,52,0,1,2,6,1,6x2+1R
img_53_page_0.jpeg,LPAE_10598_hr,augmentation_blur_kernel_31/img_53_page_0.jpeg,53,0,1,2,6,0,6x2
img_54_page_0.jpeg,LPAE_17269_hr,augmentation_blur_kernel_31/img_54_page_0.jpeg,54,0,2,2,3,0,3x4
img_54_page_1.jpeg,LPAE_17269_hr,augmentation_blur_kernel_31/img_54_page_1.jpeg,54,1,2,2,3,0,3x4
img_55_page_0.jpeg,LPAE_10518_hr,augmentation_blur_kernel_31/img_55_page_0.jpeg,55,0,1,2,6,0,6x2
img_56_page_0.jpeg,LPAE_10564_hr,augmentation_blur_kernel_31/img_56_page_0.jpeg,56,0,1,2,6,0,6x2
img_57_page_0.jpeg,LPAE_06282_hr,augmentation_blur_kernel_31/img_57_page_0.jpeg,57,0,1,1,12,0,12x1
img_58_page_0.jpeg,LPAE_10943_hr,augmentation_blur_kernel_31/img_58_page_0.jpeg,58,0,1,4,3,0,3x4
img_59_page_0.jpeg,LPAE_18073_hr,augmentation_blur_kernel_31/img_59_page_0.jpeg,59,0,1,2,6,0,6x2
img_60_page_0.jpeg,LPAE_11397_hr,augmentation_blur_kernel_31/img_60_page_0.jpeg,60,0,1,2,6,0,6x2
img_61_page_0.jpeg,LPAE_05944_hr,augmentation_blur_kernel_31/img_61_page_0.jpeg,61,0,1,2,6,1,6x2+1R
img_62_page_0.jpeg,LPAE_04733_hr,augmentation_blur_kernel_31/img_62_page_0.jpeg,62,0,1,4,3,1,3x4+1R
img_63_page_0.jpeg,LPAE_10986_hr,augmentation_blur_kernel_31/img_63_page_0.jpeg,63,0,1,4,3,0,3x4
img_64_page_0.jpeg,LPAE_18227_hr,augmentation_blur_kernel_31/img_64_page_0.jpeg,64,0,1,2,6,0,6x2
img_65_page_0.jpeg,LPAE_18552_hr,augmentation_blur_kernel_31/img_65_page_0.jpeg,65,0,1,2,6,0,6x2
img_66_page_0.jpeg,LPAE_11498_hr,augmentation_blur_kernel_31/img_66_page_0.jpeg,66,0,1,4,3,1,3x4+1R
img_67_page_0.jpeg,LPAE_01805_hr,augmentation_blur_kernel_31/img_67_page_0.jpeg,67,0,1,4,3,0,3x4
img_68_page_0.jpeg,LPAE_18945_hr,augmentation_blur_kernel_31/img_68_page_0.jpeg,68,0,1,4,3,1,3x4+1R
img_69_page_0.jpeg,LPAE_12186_hr,augmentation_blur_kernel_31/img_69_page_0.jpeg,69,0,1,4,3,0,3x4
img_70_page_0.jpeg,LPAE_04794_hr,augmentation_blur_kernel_31/img_70_page_0.jpeg,70,0,1,1,12,0,12x1
img_71_page_0.jpeg,LPAE_12190_hr,augmentation_blur_kernel_31/img_71_page_0.jpeg,71,0,1,4,3,1,3x4+1R
img_72_page_0.jpeg,LPAE_12432_hr,augmentation_blur_kernel_31/img_72_page_0.jpeg,72,0,1,4,3,1,3x4+1R
img_73_page_0.jpeg,LPAE_19036_hr,augmentation_blur_kernel_31/img_73_page_0.jpeg,73,0,1,2,6,0,6x2
img_74_page_0.jpeg,LPAE_12629_hr,augmentation_blur_kernel_31/img_74_page_0.jpeg,74,0,1,4,3,1,3x4+1R
img_75_page_0.jpeg,LPAE_02444_hr,augmentation_blur_kernel_31/img_75_page_0.jpeg,75,0,2,1,6,0,6x2
img_75_page_1.jpeg,LPAE_02444_hr,augmentation_blur_kernel_31/img_75_page_1.jpeg,75,1,2,1,6,0,6x2
img_76_page_0.jpeg,LPAE_17345_hr,augmentation_blur_kernel_31/img_76_page_0.jpeg,76,0,1,2,6,0,6x2
img_77_page_0.jpeg,LPAE_06303_hr,augmentation_blur_kernel_31/img_77_page_0.jpeg,77,0,1,4,3,0,3x4
img_78_page_0.jpeg,LPAE_13851_hr,augmentation_blur_kernel_31/img_78_page_0.jpeg,78,0,1,2,6,0,6x2
img_79_page_0.jpeg,LPAE_13962_hr,augmentation_blur_kernel_31/img_79_page_0.jpeg,79,0,1,2,6,0,6x2
img_80_page_0.jpeg,LPAE_19394_hr,augmentation_blur_kernel_31/img_80_page_0.jpeg,80,0,1,4,3,1,3x4+1R
img_81_page_0.jpeg,LPAE_00232_hr,augmentation_blur_kernel_31/img_81_page_0.jpeg,81,0,1,4,3,1,3x4+1R
img_82_page_0.jpeg,LPAE_19269_hr,augmentation_blur_kernel_31/img_82_page_0.jpeg,82,0,1,4,3,1,3x4+1R
img_83_page_0.jpeg,LPAE_20117_hr,augmentation_blur_kernel_31/img_83_page_0.jpeg,83,0,1,4,3,3,3x4+3R
img_84_page_0.jpeg,LPAE_19164_hr,augmentation_blur_kernel_31/img_84_page_0.jpeg,84,0,1,4,3,1,3x4+1R
img_85_page_0.jpeg,LPAE_19686_hr,augmentation_blur_kernel_31/img_85_page_0.jpeg,85,0,1,4,3,1,3x4+1R
img_86_page_0.jpeg,LPAE_19968_hr,augmentation_blur_kernel_31/img_86_page_0.jpeg,86,0,1,2,6,0,6x2
img_87_page_0.jpeg,LPAE_19288_hr,augmentation_blur_kernel_31/img_87_page_0.jpeg,87,0,1,2,6,0,6x2
img_88_page_0.jpeg,LPAE_14304_hr,augmentation_blur_kernel_31/img_88_page_0.jpeg,88,0,4,1,3,0,3x4
img_88_page_1.jpeg,LPAE_14304_hr,augmentation_blur_kernel_31/img_88_page_1.jpeg,88,1,4,1,3,0,3x4
img_88_page_2.jpeg,LPAE_14304_hr,augmentation_blur_kernel_31/img_88_page_2.jpeg,88,2,4,1,3,0,3x4
img_88_page_3.jpeg,LPAE_14304_hr,augmentation_blur_kernel_31/img_88_page_3.jpeg,88,3,4,1,3,0,3x4
img_89_page_0.jpeg,LPAE_19309_hr,augmentation_blur_kernel_31/img_89_page_0.jpeg,89,0,2,2,3,0,3x4
img_89_page_1.jpeg,LPAE_19309_hr,augmentation_blur_kernel_31/img_89_page_1.jpeg,89,1,2,2,3,0,3x4
img_90_page_0.jpeg,LPAE_14641_hr,augmentation_blur_kernel_31/img_90_page_0.jpeg,90,0,1,2,6,0,6x2
img_91_page_0.jpeg,LPAE_15477_hr,augmentation_blur_kernel_31/img_91_page_0.jpeg,91,0,1,4,3,1,3x4+1R
img_92_page_0.jpeg,LPAE_14680_hr,augmentation_blur_kernel_31/img_92_page_0.jpeg,92,0,1,4,3,1,3x4+1R
img_93_page_0.jpeg,LPAE_15368_hr,augmentation_blur_kernel_31/img_93_page_0.jpeg,93,0,1,2,6,1,6x2+1R
img_94_page_0.jpeg,LPAE_19138_hr,augmentation_blur_kernel_31/img_94_page_0.jpeg,94,0,1,1,12,0,12x1
img_95_page_0.jpeg,LPAE_15529_hr,augmentation_blur_kernel_31/img_95_page_0.jpeg,95,0,1,2,6,0,6x2
img_96_page_0.jpeg,LPAE_15607_hr,augmentation_blur_kernel_31/img_96_page_0.jpeg,96,0,4,1,3,0,3x4
img_96_page_1.jpeg,LPAE_15607_hr,augmentation_blur_kernel_31/img_96_page_1.jpeg,96,1,4,1,3,0,3x4
img_96_page_2.jpeg,LPAE_15607_hr,augmentation_blur_kernel_31/img_96_page_2.jpeg,96,2,4,1,3,0,3x4
img_96_page_3.jpeg,LPAE_15607_hr,augmentation_blur_kernel_31/img_96_page_3.jpeg,96,3,4,1,3,0,3x4
img_97_page_0.jpeg,LPAE_19202_hr,augmentation_blur_kernel_31/img_97_page_0.jpeg,97,0,1,1,12,0,12x1
img_98_page_0.jpeg,LPAE_16212_hr,augmentation_blur_kernel_31/img_98_page_0.jpeg,98,0,1,4,3,3,3x4+3R
img_99_page_0.jpeg,LPAE_19326_hr,augmentation_blur_kernel_31/img_99_page_0.jpeg,99,0,1,2,6,0,6x2
img_100_page_0.jpeg,LPAE_20139_hr,augmentation_blur_kernel_31/img_100_page_0.jpeg,100,0,1,4,3,3,3x4+3R
img_1_page_0.jpeg,LPAE_11666_hr,augmentation_blur_kernel_41/img_1_page_0.jpeg,1,0,2,1,6,0,6x2
img_1_page_1.jpeg,LPAE_11666_hr,augmentation_blur_kernel_41/img_1_page_1.jpeg,1,1,2,1,6,0,6x2
img_2_page_0.jpeg,LPAE_11209_hr,augmentation_blur_kernel_41/img_2_page_0.jpeg,2,0,1,1,12,0,12x1
img_3_page_0.jpeg,LPAE_14009_hr,augmentation_blur_kernel_41/img_3_page_0.jpeg,3,0,1,1,12,0,12x1
img_4_page_0.jpeg,LPAE_20999_hr,augmentation_blur_kernel_41/img_4_page_0.jpeg,4,0,1,4,3,1,3x4+1R
img_5_page_0.jpeg,LPAE_21515_hr,augmentation_blur_kernel_41/img_5_page_0.jpeg,5,0,1,2,6,0,6x2
img_6_page_0.jpeg,LPAE_02926_hr,augmentation_blur_kernel_41/img_6_page_0.jpeg,6,0,1,1,12,0,12x1
img_7_page_0.jpeg,LPAE_21541_hr,augmentation_blur_kernel_41/img_7_page_0.jpeg,7,0,1,2,6,0,6x2
img_8_page_0.jpeg,LPAE_05432_hr,augmentation_blur_kernel_41/img_8_page_0.jpeg,8,0,1,4,3,3,3x4+3R
img_9_page_0.jpeg,LPAE_20159_hr,augmentation_blur_kernel_41/img_9_page_0.jpeg,9,0,1,2,6,0,6x2
img_10_page_0.jpeg,LPAE_04827_hr,augmentation_blur_kernel_41/img_10_page_0.jpeg,10,0,1,4,3,1,3x4+1R
img_11_page_0.jpeg,LPAE_06229_hr,augmentation_blur_kernel_41/img_11_page_0.jpeg,11,0,1,2,6,0,6x2
img_12_page_0.jpeg,LPAE_10505_hr,augmentation_blur_kernel_41/img_12_page_0.jpeg,12,0,1,4,3,3,3x4+3R
img_13_page_0.jpeg,LPAE_10300_hr,augmentation_blur_kernel_41/img_13_page_0.jpeg,13,0,1,2,6,0,6x2
img_14_page_0.jpeg,LPAE_17226_hr,augmentation_blur_kernel_41/img_14_page_0.jpeg,14,0,1,4,3,1,3x4+1R
img_15_page_0.jpeg,LPAE_05742_hr,augmentation_blur_kernel_41/img_15_page_0.jpeg,15,0,1,4,3,1,3x4+1R
img_16_page_0.jpeg,LPAE_19550_hr,augmentation_blur_kernel_41/img_16_page_0.jpeg,16,0,1,4,3,1,3x4+1R
img_17_page_0.jpeg,LPAE_06918_hr,augmentation_blur_kernel_41/img_17_page_0.jpeg,17,0,1,4,3,1,3x4+1R
img_18_page_0.jpeg,LPAE_12879_hr,augmentation_blur_kernel_41/img_18_page_0.jpeg,18,0,1,1,12,0,12x1
img_19_page_0.jpeg,LPAE_20790_hr,augmentation_blur_kernel_41/img_19_page_0.jpeg,19,0,1,2,6,1,6x2+1R
img_20_page_0.jpeg,LPAE_20947_hr,augmentation_blur_kernel_41/img_20_page_0.jpeg,20,0,1,4,3,0,3x4
img_21_page_0.jpeg,LPAE_20515_hr,augmentation_blur_kernel_41/img_21_page_0.jpeg,21,0,1,2,6,0,6x2
img_22_page_0.jpeg,LPAE_06846_hr,augmentation_blur_kernel_41/img_22_page_0.jpeg,22,0,1,4,3,1,3x4+1R
img_23_page_0.jpeg,LPAE_04957_hr,augmentation_blur_kernel_41/img_23_page_0.jpeg,23,0,1,2,6,0,6x2
img_24_page_0.jpeg,LPAE_14819_hr,augmentation_blur_kernel_41/img_24_page_0.jpeg,24,0,1,4,3,0,3x4
img_25_page_0.jpeg,LPAE_05441_hr,augmentation_blur_kernel_41/img_25_page_0.jpeg,25,0,1,1,12,0,12x1
img_26_page_0.jpeg,LPAE_20971_hr,augmentation_blur_kernel_41/img_26_page_0.jpeg,26,0,1,4,3,1,3x4+1R
img_27_page_0.jpeg,LPAE_20680_hr,augmentation_blur_kernel_41/img_27_page_0.jpeg,27,0,1,4,3,0,3x4
img_28_page_0.jpeg,LPAE_07250_hr,augmentation_blur_kernel_41/img_28_page_0.jpeg,28,0,1,4,3,1,3x4+1R
img_29_page_0.jpeg,LPAE_20748_hr,augmentation_blur_kernel_41/img_29_page_0.jpeg,29,0,1,4,3,1,3x4+1R
img_30_page_0.jpeg,LPAE_06938_hr,augmentation_blur_kernel_41/img_30_page_0.jpeg,30,0,1,2,6,1,6x2+1R
img_31_page_0.jpeg,LPAE_20367_hr,augmentation_blur_kernel_41/img_31_page_0.jpeg,31,0,1,4,3,1,3x4+1R
img_32_page_0.jpeg,LPAE_07285_hr,augmentation_blur_kernel_41/img_32_page_0.jpeg,32,0,1,4,3,0,3x4
img_33_page_0.jpeg,LPAE_07299_hr,augmentation_blur_kernel_41/img_33_page_0.jpeg,33,0,1,2,6,0,6x2
img_34_page_0.jpeg,LPAE_21629_hr,augmentation_blur_kernel_41/img_34_page_0.jpeg,34,0,1,2,6,0,6x2
img_35_page_0.jpeg,LPAE_07596_hr,augmentation_blur_kernel_41/img_35_page_0.jpeg,35,0,1,2,6,0,6x2
img_36_page_0.jpeg,LPAE_10555_hr,augmentation_blur_kernel_41/img_36_page_0.jpeg,36,0,1,4,3,0,3x4
img_37_page_0.jpeg,LPAE_21468_hr,augmentation_blur_kernel_41/img_37_page_0.jpeg,37,0,1,4,3,1,3x4+1R
img_38_page_0.jpeg,LPAE_08885_hr,augmentation_blur_kernel_41/img_38_page_0.jpeg,38,0,1,4,3,3,3x4+3R
img_39_page_0.jpeg,LPAE_09331_hr,augmentation_blur_kernel_41/img_39_page_0.jpeg,39,0,1,2,6,0,6x2
img_40_page_0.jpeg,LPAE_09275_hr,augmentation_blur_kernel_41/img_40_page_0.jpeg,40,0,1,4,3,1,3x4+1R
img_41_page_0.jpeg,LPAE_20243_hr,augmentation_blur_kernel_41/img_41_page_0.jpeg,41,0,1,2,6,0,6x2
img_42_page_0.jpeg,LPAE_09545_hr,augmentation_blur_kernel_41/img_42_page_0.jpeg,42,0,1,4,3,1,3x4+1R
img_43_page_0.jpeg,LPAE_09754_hr,augmentation_blur_kernel_41/img_43_page_0.jpeg,43,0,1,4,3,1,3x4+1R
img_44_page_0.jpeg,LPAE_17637_hr,augmentation_blur_kernel_41/img_44_page_0.jpeg,44,0,1,4,3,0,3x4
img_45_page_0.jpeg,LPAE_17118_hr,augmentation_blur_kernel_41/img_45_page_0.jpeg,45,0,1,2,6,0,6x2
img_46_page_0.jpeg,LPAE_10306_hr,augmentation_blur_kernel_41/img_46_page_0.jpeg,46,0,1,4,3,1,3x4+1R
img_47_page_0.jpeg,LPAE_10266_hr,augmentation_blur_kernel_41/img_47_page_0.jpeg,47,0,1,4,3,3,3x4+3R
img_48_page_0.jpeg,LPAE_08007_hr,augmentation_blur_kernel_41/img_48_page_0.jpeg,48,0,1,2,6,0,6x2
img_49_page_0.jpeg,LPAE_08962_hr,augmentation_blur_kernel_41/img_49_page_0.jpeg,49,0,1,2,6,0,6x2
img_50_page_0.jpeg,LPAE_16895_hr,augmentation_blur_kernel_41/img_50_page_0.jpeg,50,0,1,4,3,0,3x4
img_51_page_0.jpeg,LPAE_05359_hr,augmentation_blur_kernel_41/img_51_page_0.jpeg,51,0,1,4,3,0,3x4
img_52_page_0.jpeg,LPAE_10554_hr,augmentation_blur_kernel_41/img_52_page_0.jpeg,52,0,1,2,6,1,6x2+1R
img_53_page_0.jpeg,LPAE_10598_hr,augmentation_blur_kernel_41/img_53_page_0.jpeg,53,0,1,2,6,0,6x2
img_54_page_0.jpeg,LPAE_17269_hr,augmentation_blur_kernel_41/img_54_page_0.jpeg,54,0,2,2,3,0,3x4
img_54_page_1.jpeg,LPAE_17269_hr,augmentation_blur_kernel_41/img_54_page_1.jpeg,54,1,2,2,3,0,3x4
img_55_page_0.jpeg,LPAE_10518_hr,augmentation_blur_kernel_41/img_55_page_0.jpeg,55,0,1,2,6,0,6x2
img_56_page_0.jpeg,LPAE_10564_hr,augmentation_blur_kernel_41/img_56_page_0.jpeg,56,0,1,2,6,0,6x2
img_57_page_0.jpeg,LPAE_06282_hr,augmentation_blur_kernel_41/img_57_page_0.jpeg,57,0,1,1,12,0,12x1
img_58_page_0.jpeg,LPAE_10943_hr,augmentation_blur_kernel_41/img_58_page_0.jpeg,58,0,1,4,3,0,3x4
img_59_page_0.jpeg,LPAE_18073_hr,augmentation_blur_kernel_41/img_59_page_0.jpeg,59,0,1,2,6,0,6x2
img_60_page_0.jpeg,LPAE_11397_hr,augmentation_blur_kernel_41/img_60_page_0.jpeg,60,0,1,2,6,0,6x2
img_61_page_0.jpeg,LPAE_05944_hr,augmentation_blur_kernel_41/img_61_page_0.jpeg,61,0,1,2,6,1,6x2+1R
img_62_page_0.jpeg,LPAE_04733_hr,augmentation_blur_kernel_41/img_62_page_0.jpeg,62,0,1,4,3,1,3x4+1R
img_63_page_0.jpeg,LPAE_10986_hr,augmentation_blur_kernel_41/img_63_page_0.jpeg,63,0,1,4,3,0,3x4
img_64_page_0.jpeg,LPAE_18227_hr,augmentation_blur_kernel_41/img_64_page_0.jpeg,64,0,1,2,6,0,6x2
img_65_page_0.jpeg,LPAE_18552_hr,augmentation_blur_kernel_41/img_65_page_0.jpeg,65,0,1,2,6,0,6x2
img_66_page_0.jpeg,LPAE_11498_hr,augmentation_blur_kernel_41/img_66_page_0.jpeg,66,0,1,4,3,1,3x4+1R
img_67_page_0.jpeg,LPAE_01805_hr,augmentation_blur_kernel_41/img_67_page_0.jpeg,67,0,1,4,3,0,3x4
img_68_page_0.jpeg,LPAE_18945_hr,augmentation_blur_kernel_41/img_68_page_0.jpeg,68,0,1,4,3,1,3x4+1R
img_69_page_0.jpeg,LPAE_12186_hr,augmentation_blur_kernel_41/img_69_page_0.jpeg,69,0,1,4,3,0,3x4
img_70_page_0.jpeg,LPAE_04794_hr,augmentation_blur_kernel_41/img_70_page_0.jpeg,70,0,1,1,12,0,12x1
img_71_page_0.jpeg,LPAE_12190_hr,augmentation_blur_kernel_41/img_71_page_0.jpeg,71,0,1,4,3,1,3x4+1R
img_72_page_0.jpeg,LPAE_12432_hr,augmentation_blur_kernel_41/img_72_page_0.jpeg,72,0,1,4,3,1,3x4+1R
img_73_page_0.jpeg,LPAE_19036_hr,augmentation_blur_kernel_41/img_73_page_0.jpeg,73,0,1,2,6,0,6x2
img_74_page_0.jpeg,LPAE_12629_hr,augmentation_blur_kernel_41/img_74_page_0.jpeg,74,0,1,4,3,1,3x4+1R
img_75_page_0.jpeg,LPAE_02444_hr,augmentation_blur_kernel_41/img_75_page_0.jpeg,75,0,2,1,6,0,6x2
img_75_page_1.jpeg,LPAE_02444_hr,augmentation_blur_kernel_41/img_75_page_1.jpeg,75,1,2,1,6,0,6x2
img_76_page_0.jpeg,LPAE_17345_hr,augmentation_blur_kernel_41/img_76_page_0.jpeg,76,0,1,2,6,0,6x2
img_77_page_0.jpeg,LPAE_06303_hr,augmentation_blur_kernel_41/img_77_page_0.jpeg,77,0,1,4,3,0,3x4
img_78_page_0.jpeg,LPAE_13851_hr,augmentation_blur_kernel_41/img_78_page_0.jpeg,78,0,1,2,6,0,6x2
img_79_page_0.jpeg,LPAE_13962_hr,augmentation_blur_kernel_41/img_79_page_0.jpeg,79,0,1,2,6,0,6x2
img_80_page_0.jpeg,LPAE_19394_hr,augmentation_blur_kernel_41/img_80_page_0.jpeg,80,0,1,4,3,1,3x4+1R
img_81_page_0.jpeg,LPAE_00232_hr,augmentation_blur_kernel_41/img_81_page_0.jpeg,81,0,1,4,3,1,3x4+1R
img_82_page_0.jpeg,LPAE_19269_hr,augmentation_blur_kernel_41/img_82_page_0.jpeg,82,0,1,4,3,1,3x4+1R
img_83_page_0.jpeg,LPAE_20117_hr,augmentation_blur_kernel_41/img_83_page_0.jpeg,83,0,1,4,3,3,3x4+3R
img_84_page_0.jpeg,LPAE_19164_hr,augmentation_blur_kernel_41/img_84_page_0.jpeg,84,0,1,4,3,1,3x4+1R
img_85_page_0.jpeg,LPAE_19686_hr,augmentation_blur_kernel_41/img_85_page_0.jpeg,85,0,1,4,3,1,3x4+1R
img_86_page_0.jpeg,LPAE_19968_hr,augmentation_blur_kernel_41/img_86_page_0.jpeg,86,0,1,2,6,0,6x2
img_87_page_0.jpeg,LPAE_19288_hr,augmentation_blur_kernel_41/img_87_page_0.jpeg,87,0,1,2,6,0,6x2
img_88_page_0.jpeg,LPAE_14304_hr,augmentation_blur_kernel_41/img_88_page_0.jpeg,88,0,4,1,3,0,3x4
img_88_page_1.jpeg,LPAE_14304_hr,augmentation_blur_kernel_41/img_88_page_1.jpeg,88,1,4,1,3,0,3x4
img_88_page_2.jpeg,LPAE_14304_hr,augmentation_blur_kernel_41/img_88_page_2.jpeg,88,2,4,1,3,0,3x4
img_88_page_3.jpeg,LPAE_14304_hr,augmentation_blur_kernel_41/img_88_page_3.jpeg,88,3,4,1,3,0,3x4
img_89_page_0.jpeg,LPAE_19309_hr,augmentation_blur_kernel_41/img_89_page_0.jpeg,89,0,2,2,3,0,3x4
img_89_page_1.jpeg,LPAE_19309_hr,augmentation_blur_kernel_41/img_89_page_1.jpeg,89,1,2,2,3,0,3x4
img_90_page_0.jpeg,LPAE_14641_hr,augmentation_blur_kernel_41/img_90_page_0.jpeg,90,0,1,2,6,0,6x2
img_91_page_0.jpeg,LPAE_15477_hr,augmentation_blur_kernel_41/img_91_page_0.jpeg,91,0,1,4,3,1,3x4+1R
img_92_page_0.jpeg,LPAE_14680_hr,augmentation_blur_kernel_41/img_92_page_0.jpeg,92,0,1,4,3,1,3x4+1R
img_93_page_0.jpeg,LPAE_15368_hr,augmentation_blur_kernel_41/img_93_page_0.jpeg,93,0,1,2,6,1,6x2+1R
img_94_page_0.jpeg,LPAE_19138_hr,augmentation_blur_kernel_41/img_94_page_0.jpeg,94,0,1,1,12,0,12x1
img_95_page_0.jpeg,LPAE_15529_hr,augmentation_blur_kernel_41/img_95_page_0.jpeg,95,0,1,2,6,0,6x2
img_96_page_0.jpeg,LPAE_15607_hr,augmentation_blur_kernel_41/img_96_page_0.jpeg,96,0,4,1,3,0,3x4
img_96_page_1.jpeg,LPAE_15607_hr,augmentation_blur_kernel_41/img_96_page_1.jpeg,96,1,4,1,3,0,3x4
img_96_page_2.jpeg,LPAE_15607_hr,augmentation_blur_kernel_41/img_96_page_2.jpeg,96,2,4,1,3,0,3x4
img_96_page_3.jpeg,LPAE_15607_hr,augmentation_blur_kernel_41/img_96_page_3.jpeg,96,3,4,1,3,0,3x4
img_97_page_0.jpeg,LPAE_19202_hr,augmentation_blur_kernel_41/img_97_page_0.jpeg,97,0,1,1,12,0,12x1
img_98_page_0.jpeg,LPAE_16212_hr,augmentation_blur_kernel_41/img_98_page_0.jpeg,98,0,1,4,3,3,3x4+3R
img_99_page_0.jpeg,LPAE_19326_hr,augmentation_blur_kernel_41/img_99_page_0.jpeg,99,0,1,2,6,0,6x2
img_100_page_0.jpeg,LPAE_20139_hr,augmentation_blur_kernel_41/img_100_page_0.jpeg,100,0,1,4,3,3,3x4+3R
img_1_page_0.jpeg,LPAE_11666_hr,augmentation_brightness_-120/img_1_page_0.jpeg,1,0,2,1,6,0,6x2
img_1_page_1.jpeg,LPAE_11666_hr,augmentation_brightness_-120/img_1_page_1.jpeg,1,1,2,1,6,0,6x2
img_2_page_0.jpeg,LPAE_11209_hr,augmentation_brightness_-120/img_2_page_0.jpeg,2,0,1,1,12,0,12x1
img_3_page_0.jpeg,LPAE_14009_hr,augmentation_brightness_-120/img_3_page_0.jpeg,3,0,1,1,12,0,12x1
img_4_page_0.jpeg,LPAE_20999_hr,augmentation_brightness_-120/img_4_page_0.jpeg,4,0,1,4,3,1,3x4+1R
img_5_page_0.jpeg,LPAE_21515_hr,augmentation_brightness_-120/img_5_page_0.jpeg,5,0,1,2,6,0,6x2
img_6_page_0.jpeg,LPAE_02926_hr,augmentation_brightness_-120/img_6_page_0.jpeg,6,0,1,1,12,0,12x1
img_7_page_0.jpeg,LPAE_21541_hr,augmentation_brightness_-120/img_7_page_0.jpeg,7,0,1,2,6,0,6x2
img_8_page_0.jpeg,LPAE_05432_hr,augmentation_brightness_-120/img_8_page_0.jpeg,8,0,1,4,3,3,3x4+3R
img_9_page_0.jpeg,LPAE_20159_hr,augmentation_brightness_-120/img_9_page_0.jpeg,9,0,1,2,6,0,6x2
img_10_page_0.jpeg,LPAE_04827_hr,augmentation_brightness_-120/img_10_page_0.jpeg,10,0,1,4,3,1,3x4+1R
img_11_page_0.jpeg,LPAE_06229_hr,augmentation_brightness_-120/img_11_page_0.jpeg,11,0,1,2,6,0,6x2
img_12_page_0.jpeg,LPAE_10505_hr,augmentation_brightness_-120/img_12_page_0.jpeg,12,0,1,4,3,3,3x4+3R
img_13_page_0.jpeg,LPAE_10300_hr,augmentation_brightness_-120/img_13_page_0.jpeg,13,0,1,2,6,0,6x2
img_14_page_0.jpeg,LPAE_17226_hr,augmentation_brightness_-120/img_14_page_0.jpeg,14,0,1,4,3,1,3x4+1R
img_15_page_0.jpeg,LPAE_05742_hr,augmentation_brightness_-120/img_15_page_0.jpeg,15,0,1,4,3,1,3x4+1R
img_16_page_0.jpeg,LPAE_19550_hr,augmentation_brightness_-120/img_16_page_0.jpeg,16,0,1,4,3,1,3x4+1R
img_17_page_0.jpeg,LPAE_06918_hr,augmentation_brightness_-120/img_17_page_0.jpeg,17,0,1,4,3,1,3x4+1R
img_18_page_0.jpeg,LPAE_12879_hr,augmentation_brightness_-120/img_18_page_0.jpeg,18,0,1,1,12,0,12x1
img_19_page_0.jpeg,LPAE_20790_hr,augmentation_brightness_-120/img_19_page_0.jpeg,19,0,1,2,6,1,6x2+1R
img_20_page_0.jpeg,LPAE_20947_hr,augmentation_brightness_-120/img_20_page_0.jpeg,20,0,1,4,3,0,3x4
img_21_page_0.jpeg,LPAE_20515_hr,augmentation_brightness_-120/img_21_page_0.jpeg,21,0,1,2,6,0,6x2
img_22_page_0.jpeg,LPAE_06846_hr,augmentation_brightness_-120/img_22_page_0.jpeg,22,0,1,4,3,1,3x4+1R
img_23_page_0.jpeg,LPAE_04957_hr,augmentation_brightness_-120/img_23_page_0.jpeg,23,0,1,2,6,0,6x2
img_24_page_0.jpeg,LPAE_14819_hr,augmentation_brightness_-120/img_24_page_0.jpeg,24,0,1,4,3,0,3x4
img_25_page_0.jpeg,LPAE_05441_hr,augmentation_brightness_-120/img_25_page_0.jpeg,25,0,1,1,12,0,12x1
img_26_page_0.jpeg,LPAE_20971_hr,augmentation_brightness_-120/img_26_page_0.jpeg,26,0,1,4,3,1,3x4+1R
img_27_page_0.jpeg,LPAE_20680_hr,augmentation_brightness_-120/img_27_page_0.jpeg,27,0,1,4,3,0,3x4
img_28_page_0.jpeg,LPAE_07250_hr,augmentation_brightness_-120/img_28_page_0.jpeg,28,0,1,4,3,1,3x4+1R
img_29_page_0.jpeg,LPAE_20748_hr,augmentation_brightness_-120/img_29_page_0.jpeg,29,0,1,4,3,1,3x4+1R
img_30_page_0.jpeg,LPAE_06938_hr,augmentation_brightness_-120/img_30_page_0.jpeg,30,0,1,2,6,1,6x2+1R
img_31_page_0.jpeg,LPAE_20367_hr,augmentation_brightness_-120/img_31_page_0.jpeg,31,0,1,4,3,1,3x4+1R
img_32_page_0.jpeg,LPAE_07285_hr,augmentation_brightness_-120/img_32_page_0.jpeg,32,0,1,4,3,0,3x4
img_33_page_0.jpeg,LPAE_07299_hr,augmentation_brightness_-120/img_33_page_0.jpeg,33,0,1,2,6,0,6x2
img_34_page_0.jpeg,LPAE_21629_hr,augmentation_brightness_-120/img_34_page_0.jpeg,34,0,1,2,6,0,6x2
img_35_page_0.jpeg,LPAE_07596_hr,augmentation_brightness_-120/img_35_page_0.jpeg,35,0,1,2,6,0,6x2
img_36_page_0.jpeg,LPAE_10555_hr,augmentation_brightness_-120/img_36_page_0.jpeg,36,0,1,4,3,0,3x4
img_37_page_0.jpeg,LPAE_21468_hr,augmentation_brightness_-120/img_37_page_0.jpeg,37,0,1,4,3,1,3x4+1R
img_38_page_0.jpeg,LPAE_08885_hr,augmentation_brightness_-120/img_38_page_0.jpeg,38,0,1,4,3,3,3x4+3R
img_39_page_0.jpeg,LPAE_09331_hr,augmentation_brightness_-120/img_39_page_0.jpeg,39,0,1,2,6,0,6x2
img_40_page_0.jpeg,LPAE_09275_hr,augmentation_brightness_-120/img_40_page_0.jpeg,40,0,1,4,3,1,3x4+1R
img_41_page_0.jpeg,LPAE_20243_hr,augmentation_brightness_-120/img_41_page_0.jpeg,41,0,1,2,6,0,6x2
img_42_page_0.jpeg,LPAE_09545_hr,augmentation_brightness_-120/img_42_page_0.jpeg,42,0,1,4,3,1,3x4+1R
img_43_page_0.jpeg,LPAE_09754_hr,augmentation_brightness_-120/img_43_page_0.jpeg,43,0,1,4,3,1,3x4+1R
img_44_page_0.jpeg,LPAE_17637_hr,augmentation_brightness_-120/img_44_page_0.jpeg,44,0,1,4,3,0,3x4
img_45_page_0.jpeg,LPAE_17118_hr,augmentation_brightness_-120/img_45_page_0.jpeg,45,0,1,2,6,0,6x2
img_46_page_0.jpeg,LPAE_10306_hr,augmentation_brightness_-120/img_46_page_0.jpeg,46,0,1,4,3,1,3x4+1R
img_47_page_0.jpeg,LPAE_10266_hr,augmentation_brightness_-120/img_47_page_0.jpeg,47,0,1,4,3,3,3x4+3R
img_48_page_0.jpeg,LPAE_08007_hr,augmentation_brightness_-120/img_48_page_0.jpeg,48,0,1,2,6,0,6x2
img_49_page_0.jpeg,LPAE_08962_hr,augmentation_brightness_-120/img_49_page_0.jpeg,49,0,1,2,6,0,6x2
img_50_page_0.jpeg,LPAE_16895_hr,augmentation_brightness_-120/img_50_page_0.jpeg,50,0,1,4,3,0,3x4
img_51_page_0.jpeg,LPAE_05359_hr,augmentation_brightness_-120/img_51_page_0.jpeg,51,0,1,4,3,0,3x4
img_52_page_0.jpeg,LPAE_10554_hr,augmentation_brightness_-120/img_52_page_0.jpeg,52,0,1,2,6,1,6x2+1R
img_53_page_0.jpeg,LPAE_10598_hr,augmentation_brightness_-120/img_53_page_0.jpeg,53,0,1,2,6,0,6x2
img_54_page_0.jpeg,LPAE_17269_hr,augmentation_brightness_-120/img_54_page_0.jpeg,54,0,2,2,3,0,3x4
img_54_page_1.jpeg,LPAE_17269_hr,augmentation_brightness_-120/img_54_page_1.jpeg,54,1,2,2,3,0,3x4
img_55_page_0.jpeg,LPAE_10518_hr,augmentation_brightness_-120/img_55_page_0.jpeg,55,0,1,2,6,0,6x2
img_56_page_0.jpeg,LPAE_10564_hr,augmentation_brightness_-120/img_56_page_0.jpeg,56,0,1,2,6,0,6x2
img_57_page_0.jpeg,LPAE_06282_hr,augmentation_brightness_-120/img_57_page_0.jpeg,57,0,1,1,12,0,12x1
img_58_page_0.jpeg,LPAE_10943_hr,augmentation_brightness_-120/img_58_page_0.jpeg,58,0,1,4,3,0,3x4
img_59_page_0.jpeg,LPAE_18073_hr,augmentation_brightness_-120/img_59_page_0.jpeg,59,0,1,2,6,0,6x2
img_60_page_0.jpeg,LPAE_11397_hr,augmentation_brightness_-120/img_60_page_0.jpeg,60,0,1,2,6,0,6x2
img_61_page_0.jpeg,LPAE_05944_hr,augmentation_brightness_-120/img_61_page_0.jpeg,61,0,1,2,6,1,6x2+1R
img_62_page_0.jpeg,LPAE_04733_hr,augmentation_brightness_-120/img_62_page_0.jpeg,62,0,1,4,3,1,3x4+1R
img_63_page_0.jpeg,LPAE_10986_hr,augmentation_brightness_-120/img_63_page_0.jpeg,63,0,1,4,3,0,3x4
img_64_page_0.jpeg,LPAE_18227_hr,augmentation_brightness_-120/img_64_page_0.jpeg,64,0,1,2,6,0,6x2
img_65_page_0.jpeg,LPAE_18552_hr,augmentation_brightness_-120/img_65_page_0.jpeg,65,0,1,2,6,0,6x2
img_66_page_0.jpeg,LPAE_11498_hr,augmentation_brightness_-120/img_66_page_0.jpeg,66,0,1,4,3,1,3x4+1R
img_67_page_0.jpeg,LPAE_01805_hr,augmentation_brightness_-120/img_67_page_0.jpeg,67,0,1,4,3,0,3x4
img_68_page_0.jpeg,LPAE_18945_hr,augmentation_brightness_-120/img_68_page_0.jpeg,68,0,1,4,3,1,3x4+1R
img_69_page_0.jpeg,LPAE_12186_hr,augmentation_brightness_-120/img_69_page_0.jpeg,69,0,1,4,3,0,3x4
img_70_page_0.jpeg,LPAE_04794_hr,augmentation_brightness_-120/img_70_page_0.jpeg,70,0,1,1,12,0,12x1
img_71_page_0.jpeg,LPAE_12190_hr,augmentation_brightness_-120/img_71_page_0.jpeg,71,0,1,4,3,1,3x4+1R
img_72_page_0.jpeg,LPAE_12432_hr,augmentation_brightness_-120/img_72_page_0.jpeg,72,0,1,4,3,1,3x4+1R
img_73_page_0.jpeg,LPAE_19036_hr,augmentation_brightness_-120/img_73_page_0.jpeg,73,0,1,2,6,0,6x2
img_74_page_0.jpeg,LPAE_12629_hr,augmentation_brightness_-120/img_74_page_0.jpeg,74,0,1,4,3,1,3x4+1R
img_75_page_0.jpeg,LPAE_02444_hr,augmentation_brightness_-120/img_75_page_0.jpeg,75,0,2,1,6,0,6x2
img_75_page_1.jpeg,LPAE_02444_hr,augmentation_brightness_-120/img_75_page_1.jpeg,75,1,2,1,6,0,6x2
img_76_page_0.jpeg,LPAE_17345_hr,augmentation_brightness_-120/img_76_page_0.jpeg,76,0,1,2,6,0,6x2
img_77_page_0.jpeg,LPAE_06303_hr,augmentation_brightness_-120/img_77_page_0.jpeg,77,0,1,4,3,0,3x4
img_78_page_0.jpeg,LPAE_13851_hr,augmentation_brightness_-120/img_78_page_0.jpeg,78,0,1,2,6,0,6x2
img_79_page_0.jpeg,LPAE_13962_hr,augmentation_brightness_-120/img_79_page_0.jpeg,79,0,1,2,6,0,6x2
img_80_page_0.jpeg,LPAE_19394_hr,augmentation_brightness_-120/img_80_page_0.jpeg,80,0,1,4,3,1,3x4+1R
img_81_page_0.jpeg,LPAE_00232_hr,augmentation_brightness_-120/img_81_page_0.jpeg,81,0,1,4,3,1,3x4+1R
img_82_page_0.jpeg,LPAE_19269_hr,augmentation_brightness_-120/img_82_page_0.jpeg,82,0,1,4,3,1,3x4+1R
img_83_page_0.jpeg,LPAE_20117_hr,augmentation_brightness_-120/img_83_page_0.jpeg,83,0,1,4,3,3,3x4+3R
img_84_page_0.jpeg,LPAE_19164_hr,augmentation_brightness_-120/img_84_page_0.jpeg,84,0,1,4,3,1,3x4+1R
img_85_page_0.jpeg,LPAE_19686_hr,augmentation_brightness_-120/img_85_page_0.jpeg,85,0,1,4,3,1,3x4+1R
img_86_page_0.jpeg,LPAE_19968_hr,augmentation_brightness_-120/img_86_page_0.jpeg,86,0,1,2,6,0,6x2
img_87_page_0.jpeg,LPAE_19288_hr,augmentation_brightness_-120/img_87_page_0.jpeg,87,0,1,2,6,0,6x2
img_88_page_0.jpeg,LPAE_14304_hr,augmentation_brightness_-120/img_88_page_0.jpeg,88,0,4,1,3,0,3x4
img_88_page_1.jpeg,LPAE_14304_hr,augmentation_brightness_-120/img_88_page_1.jpeg,88,1,4,1,3,0,3x4
img_88_page_2.jpeg,LPAE_14304_hr,augmentation_brightness_-120/img_88_page_2.jpeg,88,2,4,1,3,0,3x4
img_88_page_3.jpeg,LPAE_14304_hr,augmentation_brightness_-120/img_88_page_3.jpeg,88,3,4,1,3,0,3x4
img_89_page_0.jpeg,LPAE_19309_hr,augmentation_brightness_-120/img_89_page_0.jpeg,89,0,2,2,3,0,3x4
img_89_page_1.jpeg,LPAE_19309_hr,augmentation_brightness_-120/img_89_page_1.jpeg,89,1,2,2,3,0,3x4
img_90_page_0.jpeg,LPAE_14641_hr,augmentation_brightness_-120/img_90_page_0.jpeg,90,0,1,2,6,0,6x2
img_91_page_0.jpeg,LPAE_15477_hr,augmentation_brightness_-120/img_91_page_0.jpeg,91,0,1,4,3,1,3x4+1R
img_92_page_0.jpeg,LPAE_14680_hr,augmentation_brightness_-120/img_92_page_0.jpeg,92,0,1,4,3,1,3x4+1R
img_93_page_0.jpeg,LPAE_15368_hr,augmentation_brightness_-120/img_93_page_0.jpeg,93,0,1,2,6,1,6x2+1R
img_94_page_0.jpeg,LPAE_19138_hr,augmentation_brightness_-120/img_94_page_0.jpeg,94,0,1,1,12,0,12x1
img_95_page_0.jpeg,LPAE_15529_hr,augmentation_brightness_-120/img_95_page_0.jpeg,95,0,1,2,6,0,6x2
img_96_page_0.jpeg,LPAE_15607_hr,augmentation_brightness_-120/img_96_page_0.jpeg,96,0,4,1,3,0,3x4
img_96_page_1.jpeg,LPAE_15607_hr,augmentation_brightness_-120/img_96_page_1.jpeg,96,1,4,1,3,0,3x4
img_96_page_2.jpeg,LPAE_15607_hr,augmentation_brightness_-120/img_96_page_2.jpeg,96,2,4,1,3,0,3x4
img_96_page_3.jpeg,LPAE_15607_hr,augmentation_brightness_-120/img_96_page_3.jpeg,96,3,4,1,3,0,3x4
img_97_page_0.jpeg,LPAE_19202_hr,augmentation_brightness_-120/img_97_page_0.jpeg,97,0,1,1,12,0,12x1
img_98_page_0.jpeg,LPAE_16212_hr,augmentation_brightness_-120/img_98_page_0.jpeg,98,0,1,4,3,3,3x4+3R
img_99_page_0.jpeg,LPAE_19326_hr,augmentation_brightness_-120/img_99_page_0.jpeg,99,0,1,2,6,0,6x2
img_100_page_0.jpeg,LPAE_20139_hr,augmentation_brightness_-120/img_100_page_0.jpeg,100,0,1,4,3,3,3x4+3R
img_1_page_0.jpeg,LPAE_11666_hr,augmentation_brightness_-160/img_1_page_0.jpeg,1,0,2,1,6,0,6x2
img_1_page_1.jpeg,LPAE_11666_hr,augmentation_brightness_-160/img_1_page_1.jpeg,1,1,2,1,6,0,6x2
img_2_page_0.jpeg,LPAE_11209_hr,augmentation_brightness_-160/img_2_page_0.jpeg,2,0,1,1,12,0,12x1
img_3_page_0.jpeg,LPAE_14009_hr,augmentation_brightness_-160/img_3_page_0.jpeg,3,0,1,1,12,0,12x1
img_4_page_0.jpeg,LPAE_20999_hr,augmentation_brightness_-160/img_4_page_0.jpeg,4,0,1,4,3,1,3x4+1R
img_5_page_0.jpeg,LPAE_21515_hr,augmentation_brightness_-160/img_5_page_0.jpeg,5,0,1,2,6,0,6x2
img_6_page_0.jpeg,LPAE_02926_hr,augmentation_brightness_-160/img_6_page_0.jpeg,6,0,1,1,12,0,12x1
img_7_page_0.jpeg,LPAE_21541_hr,augmentation_brightness_-160/img_7_page_0.jpeg,7,0,1,2,6,0,6x2
img_8_page_0.jpeg,LPAE_05432_hr,augmentation_brightness_-160/img_8_page_0.jpeg,8,0,1,4,3,3,3x4+3R
img_9_page_0.jpeg,LPAE_20159_hr,augmentation_brightness_-160/img_9_page_0.jpeg,9,0,1,2,6,0,6x2
img_10_page_0.jpeg,LPAE_04827_hr,augmentation_brightness_-160/img_10_page_0.jpeg,10,0,1,4,3,1,3x4+1R
img_11_page_0.jpeg,LPAE_06229_hr,augmentation_brightness_-160/img_11_page_0.jpeg,11,0,1,2,6,0,6x2
img_12_page_0.jpeg,LPAE_10505_hr,augmentation_brightness_-160/img_12_page_0.jpeg,12,0,1,4,3,3,3x4+3R
img_13_page_0.jpeg,LPAE_10300_hr,augmentation_brightness_-160/img_13_page_0.jpeg,13,0,1,2,6,0,6x2
img_14_page_0.jpeg,LPAE_17226_hr,augmentation_brightness_-160/img_14_page_0.jpeg,14,0,1,4,3,1,3x4+1R
img_15_page_0.jpeg,LPAE_05742_hr,augmentation_brightness_-160/img_15_page_0.jpeg,15,0,1,4,3,1,3x4+1R
img_16_page_0.jpeg,LPAE_19550_hr,augmentation_brightness_-160/img_16_page_0.jpeg,16,0,1,4,3,1,3x4+1R
img_17_page_0.jpeg,LPAE_06918_hr,augmentation_brightness_-160/img_17_page_0.jpeg,17,0,1,4,3,1,3x4+1R
img_18_page_0.jpeg,LPAE_12879_hr,augmentation_brightness_-160/img_18_page_0.jpeg,18,0,1,1,12,0,12x1
img_19_page_0.jpeg,LPAE_20790_hr,augmentation_brightness_-160/img_19_page_0.jpeg,19,0,1,2,6,1,6x2+1R
img_20_page_0.jpeg,LPAE_20947_hr,augmentation_brightness_-160/img_20_page_0.jpeg,20,0,1,4,3,0,3x4
img_21_page_0.jpeg,LPAE_20515_hr,augmentation_brightness_-160/img_21_page_0.jpeg,21,0,1,2,6,0,6x2
img_22_page_0.jpeg,LPAE_06846_hr,augmentation_brightness_-160/img_22_page_0.jpeg,22,0,1,4,3,1,3x4+1R
img_23_page_0.jpeg,LPAE_04957_hr,augmentation_brightness_-160/img_23_page_0.jpeg,23,0,1,2,6,0,6x2
img_24_page_0.jpeg,LPAE_14819_hr,augmentation_brightness_-160/img_24_page_0.jpeg,24,0,1,4,3,0,3x4
img_25_page_0.jpeg,LPAE_05441_hr,augmentation_brightness_-160/img_25_page_0.jpeg,25,0,1,1,12,0,12x1
img_26_page_0.jpeg,LPAE_20971_hr,augmentation_brightness_-160/img_26_page_0.jpeg,26,0,1,4,3,1,3x4+1R
img_27_page_0.jpeg,LPAE_20680_hr,augmentation_brightness_-160/img_27_page_0.jpeg,27,0,1,4,3,0,3x4
img_28_page_0.jpeg,LPAE_07250_hr,augmentation_brightness_-160/img_28_page_0.jpeg,28,0,1,4,3,1,3x4+1R
img_29_page_0.jpeg,LPAE_20748_hr,augmentation_brightness_-160/img_29_page_0.jpeg,29,0,1,4,3,1,3x4+1R
img_30_page_0.jpeg,LPAE_06938_hr,augmentation_brightness_-160/img_30_page_0.jpeg,30,0,1,2,6,1,6x2+1R
img_31_page_0.jpeg,LPAE_20367_hr,augmentation_brightness_-160/img_31_page_0.jpeg,31,0,1,4,3,1,3x4+1R
img_32_page_0.jpeg,LPAE_07285_hr,augmentation_brightness_-160/img_32_page_0.jpeg,32,0,1,4,3,0,3x4
img_33_page_0.jpeg,LPAE_07299_hr,augmentation_brightness_-160/img_33_page_0.jpeg,33,0,1,2,6,0,6x2
img_34_page_0.jpeg,LPAE_21629_hr,augmentation_brightness_-160/img_34_page_0.jpeg,34,0,1,2,6,0,6x2
img_35_page_0.jpeg,LPAE_07596_hr,augmentation_brightness_-160/img_35_page_0.jpeg,35,0,1,2,6,0,6x2
img_36_page_0.jpeg,LPAE_10555_hr,augmentation_brightness_-160/img_36_page_0.jpeg,36,0,1,4,3,0,3x4
img_37_page_0.jpeg,LPAE_21468_hr,augmentation_brightness_-160/img_37_page_0.jpeg,37,0,1,4,3,1,3x4+1R
img_38_page_0.jpeg,LPAE_08885_hr,augmentation_brightness_-160/img_38_page_0.jpeg,38,0,1,4,3,3,3x4+3R
img_39_page_0.jpeg,LPAE_09331_hr,augmentation_brightness_-160/img_39_page_0.jpeg,39,0,1,2,6,0,6x2
img_40_page_0.jpeg,LPAE_09275_hr,augmentation_brightness_-160/img_40_page_0.jpeg,40,0,1,4,3,1,3x4+1R
img_41_page_0.jpeg,LPAE_20243_hr,augmentation_brightness_-160/img_41_page_0.jpeg,41,0,1,2,6,0,6x2
img_42_page_0.jpeg,LPAE_09545_hr,augmentation_brightness_-160/img_42_page_0.jpeg,42,0,1,4,3,1,3x4+1R
img_43_page_0.jpeg,LPAE_09754_hr,augmentation_brightness_-160/img_43_page_0.jpeg,43,0,1,4,3,1,3x4+1R
img_44_page_0.jpeg,LPAE_17637_hr,augmentation_brightness_-160/img_44_page_0.jpeg,44,0,1,4,3,0,3x4
img_45_page_0.jpeg,LPAE_17118_hr,augmentation_brightness_-160/img_45_page_0.jpeg,45,0,1,2,6,0,6x2
img_46_page_0.jpeg,LPAE_10306_hr,augmentation_brightness_-160/img_46_page_0.jpeg,46,0,1,4,3,1,3x4+1R
img_47_page_0.jpeg,LPAE_10266_hr,augmentation_brightness_-160/img_47_page_0.jpeg,47,0,1,4,3,3,3x4+3R
img_48_page_0.jpeg,LPAE_08007_hr,augmentation_brightness_-160/img_48_page_0.jpeg,48,0,1,2,6,0,6x2
img_49_page_0.jpeg,LPAE_08962_hr,augmentation_brightness_-160/img_49_page_0.jpeg,49,0,1,2,6,0,6x2
img_50_page_0.jpeg,LPAE_16895_hr,augmentation_brightness_-160/img_50_page_0.jpeg,50,0,1,4,3,0,3x4
img_51_page_0.jpeg,LPAE_05359_hr,augmentation_brightness_-160/img_51_page_0.jpeg,51,0,1,4,3,0,3x4
img_52_page_0.jpeg,LPAE_10554_hr,augmentation_brightness_-160/img_52_page_0.jpeg,52,0,1,2,6,1,6x2+1R
img_53_page_0.jpeg,LPAE_10598_hr,augmentation_brightness_-160/img_53_page_0.jpeg,53,0,1,2,6,0,6x2
img_54_page_0.jpeg,LPAE_17269_hr,augmentation_brightness_-160/img_54_page_0.jpeg,54,0,2,2,3,0,3x4
img_54_page_1.jpeg,LPAE_17269_hr,augmentation_brightness_-160/img_54_page_1.jpeg,54,1,2,2,3,0,3x4
img_55_page_0.jpeg,LPAE_10518_hr,augmentation_brightness_-160/img_55_page_0.jpeg,55,0,1,2,6,0,6x2
img_56_page_0.jpeg,LPAE_10564_hr,augmentation_brightness_-160/img_56_page_0.jpeg,56,0,1,2,6,0,6x2
img_57_page_0.jpeg,LPAE_06282_hr,augmentation_brightness_-160/img_57_page_0.jpeg,57,0,1,1,12,0,12x1
img_58_page_0.jpeg,LPAE_10943_hr,augmentation_brightness_-160/img_58_page_0.jpeg,58,0,1,4,3,0,3x4
img_59_page_0.jpeg,LPAE_18073_hr,augmentation_brightness_-160/img_59_page_0.jpeg,59,0,1,2,6,0,6x2
img_60_page_0.jpeg,LPAE_11397_hr,augmentation_brightness_-160/img_60_page_0.jpeg,60,0,1,2,6,0,6x2
img_61_page_0.jpeg,LPAE_05944_hr,augmentation_brightness_-160/img_61_page_0.jpeg,61,0,1,2,6,1,6x2+1R
img_62_page_0.jpeg,LPAE_04733_hr,augmentation_brightness_-160/img_62_page_0.jpeg,62,0,1,4,3,1,3x4+1R
img_63_page_0.jpeg,LPAE_10986_hr,augmentation_brightness_-160/img_63_page_0.jpeg,63,0,1,4,3,0,3x4
img_64_page_0.jpeg,LPAE_18227_hr,augmentation_brightness_-160/img_64_page_0.jpeg,64,0,1,2,6,0,6x2
img_65_page_0.jpeg,LPAE_18552_hr,augmentation_brightness_-160/img_65_page_0.jpeg,65,0,1,2,6,0,6x2
img_66_page_0.jpeg,LPAE_11498_hr,augmentation_brightness_-160/img_66_page_0.jpeg,66,0,1,4,3,1,3x4+1R
img_67_page_0.jpeg,LPAE_01805_hr,augmentation_brightness_-160/img_67_page_0.jpeg,67,0,1,4,3,0,3x4
img_68_page_0.jpeg,LPAE_18945_hr,augmentation_brightness_-160/img_68_page_0.jpeg,68,0,1,4,3,1,3x4+1R
img_69_page_0.jpeg,LPAE_12186_hr,augmentation_brightness_-160/img_69_page_0.jpeg,69,0,1,4,3,0,3x4
img_70_page_0.jpeg,LPAE_04794_hr,augmentation_brightness_-160/img_70_page_0.jpeg,70,0,1,1,12,0,12x1
img_71_page_0.jpeg,LPAE_12190_hr,augmentation_brightness_-160/img_71_page_0.jpeg,71,0,1,4,3,1,3x4+1R
img_72_page_0.jpeg,LPAE_12432_hr,augmentation_brightness_-160/img_72_page_0.jpeg,72,0,1,4,3,1,3x4+1R
img_73_page_0.jpeg,LPAE_19036_hr,augmentation_brightness_-160/img_73_page_0.jpeg,73,0,1,2,6,0,6x2
img_74_page_0.jpeg,LPAE_12629_hr,augmentation_brightness_-160/img_74_page_0.jpeg,74,0,1,4,3,1,3x4+1R
img_75_page_0.jpeg,LPAE_02444_hr,augmentation_brightness_-160/img_75_page_0.jpeg,75,0,2,1,6,0,6x2
img_75_page_1.jpeg,LPAE_02444_hr,augmentation_brightness_-160/img_75_page_1.jpeg,75,1,2,1,6,0,6x2
img_76_page_0.jpeg,LPAE_17345_hr,augmentation_brightness_-160/img_76_page_0.jpeg,76,0,1,2,6,0,6x2
img_77_page_0.jpeg,LPAE_06303_hr,augmentation_brightness_-160/img_77_page_0.jpeg,77,0,1,4,3,0,3x4
img_78_page_0.jpeg,LPAE_13851_hr,augmentation_brightness_-160/img_78_page_0.jpeg,78,0,1,2,6,0,6x2
img_79_page_0.jpeg,LPAE_13962_hr,augmentation_brightness_-160/img_79_page_0.jpeg,79,0,1,2,6,0,6x2
img_80_page_0.jpeg,LPAE_19394_hr,augmentation_brightness_-160/img_80_page_0.jpeg,80,0,1,4,3,1,3x4+1R
img_81_page_0.jpeg,LPAE_00232_hr,augmentation_brightness_-160/img_81_page_0.jpeg,81,0,1,4,3,1,3x4+1R
img_82_page_0.jpeg,LPAE_19269_hr,augmentation_brightness_-160/img_82_page_0.jpeg,82,0,1,4,3,1,3x4+1R
img_83_page_0.jpeg,LPAE_20117_hr,augmentation_brightness_-160/img_83_page_0.jpeg,83,0,1,4,3,3,3x4+3R
img_84_page_0.jpeg,LPAE_19164_hr,augmentation_brightness_-160/img_84_page_0.jpeg,84,0,1,4,3,1,3x4+1R
img_85_page_0.jpeg,LPAE_19686_hr,augmentation_brightness_-160/img_85_page_0.jpeg,85,0,1,4,3,1,3x4+1R
img_86_page_0.jpeg,LPAE_19968_hr,augmentation_brightness_-160/img_86_page_0.jpeg,86,0,1,2,6,0,6x2
img_87_page_0.jpeg,LPAE_19288_hr,augmentation_brightness_-160/img_87_page_0.jpeg,87,0,1,2,6,0,6x2
img_88_page_0.jpeg,LPAE_14304_hr,augmentation_brightness_-160/img_88_page_0.jpeg,88,0,4,1,3,0,3x4
img_88_page_1.jpeg,LPAE_14304_hr,augmentation_brightness_-160/img_88_page_1.jpeg,88,1,4,1,3,0,3x4
img_88_page_2.jpeg,LPAE_14304_hr,augmentation_brightness_-160/img_88_page_2.jpeg,88,2,4,1,3,0,3x4
img_88_page_3.jpeg,LPAE_14304_hr,augmentation_brightness_-160/img_88_page_3.jpeg,88,3,4,1,3,0,3x4
img_89_page_0.jpeg,LPAE_19309_hr,augmentation_brightness_-160/img_89_page_0.jpeg,89,0,2,2,3,0,3x4
img_89_page_1.jpeg,LPAE_19309_hr,augmentation_brightness_-160/img_89_page_1.jpeg,89,1,2,2,3,0,3x4
img_90_page_0.jpeg,LPAE_14641_hr,augmentation_brightness_-160/img_90_page_0.jpeg,90,0,1,2,6,0,6x2
img_91_page_0.jpeg,LPAE_15477_hr,augmentation_brightness_-160/img_91_page_0.jpeg,91,0,1,4,3,1,3x4+1R
img_92_page_0.jpeg,LPAE_14680_hr,augmentation_brightness_-160/img_92_page_0.jpeg,92,0,1,4,3,1,3x4+1R
img_93_page_0.jpeg,LPAE_15368_hr,augmentation_brightness_-160/img_93_page_0.jpeg,93,0,1,2,6,1,6x2+1R
img_94_page_0.jpeg,LPAE_19138_hr,augmentation_brightness_-160/img_94_page_0.jpeg,94,0,1,1,12,0,12x1
img_95_page_0.jpeg,LPAE_15529_hr,augmentation_brightness_-160/img_95_page_0.jpeg,95,0,1,2,6,0,6x2
img_96_page_0.jpeg,LPAE_15607_hr,augmentation_brightness_-160/img_96_page_0.jpeg,96,0,4,1,3,0,3x4
img_96_page_1.jpeg,LPAE_15607_hr,augmentation_brightness_-160/img_96_page_1.jpeg,96,1,4,1,3,0,3x4
img_96_page_2.jpeg,LPAE_15607_hr,augmentation_brightness_-160/img_96_page_2.jpeg,96,2,4,1,3,0,3x4
img_96_page_3.jpeg,LPAE_15607_hr,augmentation_brightness_-160/img_96_page_3.jpeg,96,3,4,1,3,0,3x4
img_97_page_0.jpeg,LPAE_19202_hr,augmentation_brightness_-160/img_97_page_0.jpeg,97,0,1,1,12,0,12x1
img_98_page_0.jpeg,LPAE_16212_hr,augmentation_brightness_-160/img_98_page_0.jpeg,98,0,1,4,3,3,3x4+3R
img_99_page_0.jpeg,LPAE_19326_hr,augmentation_brightness_-160/img_99_page_0.jpeg,99,0,1,2,6,0,6x2
img_100_page_0.jpeg,LPAE_20139_hr,augmentation_brightness_-160/img_100_page_0.jpeg,100,0,1,4,3,3,3x4+3R
img_1_page_0.jpeg,LPAE_11666_hr,augmentation_brightness_-40/img_1_page_0.jpeg,1,0,2,1,6,0,6x2
img_1_page_1.jpeg,LPAE_11666_hr,augmentation_brightness_-40/img_1_page_1.jpeg,1,1,2,1,6,0,6x2
img_2_page_0.jpeg,LPAE_11209_hr,augmentation_brightness_-40/img_2_page_0.jpeg,2,0,1,1,12,0,12x1
img_3_page_0.jpeg,LPAE_14009_hr,augmentation_brightness_-40/img_3_page_0.jpeg,3,0,1,1,12,0,12x1
img_4_page_0.jpeg,LPAE_20999_hr,augmentation_brightness_-40/img_4_page_0.jpeg,4,0,1,4,3,1,3x4+1R
img_5_page_0.jpeg,LPAE_21515_hr,augmentation_brightness_-40/img_5_page_0.jpeg,5,0,1,2,6,0,6x2
img_6_page_0.jpeg,LPAE_02926_hr,augmentation_brightness_-40/img_6_page_0.jpeg,6,0,1,1,12,0,12x1
img_7_page_0.jpeg,LPAE_21541_hr,augmentation_brightness_-40/img_7_page_0.jpeg,7,0,1,2,6,0,6x2
img_8_page_0.jpeg,LPAE_05432_hr,augmentation_brightness_-40/img_8_page_0.jpeg,8,0,1,4,3,3,3x4+3R
img_9_page_0.jpeg,LPAE_20159_hr,augmentation_brightness_-40/img_9_page_0.jpeg,9,0,1,2,6,0,6x2
img_10_page_0.jpeg,LPAE_04827_hr,augmentation_brightness_-40/img_10_page_0.jpeg,10,0,1,4,3,1,3x4+1R
img_11_page_0.jpeg,LPAE_06229_hr,augmentation_brightness_-40/img_11_page_0.jpeg,11,0,1,2,6,0,6x2
img_12_page_0.jpeg,LPAE_10505_hr,augmentation_brightness_-40/img_12_page_0.jpeg,12,0,1,4,3,3,3x4+3R
img_13_page_0.jpeg,LPAE_10300_hr,augmentation_brightness_-40/img_13_page_0.jpeg,13,0,1,2,6,0,6x2
img_14_page_0.jpeg,LPAE_17226_hr,augmentation_brightness_-40/img_14_page_0.jpeg,14,0,1,4,3,1,3x4+1R
img_15_page_0.jpeg,LPAE_05742_hr,augmentation_brightness_-40/img_15_page_0.jpeg,15,0,1,4,3,1,3x4+1R
img_16_page_0.jpeg,LPAE_19550_hr,augmentation_brightness_-40/img_16_page_0.jpeg,16,0,1,4,3,1,3x4+1R
img_17_page_0.jpeg,LPAE_06918_hr,augmentation_brightness_-40/img_17_page_0.jpeg,17,0,1,4,3,1,3x4+1R
img_18_page_0.jpeg,LPAE_12879_hr,augmentation_brightness_-40/img_18_page_0.jpeg,18,0,1,1,12,0,12x1
img_19_page_0.jpeg,LPAE_20790_hr,augmentation_brightness_-40/img_19_page_0.jpeg,19,0,1,2,6,1,6x2+1R
img_20_page_0.jpeg,LPAE_20947_hr,augmentation_brightness_-40/img_20_page_0.jpeg,20,0,1,4,3,0,3x4
img_21_page_0.jpeg,LPAE_20515_hr,augmentation_brightness_-40/img_21_page_0.jpeg,21,0,1,2,6,0,6x2
img_22_page_0.jpeg,LPAE_06846_hr,augmentation_brightness_-40/img_22_page_0.jpeg,22,0,1,4,3,1,3x4+1R
img_23_page_0.jpeg,LPAE_04957_hr,augmentation_brightness_-40/img_23_page_0.jpeg,23,0,1,2,6,0,6x2
img_24_page_0.jpeg,LPAE_14819_hr,augmentation_brightness_-40/img_24_page_0.jpeg,24,0,1,4,3,0,3x4
img_25_page_0.jpeg,LPAE_05441_hr,augmentation_brightness_-40/img_25_page_0.jpeg,25,0,1,1,12,0,12x1
img_26_page_0.jpeg,LPAE_20971_hr,augmentation_brightness_-40/img_26_page_0.jpeg,26,0,1,4,3,1,3x4+1R
img_27_page_0.jpeg,LPAE_20680_hr,augmentation_brightness_-40/img_27_page_0.jpeg,27,0,1,4,3,0,3x4
img_28_page_0.jpeg,LPAE_07250_hr,augmentation_brightness_-40/img_28_page_0.jpeg,28,0,1,4,3,1,3x4+1R
img_29_page_0.jpeg,LPAE_20748_hr,augmentation_brightness_-40/img_29_page_0.jpeg,29,0,1,4,3,1,3x4+1R
img_30_page_0.jpeg,LPAE_06938_hr,augmentation_brightness_-40/img_30_page_0.jpeg,30,0,1,2,6,1,6x2+1R
img_31_page_0.jpeg,LPAE_20367_hr,augmentation_brightness_-40/img_31_page_0.jpeg,31,0,1,4,3,1,3x4+1R
img_32_page_0.jpeg,LPAE_07285_hr,augmentation_brightness_-40/img_32_page_0.jpeg,32,0,1,4,3,0,3x4
img_33_page_0.jpeg,LPAE_07299_hr,augmentation_brightness_-40/img_33_page_0.jpeg,33,0,1,2,6,0,6x2
img_34_page_0.jpeg,LPAE_21629_hr,augmentation_brightness_-40/img_34_page_0.jpeg,34,0,1,2,6,0,6x2
img_35_page_0.jpeg,LPAE_07596_hr,augmentation_brightness_-40/img_35_page_0.jpeg,35,0,1,2,6,0,6x2
img_36_page_0.jpeg,LPAE_10555_hr,augmentation_brightness_-40/img_36_page_0.jpeg,36,0,1,4,3,0,3x4
img_37_page_0.jpeg,LPAE_21468_hr,augmentation_brightness_-40/img_37_page_0.jpeg,37,0,1,4,3,1,3x4+1R
img_38_page_0.jpeg,LPAE_08885_hr,augmentation_brightness_-40/img_38_page_0.jpeg,38,0,1,4,3,3,3x4+3R
img_39_page_0.jpeg,LPAE_09331_hr,augmentation_brightness_-40/img_39_page_0.jpeg,39,0,1,2,6,0,6x2
img_40_page_0.jpeg,LPAE_09275_hr,augmentation_brightness_-40/img_40_page_0.jpeg,40,0,1,4,3,1,3x4+1R
img_41_page_0.jpeg,LPAE_20243_hr,augmentation_brightness_-40/img_41_page_0.jpeg,41,0,1,2,6,0,6x2
img_42_page_0.jpeg,LPAE_09545_hr,augmentation_brightness_-40/img_42_page_0.jpeg,42,0,1,4,3,1,3x4+1R
img_43_page_0.jpeg,LPAE_09754_hr,augmentation_brightness_-40/img_43_page_0.jpeg,43,0,1,4,3,1,3x4+1R
img_44_page_0.jpeg,LPAE_17637_hr,augmentation_brightness_-40/img_44_page_0.jpeg,44,0,1,4,3,0,3x4
img_45_page_0.jpeg,LPAE_17118_hr,augmentation_brightness_-40/img_45_page_0.jpeg,45,0,1,2,6,0,6x2
img_46_page_0.jpeg,LPAE_10306_hr,augmentation_brightness_-40/img_46_page_0.jpeg,46,0,1,4,3,1,3x4+1R
img_47_page_0.jpeg,LPAE_10266_hr,augmentation_brightness_-40/img_47_page_0.jpeg,47,0,1,4,3,3,3x4+3R
img_48_page_0.jpeg,LPAE_08007_hr,augmentation_brightness_-40/img_48_page_0.jpeg,48,0,1,2,6,0,6x2
img_49_page_0.jpeg,LPAE_08962_hr,augmentation_brightness_-40/img_49_page_0.jpeg,49,0,1,2,6,0,6x2
img_50_page_0.jpeg,LPAE_16895_hr,augmentation_brightness_-40/img_50_page_0.jpeg,50,0,1,4,3,0,3x4
img_51_page_0.jpeg,LPAE_05359_hr,augmentation_brightness_-40/img_51_page_0.jpeg,51,0,1,4,3,0,3x4
img_52_page_0.jpeg,LPAE_10554_hr,augmentation_brightness_-40/img_52_page_0.jpeg,52,0,1,2,6,1,6x2+1R
img_53_page_0.jpeg,LPAE_10598_hr,augmentation_brightness_-40/img_53_page_0.jpeg,53,0,1,2,6,0,6x2
img_54_page_0.jpeg,LPAE_17269_hr,augmentation_brightness_-40/img_54_page_0.jpeg,54,0,2,2,3,0,3x4
img_54_page_1.jpeg,LPAE_17269_hr,augmentation_brightness_-40/img_54_page_1.jpeg,54,1,2,2,3,0,3x4
img_55_page_0.jpeg,LPAE_10518_hr,augmentation_brightness_-40/img_55_page_0.jpeg,55,0,1,2,6,0,6x2
img_56_page_0.jpeg,LPAE_10564_hr,augmentation_brightness_-40/img_56_page_0.jpeg,56,0,1,2,6,0,6x2
img_57_page_0.jpeg,LPAE_06282_hr,augmentation_brightness_-40/img_57_page_0.jpeg,57,0,1,1,12,0,12x1
img_58_page_0.jpeg,LPAE_10943_hr,augmentation_brightness_-40/img_58_page_0.jpeg,58,0,1,4,3,0,3x4
img_59_page_0.jpeg,LPAE_18073_hr,augmentation_brightness_-40/img_59_page_0.jpeg,59,0,1,2,6,0,6x2
img_60_page_0.jpeg,LPAE_11397_hr,augmentation_brightness_-40/img_60_page_0.jpeg,60,0,1,2,6,0,6x2
img_61_page_0.jpeg,LPAE_05944_hr,augmentation_brightness_-40/img_61_page_0.jpeg,61,0,1,2,6,1,6x2+1R
img_62_page_0.jpeg,LPAE_04733_hr,augmentation_brightness_-40/img_62_page_0.jpeg,62,0,1,4,3,1,3x4+1R
img_63_page_0.jpeg,LPAE_10986_hr,augmentation_brightness_-40/img_63_page_0.jpeg,63,0,1,4,3,0,3x4
img_64_page_0.jpeg,LPAE_18227_hr,augmentation_brightness_-40/img_64_page_0.jpeg,64,0,1,2,6,0,6x2
img_65_page_0.jpeg,LPAE_18552_hr,augmentation_brightness_-40/img_65_page_0.jpeg,65,0,1,2,6,0,6x2
img_66_page_0.jpeg,LPAE_11498_hr,augmentation_brightness_-40/img_66_page_0.jpeg,66,0,1,4,3,1,3x4+1R
img_67_page_0.jpeg,LPAE_01805_hr,augmentation_brightness_-40/img_67_page_0.jpeg,67,0,1,4,3,0,3x4
img_68_page_0.jpeg,LPAE_18945_hr,augmentation_brightness_-40/img_68_page_0.jpeg,68,0,1,4,3,1,3x4+1R
img_69_page_0.jpeg,LPAE_12186_hr,augmentation_brightness_-40/img_69_page_0.jpeg,69,0,1,4,3,0,3x4
img_70_page_0.jpeg,LPAE_04794_hr,augmentation_brightness_-40/img_70_page_0.jpeg,70,0,1,1,12,0,12x1
img_71_page_0.jpeg,LPAE_12190_hr,augmentation_brightness_-40/img_71_page_0.jpeg,71,0,1,4,3,1,3x4+1R
img_72_page_0.jpeg,LPAE_12432_hr,augmentation_brightness_-40/img_72_page_0.jpeg,72,0,1,4,3,1,3x4+1R
img_73_page_0.jpeg,LPAE_19036_hr,augmentation_brightness_-40/img_73_page_0.jpeg,73,0,1,2,6,0,6x2
img_74_page_0.jpeg,LPAE_12629_hr,augmentation_brightness_-40/img_74_page_0.jpeg,74,0,1,4,3,1,3x4+1R
img_75_page_0.jpeg,LPAE_02444_hr,augmentation_brightness_-40/img_75_page_0.jpeg,75,0,2,1,6,0,6x2
img_75_page_1.jpeg,LPAE_02444_hr,augmentation_brightness_-40/img_75_page_1.jpeg,75,1,2,1,6,0,6x2
img_76_page_0.jpeg,LPAE_17345_hr,augmentation_brightness_-40/img_76_page_0.jpeg,76,0,1,2,6,0,6x2
img_77_page_0.jpeg,LPAE_06303_hr,augmentation_brightness_-40/img_77_page_0.jpeg,77,0,1,4,3,0,3x4
img_78_page_0.jpeg,LPAE_13851_hr,augmentation_brightness_-40/img_78_page_0.jpeg,78,0,1,2,6,0,6x2
img_79_page_0.jpeg,LPAE_13962_hr,augmentation_brightness_-40/img_79_page_0.jpeg,79,0,1,2,6,0,6x2
img_80_page_0.jpeg,LPAE_19394_hr,augmentation_brightness_-40/img_80_page_0.jpeg,80,0,1,4,3,1,3x4+1R
img_81_page_0.jpeg,LPAE_00232_hr,augmentation_brightness_-40/img_81_page_0.jpeg,81,0,1,4,3,1,3x4+1R
img_82_page_0.jpeg,LPAE_19269_hr,augmentation_brightness_-40/img_82_page_0.jpeg,82,0,1,4,3,1,3x4+1R
img_83_page_0.jpeg,LPAE_20117_hr,augmentation_brightness_-40/img_83_page_0.jpeg,83,0,1,4,3,3,3x4+3R
img_84_page_0.jpeg,LPAE_19164_hr,augmentation_brightness_-40/img_84_page_0.jpeg,84,0,1,4,3,1,3x4+1R
img_85_page_0.jpeg,LPAE_19686_hr,augmentation_brightness_-40/img_85_page_0.jpeg,85,0,1,4,3,1,3x4+1R
img_86_page_0.jpeg,LPAE_19968_hr,augmentation_brightness_-40/img_86_page_0.jpeg,86,0,1,2,6,0,6x2
img_87_page_0.jpeg,LPAE_19288_hr,augmentation_brightness_-40/img_87_page_0.jpeg,87,0,1,2,6,0,6x2
img_88_page_0.jpeg,LPAE_14304_hr,augmentation_brightness_-40/img_88_page_0.jpeg,88,0,4,1,3,0,3x4
img_88_page_1.jpeg,LPAE_14304_hr,augmentation_brightness_-40/img_88_page_1.jpeg,88,1,4,1,3,0,3x4
img_88_page_2.jpeg,LPAE_14304_hr,augmentation_brightness_-40/img_88_page_2.jpeg,88,2,4,1,3,0,3x4
img_88_page_3.jpeg,LPAE_14304_hr,augmentation_brightness_-40/img_88_page_3.jpeg,88,3,4,1,3,0,3x4
img_89_page_0.jpeg,LPAE_19309_hr,augmentation_brightness_-40/img_89_page_0.jpeg,89,0,2,2,3,0,3x4
img_89_page_1.jpeg,LPAE_19309_hr,augmentation_brightness_-40/img_89_page_1.jpeg,89,1,2,2,3,0,3x4
img_90_page_0.jpeg,LPAE_14641_hr,augmentation_brightness_-40/img_90_page_0.jpeg,90,0,1,2,6,0,6x2
img_91_page_0.jpeg,LPAE_15477_hr,augmentation_brightness_-40/img_91_page_0.jpeg,91,0,1,4,3,1,3x4+1R
img_92_page_0.jpeg,LPAE_14680_hr,augmentation_brightness_-40/img_92_page_0.jpeg,92,0,1,4,3,1,3x4+1R
img_93_page_0.jpeg,LPAE_15368_hr,augmentation_brightness_-40/img_93_page_0.jpeg,93,0,1,2,6,1,6x2+1R
img_94_page_0.jpeg,LPAE_19138_hr,augmentation_brightness_-40/img_94_page_0.jpeg,94,0,1,1,12,0,12x1
img_95_page_0.jpeg,LPAE_15529_hr,augmentation_brightness_-40/img_95_page_0.jpeg,95,0,1,2,6,0,6x2
img_96_page_0.jpeg,LPAE_15607_hr,augmentation_brightness_-40/img_96_page_0.jpeg,96,0,4,1,3,0,3x4
img_96_page_1.jpeg,LPAE_15607_hr,augmentation_brightness_-40/img_96_page_1.jpeg,96,1,4,1,3,0,3x4
img_96_page_2.jpeg,LPAE_15607_hr,augmentation_brightness_-40/img_96_page_2.jpeg,96,2,4,1,3,0,3x4
img_96_page_3.jpeg,LPAE_15607_hr,augmentation_brightness_-40/img_96_page_3.jpeg,96,3,4,1,3,0,3x4
img_97_page_0.jpeg,LPAE_19202_hr,augmentation_brightness_-40/img_97_page_0.jpeg,97,0,1,1,12,0,12x1
img_98_page_0.jpeg,LPAE_16212_hr,augmentation_brightness_-40/img_98_page_0.jpeg,98,0,1,4,3,3,3x4+3R
img_99_page_0.jpeg,LPAE_19326_hr,augmentation_brightness_-40/img_99_page_0.jpeg,99,0,1,2,6,0,6x2
img_100_page_0.jpeg,LPAE_20139_hr,augmentation_brightness_-40/img_100_page_0.jpeg,100,0,1,4,3,3,3x4+3R
img_1_page_0.jpeg,LPAE_11666_hr,augmentation_brightness_-80/img_1_page_0.jpeg,1,0,2,1,6,0,6x2
img_1_page_1.jpeg,LPAE_11666_hr,augmentation_brightness_-80/img_1_page_1.jpeg,1,1,2,1,6,0,6x2
img_2_page_0.jpeg,LPAE_11209_hr,augmentation_brightness_-80/img_2_page_0.jpeg,2,0,1,1,12,0,12x1
img_3_page_0.jpeg,LPAE_14009_hr,augmentation_brightness_-80/img_3_page_0.jpeg,3,0,1,1,12,0,12x1
img_4_page_0.jpeg,LPAE_20999_hr,augmentation_brightness_-80/img_4_page_0.jpeg,4,0,1,4,3,1,3x4+1R
img_5_page_0.jpeg,LPAE_21515_hr,augmentation_brightness_-80/img_5_page_0.jpeg,5,0,1,2,6,0,6x2
img_6_page_0.jpeg,LPAE_02926_hr,augmentation_brightness_-80/img_6_page_0.jpeg,6,0,1,1,12,0,12x1
img_7_page_0.jpeg,LPAE_21541_hr,augmentation_brightness_-80/img_7_page_0.jpeg,7,0,1,2,6,0,6x2
img_8_page_0.jpeg,LPAE_05432_hr,augmentation_brightness_-80/img_8_page_0.jpeg,8,0,1,4,3,3,3x4+3R
img_9_page_0.jpeg,LPAE_20159_hr,augmentation_brightness_-80/img_9_page_0.jpeg,9,0,1,2,6,0,6x2
img_10_page_0.jpeg,LPAE_04827_hr,augmentation_brightness_-80/img_10_page_0.jpeg,10,0,1,4,3,1,3x4+1R
img_11_page_0.jpeg,LPAE_06229_hr,augmentation_brightness_-80/img_11_page_0.jpeg,11,0,1,2,6,0,6x2
img_12_page_0.jpeg,LPAE_10505_hr,augmentation_brightness_-80/img_12_page_0.jpeg,12,0,1,4,3,3,3x4+3R
img_13_page_0.jpeg,LPAE_10300_hr,augmentation_brightness_-80/img_13_page_0.jpeg,13,0,1,2,6,0,6x2
img_14_page_0.jpeg,LPAE_17226_hr,augmentation_brightness_-80/img_14_page_0.jpeg,14,0,1,4,3,1,3x4+1R
img_15_page_0.jpeg,LPAE_05742_hr,augmentation_brightness_-80/img_15_page_0.jpeg,15,0,1,4,3,1,3x4+1R
img_16_page_0.jpeg,LPAE_19550_hr,augmentation_brightness_-80/img_16_page_0.jpeg,16,0,1,4,3,1,3x4+1R
img_17_page_0.jpeg,LPAE_06918_hr,augmentation_brightness_-80/img_17_page_0.jpeg,17,0,1,4,3,1,3x4+1R
img_18_page_0.jpeg,LPAE_12879_hr,augmentation_brightness_-80/img_18_page_0.jpeg,18,0,1,1,12,0,12x1
img_19_page_0.jpeg,LPAE_20790_hr,augmentation_brightness_-80/img_19_page_0.jpeg,19,0,1,2,6,1,6x2+1R
img_20_page_0.jpeg,LPAE_20947_hr,augmentation_brightness_-80/img_20_page_0.jpeg,20,0,1,4,3,0,3x4
img_21_page_0.jpeg,LPAE_20515_hr,augmentation_brightness_-80/img_21_page_0.jpeg,21,0,1,2,6,0,6x2
img_22_page_0.jpeg,LPAE_06846_hr,augmentation_brightness_-80/img_22_page_0.jpeg,22,0,1,4,3,1,3x4+1R
img_23_page_0.jpeg,LPAE_04957_hr,augmentation_brightness_-80/img_23_page_0.jpeg,23,0,1,2,6,0,6x2
img_24_page_0.jpeg,LPAE_14819_hr,augmentation_brightness_-80/img_24_page_0.jpeg,24,0,1,4,3,0,3x4
img_25_page_0.jpeg,LPAE_05441_hr,augmentation_brightness_-80/img_25_page_0.jpeg,25,0,1,1,12,0,12x1
img_26_page_0.jpeg,LPAE_20971_hr,augmentation_brightness_-80/img_26_page_0.jpeg,26,0,1,4,3,1,3x4+1R
img_27_page_0.jpeg,LPAE_20680_hr,augmentation_brightness_-80/img_27_page_0.jpeg,27,0,1,4,3,0,3x4
img_28_page_0.jpeg,LPAE_07250_hr,augmentation_brightness_-80/img_28_page_0.jpeg,28,0,1,4,3,1,3x4+1R
img_29_page_0.jpeg,LPAE_20748_hr,augmentation_brightness_-80/img_29_page_0.jpeg,29,0,1,4,3,1,3x4+1R
img_30_page_0.jpeg,LPAE_06938_hr,augmentation_brightness_-80/img_30_page_0.jpeg,30,0,1,2,6,1,6x2+1R
img_31_page_0.jpeg,LPAE_20367_hr,augmentation_brightness_-80/img_31_page_0.jpeg,31,0,1,4,3,1,3x4+1R
img_32_page_0.jpeg,LPAE_07285_hr,augmentation_brightness_-80/img_32_page_0.jpeg,32,0,1,4,3,0,3x4
img_33_page_0.jpeg,LPAE_07299_hr,augmentation_brightness_-80/img_33_page_0.jpeg,33,0,1,2,6,0,6x2
img_34_page_0.jpeg,LPAE_21629_hr,augmentation_brightness_-80/img_34_page_0.jpeg,34,0,1,2,6,0,6x2
img_35_page_0.jpeg,LPAE_07596_hr,augmentation_brightness_-80/img_35_page_0.jpeg,35,0,1,2,6,0,6x2
img_36_page_0.jpeg,LPAE_10555_hr,augmentation_brightness_-80/img_36_page_0.jpeg,36,0,1,4,3,0,3x4
img_37_page_0.jpeg,LPAE_21468_hr,augmentation_brightness_-80/img_37_page_0.jpeg,37,0,1,4,3,1,3x4+1R
img_38_page_0.jpeg,LPAE_08885_hr,augmentation_brightness_-80/img_38_page_0.jpeg,38,0,1,4,3,3,3x4+3R
img_39_page_0.jpeg,LPAE_09331_hr,augmentation_brightness_-80/img_39_page_0.jpeg,39,0,1,2,6,0,6x2
img_40_page_0.jpeg,LPAE_09275_hr,augmentation_brightness_-80/img_40_page_0.jpeg,40,0,1,4,3,1,3x4+1R
img_41_page_0.jpeg,LPAE_20243_hr,augmentation_brightness_-80/img_41_page_0.jpeg,41,0,1,2,6,0,6x2
img_42_page_0.jpeg,LPAE_09545_hr,augmentation_brightness_-80/img_42_page_0.jpeg,42,0,1,4,3,1,3x4+1R
img_43_page_0.jpeg,LPAE_09754_hr,augmentation_brightness_-80/img_43_page_0.jpeg,43,0,1,4,3,1,3x4+1R
img_44_page_0.jpeg,LPAE_17637_hr,augmentation_brightness_-80/img_44_page_0.jpeg,44,0,1,4,3,0,3x4
img_45_page_0.jpeg,LPAE_17118_hr,augmentation_brightness_-80/img_45_page_0.jpeg,45,0,1,2,6,0,6x2
img_46_page_0.jpeg,LPAE_10306_hr,augmentation_brightness_-80/img_46_page_0.jpeg,46,0,1,4,3,1,3x4+1R
img_47_page_0.jpeg,LPAE_10266_hr,augmentation_brightness_-80/img_47_page_0.jpeg,47,0,1,4,3,3,3x4+3R
img_48_page_0.jpeg,LPAE_08007_hr,augmentation_brightness_-80/img_48_page_0.jpeg,48,0,1,2,6,0,6x2
img_49_page_0.jpeg,LPAE_08962_hr,augmentation_brightness_-80/img_49_page_0.jpeg,49,0,1,2,6,0,6x2
img_50_page_0.jpeg,LPAE_16895_hr,augmentation_brightness_-80/img_50_page_0.jpeg,50,0,1,4,3,0,3x4
img_51_page_0.jpeg,LPAE_05359_hr,augmentation_brightness_-80/img_51_page_0.jpeg,51,0,1,4,3,0,3x4
img_52_page_0.jpeg,LPAE_10554_hr,augmentation_brightness_-80/img_52_page_0.jpeg,52,0,1,2,6,1,6x2+1R
img_53_page_0.jpeg,LPAE_10598_hr,augmentation_brightness_-80/img_53_page_0.jpeg,53,0,1,2,6,0,6x2
img_54_page_0.jpeg,LPAE_17269_hr,augmentation_brightness_-80/img_54_page_0.jpeg,54,0,2,2,3,0,3x4
img_54_page_1.jpeg,LPAE_17269_hr,augmentation_brightness_-80/img_54_page_1.jpeg,54,1,2,2,3,0,3x4
img_55_page_0.jpeg,LPAE_10518_hr,augmentation_brightness_-80/img_55_page_0.jpeg,55,0,1,2,6,0,6x2
img_56_page_0.jpeg,LPAE_10564_hr,augmentation_brightness_-80/img_56_page_0.jpeg,56,0,1,2,6,0,6x2
img_57_page_0.jpeg,LPAE_06282_hr,augmentation_brightness_-80/img_57_page_0.jpeg,57,0,1,1,12,0,12x1
img_58_page_0.jpeg,LPAE_10943_hr,augmentation_brightness_-80/img_58_page_0.jpeg,58,0,1,4,3,0,3x4
img_59_page_0.jpeg,LPAE_18073_hr,augmentation_brightness_-80/img_59_page_0.jpeg,59,0,1,2,6,0,6x2
img_60_page_0.jpeg,LPAE_11397_hr,augmentation_brightness_-80/img_60_page_0.jpeg,60,0,1,2,6,0,6x2
img_61_page_0.jpeg,LPAE_05944_hr,augmentation_brightness_-80/img_61_page_0.jpeg,61,0,1,2,6,1,6x2+1R
img_62_page_0.jpeg,LPAE_04733_hr,augmentation_brightness_-80/img_62_page_0.jpeg,62,0,1,4,3,1,3x4+1R
img_63_page_0.jpeg,LPAE_10986_hr,augmentation_brightness_-80/img_63_page_0.jpeg,63,0,1,4,3,0,3x4
img_64_page_0.jpeg,LPAE_18227_hr,augmentation_brightness_-80/img_64_page_0.jpeg,64,0,1,2,6,0,6x2
img_65_page_0.jpeg,LPAE_18552_hr,augmentation_brightness_-80/img_65_page_0.jpeg,65,0,1,2,6,0,6x2
img_66_page_0.jpeg,LPAE_11498_hr,augmentation_brightness_-80/img_66_page_0.jpeg,66,0,1,4,3,1,3x4+1R
img_67_page_0.jpeg,LPAE_01805_hr,augmentation_brightness_-80/img_67_page_0.jpeg,67,0,1,4,3,0,3x4
img_68_page_0.jpeg,LPAE_18945_hr,augmentation_brightness_-80/img_68_page_0.jpeg,68,0,1,4,3,1,3x4+1R
img_69_page_0.jpeg,LPAE_12186_hr,augmentation_brightness_-80/img_69_page_0.jpeg,69,0,1,4,3,0,3x4
img_70_page_0.jpeg,LPAE_04794_hr,augmentation_brightness_-80/img_70_page_0.jpeg,70,0,1,1,12,0,12x1
img_71_page_0.jpeg,LPAE_12190_hr,augmentation_brightness_-80/img_71_page_0.jpeg,71,0,1,4,3,1,3x4+1R
img_72_page_0.jpeg,LPAE_12432_hr,augmentation_brightness_-80/img_72_page_0.jpeg,72,0,1,4,3,1,3x4+1R
img_73_page_0.jpeg,LPAE_19036_hr,augmentation_brightness_-80/img_73_page_0.jpeg,73,0,1,2,6,0,6x2
img_74_page_0.jpeg,LPAE_12629_hr,augmentation_brightness_-80/img_74_page_0.jpeg,74,0,1,4,3,1,3x4+1R
img_75_page_0.jpeg,LPAE_02444_hr,augmentation_brightness_-80/img_75_page_0.jpeg,75,0,2,1,6,0,6x2
img_75_page_1.jpeg,LPAE_02444_hr,augmentation_brightness_-80/img_75_page_1.jpeg,75,1,2,1,6,0,6x2
img_76_page_0.jpeg,LPAE_17345_hr,augmentation_brightness_-80/img_76_page_0.jpeg,76,0,1,2,6,0,6x2
img_77_page_0.jpeg,LPAE_06303_hr,augmentation_brightness_-80/img_77_page_0.jpeg,77,0,1,4,3,0,3x4
img_78_page_0.jpeg,LPAE_13851_hr,augmentation_brightness_-80/img_78_page_0.jpeg,78,0,1,2,6,0,6x2
img_79_page_0.jpeg,LPAE_13962_hr,augmentation_brightness_-80/img_79_page_0.jpeg,79,0,1,2,6,0,6x2
img_80_page_0.jpeg,LPAE_19394_hr,augmentation_brightness_-80/img_80_page_0.jpeg,80,0,1,4,3,1,3x4+1R
img_81_page_0.jpeg,LPAE_00232_hr,augmentation_brightness_-80/img_81_page_0.jpeg,81,0,1,4,3,1,3x4+1R
img_82_page_0.jpeg,LPAE_19269_hr,augmentation_brightness_-80/img_82_page_0.jpeg,82,0,1,4,3,1,3x4+1R
img_83_page_0.jpeg,LPAE_20117_hr,augmentation_brightness_-80/img_83_page_0.jpeg,83,0,1,4,3,3,3x4+3R
img_84_page_0.jpeg,LPAE_19164_hr,augmentation_brightness_-80/img_84_page_0.jpeg,84,0,1,4,3,1,3x4+1R
img_85_page_0.jpeg,LPAE_19686_hr,augmentation_brightness_-80/img_85_page_0.jpeg,85,0,1,4,3,1,3x4+1R
img_86_page_0.jpeg,LPAE_19968_hr,augmentation_brightness_-80/img_86_page_0.jpeg,86,0,1,2,6,0,6x2
img_87_page_0.jpeg,LPAE_19288_hr,augmentation_brightness_-80/img_87_page_0.jpeg,87,0,1,2,6,0,6x2
img_88_page_0.jpeg,LPAE_14304_hr,augmentation_brightness_-80/img_88_page_0.jpeg,88,0,4,1,3,0,3x4
img_88_page_1.jpeg,LPAE_14304_hr,augmentation_brightness_-80/img_88_page_1.jpeg,88,1,4,1,3,0,3x4
img_88_page_2.jpeg,LPAE_14304_hr,augmentation_brightness_-80/img_88_page_2.jpeg,88,2,4,1,3,0,3x4
img_88_page_3.jpeg,LPAE_14304_hr,augmentation_brightness_-80/img_88_page_3.jpeg,88,3,4,1,3,0,3x4
img_89_page_0.jpeg,LPAE_19309_hr,augmentation_brightness_-80/img_89_page_0.jpeg,89,0,2,2,3,0,3x4
img_89_page_1.jpeg,LPAE_19309_hr,augmentation_brightness_-80/img_89_page_1.jpeg,89,1,2,2,3,0,3x4
img_90_page_0.jpeg,LPAE_14641_hr,augmentation_brightness_-80/img_90_page_0.jpeg,90,0,1,2,6,0,6x2
img_91_page_0.jpeg,LPAE_15477_hr,augmentation_brightness_-80/img_91_page_0.jpeg,91,0,1,4,3,1,3x4+1R
img_92_page_0.jpeg,LPAE_14680_hr,augmentation_brightness_-80/img_92_page_0.jpeg,92,0,1,4,3,1,3x4+1R
img_93_page_0.jpeg,LPAE_15368_hr,augmentation_brightness_-80/img_93_page_0.jpeg,93,0,1,2,6,1,6x2+1R
img_94_page_0.jpeg,LPAE_19138_hr,augmentation_brightness_-80/img_94_page_0.jpeg,94,0,1,1,12,0,12x1
img_95_page_0.jpeg,LPAE_15529_hr,augmentation_brightness_-80/img_95_page_0.jpeg,95,0,1,2,6,0,6x2
img_96_page_0.jpeg,LPAE_15607_hr,augmentation_brightness_-80/img_96_page_0.jpeg,96,0,4,1,3,0,3x4
img_96_page_1.jpeg,LPAE_15607_hr,augmentation_brightness_-80/img_96_page_1.jpeg,96,1,4,1,3,0,3x4
img_96_page_2.jpeg,LPAE_15607_hr,augmentation_brightness_-80/img_96_page_2.jpeg,96,2,4,1,3,0,3x4
img_96_page_3.jpeg,LPAE_15607_hr,augmentation_brightness_-80/img_96_page_3.jpeg,96,3,4,1,3,0,3x4
img_97_page_0.jpeg,LPAE_19202_hr,augmentation_brightness_-80/img_97_page_0.jpeg,97,0,1,1,12,0,12x1
img_98_page_0.jpeg,LPAE_16212_hr,augmentation_brightness_-80/img_98_page_0.jpeg,98,0,1,4,3,3,3x4+3R
img_99_page_0.jpeg,LPAE_19326_hr,augmentation_brightness_-80/img_99_page_0.jpeg,99,0,1,2,6,0,6x2
img_100_page_0.jpeg,LPAE_20139_hr,augmentation_brightness_-80/img_100_page_0.jpeg,100,0,1,4,3,3,3x4+3R
img_1_page_0.jpeg,LPAE_11666_hr,augmentation_brightness_120/img_1_page_0.jpeg,1,0,2,1,6,0,6x2
img_1_page_1.jpeg,LPAE_11666_hr,augmentation_brightness_120/img_1_page_1.jpeg,1,1,2,1,6,0,6x2
img_2_page_0.jpeg,LPAE_11209_hr,augmentation_brightness_120/img_2_page_0.jpeg,2,0,1,1,12,0,12x1
img_3_page_0.jpeg,LPAE_14009_hr,augmentation_brightness_120/img_3_page_0.jpeg,3,0,1,1,12,0,12x1
img_4_page_0.jpeg,LPAE_20999_hr,augmentation_brightness_120/img_4_page_0.jpeg,4,0,1,4,3,1,3x4+1R
img_5_page_0.jpeg,LPAE_21515_hr,augmentation_brightness_120/img_5_page_0.jpeg,5,0,1,2,6,0,6x2
img_6_page_0.jpeg,LPAE_02926_hr,augmentation_brightness_120/img_6_page_0.jpeg,6,0,1,1,12,0,12x1
img_7_page_0.jpeg,LPAE_21541_hr,augmentation_brightness_120/img_7_page_0.jpeg,7,0,1,2,6,0,6x2
img_8_page_0.jpeg,LPAE_05432_hr,augmentation_brightness_120/img_8_page_0.jpeg,8,0,1,4,3,3,3x4+3R
img_9_page_0.jpeg,LPAE_20159_hr,augmentation_brightness_120/img_9_page_0.jpeg,9,0,1,2,6,0,6x2
img_10_page_0.jpeg,LPAE_04827_hr,augmentation_brightness_120/img_10_page_0.jpeg,10,0,1,4,3,1,3x4+1R
img_11_page_0.jpeg,LPAE_06229_hr,augmentation_brightness_120/img_11_page_0.jpeg,11,0,1,2,6,0,6x2
img_12_page_0.jpeg,LPAE_10505_hr,augmentation_brightness_120/img_12_page_0.jpeg,12,0,1,4,3,3,3x4+3R
img_13_page_0.jpeg,LPAE_10300_hr,augmentation_brightness_120/img_13_page_0.jpeg,13,0,1,2,6,0,6x2
img_14_page_0.jpeg,LPAE_17226_hr,augmentation_brightness_120/img_14_page_0.jpeg,14,0,1,4,3,1,3x4+1R
img_15_page_0.jpeg,LPAE_05742_hr,augmentation_brightness_120/img_15_page_0.jpeg,15,0,1,4,3,1,3x4+1R
img_16_page_0.jpeg,LPAE_19550_hr,augmentation_brightness_120/img_16_page_0.jpeg,16,0,1,4,3,1,3x4+1R
img_17_page_0.jpeg,LPAE_06918_hr,augmentation_brightness_120/img_17_page_0.jpeg,17,0,1,4,3,1,3x4+1R
img_18_page_0.jpeg,LPAE_12879_hr,augmentation_brightness_120/img_18_page_0.jpeg,18,0,1,1,12,0,12x1
img_19_page_0.jpeg,LPAE_20790_hr,augmentation_brightness_120/img_19_page_0.jpeg,19,0,1,2,6,1,6x2+1R
img_20_page_0.jpeg,LPAE_20947_hr,augmentation_brightness_120/img_20_page_0.jpeg,20,0,1,4,3,0,3x4
img_21_page_0.jpeg,LPAE_20515_hr,augmentation_brightness_120/img_21_page_0.jpeg,21,0,1,2,6,0,6x2
img_22_page_0.jpeg,LPAE_06846_hr,augmentation_brightness_120/img_22_page_0.jpeg,22,0,1,4,3,1,3x4+1R
img_23_page_0.jpeg,LPAE_04957_hr,augmentation_brightness_120/img_23_page_0.jpeg,23,0,1,2,6,0,6x2
img_24_page_0.jpeg,LPAE_14819_hr,augmentation_brightness_120/img_24_page_0.jpeg,24,0,1,4,3,0,3x4
img_25_page_0.jpeg,LPAE_05441_hr,augmentation_brightness_120/img_25_page_0.jpeg,25,0,1,1,12,0,12x1
img_26_page_0.jpeg,LPAE_20971_hr,augmentation_brightness_120/img_26_page_0.jpeg,26,0,1,4,3,1,3x4+1R
img_27_page_0.jpeg,LPAE_20680_hr,augmentation_brightness_120/img_27_page_0.jpeg,27,0,1,4,3,0,3x4
img_28_page_0.jpeg,LPAE_07250_hr,augmentation_brightness_120/img_28_page_0.jpeg,28,0,1,4,3,1,3x4+1R
img_29_page_0.jpeg,LPAE_20748_hr,augmentation_brightness_120/img_29_page_0.jpeg,29,0,1,4,3,1,3x4+1R
img_30_page_0.jpeg,LPAE_06938_hr,augmentation_brightness_120/img_30_page_0.jpeg,30,0,1,2,6,1,6x2+1R
img_31_page_0.jpeg,LPAE_20367_hr,augmentation_brightness_120/img_31_page_0.jpeg,31,0,1,4,3,1,3x4+1R
img_32_page_0.jpeg,LPAE_07285_hr,augmentation_brightness_120/img_32_page_0.jpeg,32,0,1,4,3,0,3x4
img_33_page_0.jpeg,LPAE_07299_hr,augmentation_brightness_120/img_33_page_0.jpeg,33,0,1,2,6,0,6x2
img_34_page_0.jpeg,LPAE_21629_hr,augmentation_brightness_120/img_34_page_0.jpeg,34,0,1,2,6,0,6x2
img_35_page_0.jpeg,LPAE_07596_hr,augmentation_brightness_120/img_35_page_0.jpeg,35,0,1,2,6,0,6x2
img_36_page_0.jpeg,LPAE_10555_hr,augmentation_brightness_120/img_36_page_0.jpeg,36,0,1,4,3,0,3x4
img_37_page_0.jpeg,LPAE_21468_hr,augmentation_brightness_120/img_37_page_0.jpeg,37,0,1,4,3,1,3x4+1R
img_38_page_0.jpeg,LPAE_08885_hr,augmentation_brightness_120/img_38_page_0.jpeg,38,0,1,4,3,3,3x4+3R
img_39_page_0.jpeg,LPAE_09331_hr,augmentation_brightness_120/img_39_page_0.jpeg,39,0,1,2,6,0,6x2
img_40_page_0.jpeg,LPAE_09275_hr,augmentation_brightness_120/img_40_page_0.jpeg,40,0,1,4,3,1,3x4+1R
img_41_page_0.jpeg,LPAE_20243_hr,augmentation_brightness_120/img_41_page_0.jpeg,41,0,1,2,6,0,6x2
img_42_page_0.jpeg,LPAE_09545_hr,augmentation_brightness_120/img_42_page_0.jpeg,42,0,1,4,3,1,3x4+1R
img_43_page_0.jpeg,LPAE_09754_hr,augmentation_brightness_120/img_43_page_0.jpeg,43,0,1,4,3,1,3x4+1R
img_44_page_0.jpeg,LPAE_17637_hr,augmentation_brightness_120/img_44_page_0.jpeg,44,0,1,4,3,0,3x4
img_45_page_0.jpeg,LPAE_17118_hr,augmentation_brightness_120/img_45_page_0.jpeg,45,0,1,2,6,0,6x2
img_46_page_0.jpeg,LPAE_10306_hr,augmentation_brightness_120/img_46_page_0.jpeg,46,0,1,4,3,1,3x4+1R
img_47_page_0.jpeg,LPAE_10266_hr,augmentation_brightness_120/img_47_page_0.jpeg,47,0,1,4,3,3,3x4+3R
img_48_page_0.jpeg,LPAE_08007_hr,augmentation_brightness_120/img_48_page_0.jpeg,48,0,1,2,6,0,6x2
img_49_page_0.jpeg,LPAE_08962_hr,augmentation_brightness_120/img_49_page_0.jpeg,49,0,1,2,6,0,6x2
img_50_page_0.jpeg,LPAE_16895_hr,augmentation_brightness_120/img_50_page_0.jpeg,50,0,1,4,3,0,3x4
img_51_page_0.jpeg,LPAE_05359_hr,augmentation_brightness_120/img_51_page_0.jpeg,51,0,1,4,3,0,3x4
img_52_page_0.jpeg,LPAE_10554_hr,augmentation_brightness_120/img_52_page_0.jpeg,52,0,1,2,6,1,6x2+1R
img_53_page_0.jpeg,LPAE_10598_hr,augmentation_brightness_120/img_53_page_0.jpeg,53,0,1,2,6,0,6x2
img_54_page_0.jpeg,LPAE_17269_hr,augmentation_brightness_120/img_54_page_0.jpeg,54,0,2,2,3,0,3x4
img_54_page_1.jpeg,LPAE_17269_hr,augmentation_brightness_120/img_54_page_1.jpeg,54,1,2,2,3,0,3x4
img_55_page_0.jpeg,LPAE_10518_hr,augmentation_brightness_120/img_55_page_0.jpeg,55,0,1,2,6,0,6x2
img_56_page_0.jpeg,LPAE_10564_hr,augmentation_brightness_120/img_56_page_0.jpeg,56,0,1,2,6,0,6x2
img_57_page_0.jpeg,LPAE_06282_hr,augmentation_brightness_120/img_57_page_0.jpeg,57,0,1,1,12,0,12x1
img_58_page_0.jpeg,LPAE_10943_hr,augmentation_brightness_120/img_58_page_0.jpeg,58,0,1,4,3,0,3x4
img_59_page_0.jpeg,LPAE_18073_hr,augmentation_brightness_120/img_59_page_0.jpeg,59,0,1,2,6,0,6x2
img_60_page_0.jpeg,LPAE_11397_hr,augmentation_brightness_120/img_60_page_0.jpeg,60,0,1,2,6,0,6x2
img_61_page_0.jpeg,LPAE_05944_hr,augmentation_brightness_120/img_61_page_0.jpeg,61,0,1,2,6,1,6x2+1R
img_62_page_0.jpeg,LPAE_04733_hr,augmentation_brightness_120/img_62_page_0.jpeg,62,0,1,4,3,1,3x4+1R
img_63_page_0.jpeg,LPAE_10986_hr,augmentation_brightness_120/img_63_page_0.jpeg,63,0,1,4,3,0,3x4
img_64_page_0.jpeg,LPAE_18227_hr,augmentation_brightness_120/img_64_page_0.jpeg,64,0,1,2,6,0,6x2
img_65_page_0.jpeg,LPAE_18552_hr,augmentation_brightness_120/img_65_page_0.jpeg,65,0,1,2,6,0,6x2
img_66_page_0.jpeg,LPAE_11498_hr,augmentation_brightness_120/img_66_page_0.jpeg,66,0,1,4,3,1,3x4+1R
img_67_page_0.jpeg,LPAE_01805_hr,augmentation_brightness_120/img_67_page_0.jpeg,67,0,1,4,3,0,3x4
img_68_page_0.jpeg,LPAE_18945_hr,augmentation_brightness_120/img_68_page_0.jpeg,68,0,1,4,3,1,3x4+1R
img_69_page_0.jpeg,LPAE_12186_hr,augmentation_brightness_120/img_69_page_0.jpeg,69,0,1,4,3,0,3x4
img_70_page_0.jpeg,LPAE_04794_hr,augmentation_brightness_120/img_70_page_0.jpeg,70,0,1,1,12,0,12x1
img_71_page_0.jpeg,LPAE_12190_hr,augmentation_brightness_120/img_71_page_0.jpeg,71,0,1,4,3,1,3x4+1R
img_72_page_0.jpeg,LPAE_12432_hr,augmentation_brightness_120/img_72_page_0.jpeg,72,0,1,4,3,1,3x4+1R
img_73_page_0.jpeg,LPAE_19036_hr,augmentation_brightness_120/img_73_page_0.jpeg,73,0,1,2,6,0,6x2
img_74_page_0.jpeg,LPAE_12629_hr,augmentation_brightness_120/img_74_page_0.jpeg,74,0,1,4,3,1,3x4+1R
img_75_page_0.jpeg,LPAE_02444_hr,augmentation_brightness_120/img_75_page_0.jpeg,75,0,2,1,6,0,6x2
img_75_page_1.jpeg,LPAE_02444_hr,augmentation_brightness_120/img_75_page_1.jpeg,75,1,2,1,6,0,6x2
img_76_page_0.jpeg,LPAE_17345_hr,augmentation_brightness_120/img_76_page_0.jpeg,76,0,1,2,6,0,6x2
img_77_page_0.jpeg,LPAE_06303_hr,augmentation_brightness_120/img_77_page_0.jpeg,77,0,1,4,3,0,3x4
img_78_page_0.jpeg,LPAE_13851_hr,augmentation_brightness_120/img_78_page_0.jpeg,78,0,1,2,6,0,6x2
img_79_page_0.jpeg,LPAE_13962_hr,augmentation_brightness_120/img_79_page_0.jpeg,79,0,1,2,6,0,6x2
img_80_page_0.jpeg,LPAE_19394_hr,augmentation_brightness_120/img_80_page_0.jpeg,80,0,1,4,3,1,3x4+1R
img_81_page_0.jpeg,LPAE_00232_hr,augmentation_brightness_120/img_81_page_0.jpeg,81,0,1,4,3,1,3x4+1R
img_82_page_0.jpeg,LPAE_19269_hr,augmentation_brightness_120/img_82_page_0.jpeg,82,0,1,4,3,1,3x4+1R
img_83_page_0.jpeg,LPAE_20117_hr,augmentation_brightness_120/img_83_page_0.jpeg,83,0,1,4,3,3,3x4+3R
img_84_page_0.jpeg,LPAE_19164_hr,augmentation_brightness_120/img_84_page_0.jpeg,84,0,1,4,3,1,3x4+1R
img_85_page_0.jpeg,LPAE_19686_hr,augmentation_brightness_120/img_85_page_0.jpeg,85,0,1,4,3,1,3x4+1R
img_86_page_0.jpeg,LPAE_19968_hr,augmentation_brightness_120/img_86_page_0.jpeg,86,0,1,2,6,0,6x2
img_87_page_0.jpeg,LPAE_19288_hr,augmentation_brightness_120/img_87_page_0.jpeg,87,0,1,2,6,0,6x2
img_88_page_0.jpeg,LPAE_14304_hr,augmentation_brightness_120/img_88_page_0.jpeg,88,0,4,1,3,0,3x4
img_88_page_1.jpeg,LPAE_14304_hr,augmentation_brightness_120/img_88_page_1.jpeg,88,1,4,1,3,0,3x4
img_88_page_2.jpeg,LPAE_14304_hr,augmentation_brightness_120/img_88_page_2.jpeg,88,2,4,1,3,0,3x4
img_88_page_3.jpeg,LPAE_14304_hr,augmentation_brightness_120/img_88_page_3.jpeg,88,3,4,1,3,0,3x4
img_89_page_0.jpeg,LPAE_19309_hr,augmentation_brightness_120/img_89_page_0.jpeg,89,0,2,2,3,0,3x4
img_89_page_1.jpeg,LPAE_19309_hr,augmentation_brightness_120/img_89_page_1.jpeg,89,1,2,2,3,0,3x4
img_90_page_0.jpeg,LPAE_14641_hr,augmentation_brightness_120/img_90_page_0.jpeg,90,0,1,2,6,0,6x2
img_91_page_0.jpeg,LPAE_15477_hr,augmentation_brightness_120/img_91_page_0.jpeg,91,0,1,4,3,1,3x4+1R
img_92_page_0.jpeg,LPAE_14680_hr,augmentation_brightness_120/img_92_page_0.jpeg,92,0,1,4,3,1,3x4+1R
img_93_page_0.jpeg,LPAE_15368_hr,augmentation_brightness_120/img_93_page_0.jpeg,93,0,1,2,6,1,6x2+1R
img_94_page_0.jpeg,LPAE_19138_hr,augmentation_brightness_120/img_94_page_0.jpeg,94,0,1,1,12,0,12x1
img_95_page_0.jpeg,LPAE_15529_hr,augmentation_brightness_120/img_95_page_0.jpeg,95,0,1,2,6,0,6x2
img_96_page_0.jpeg,LPAE_15607_hr,augmentation_brightness_120/img_96_page_0.jpeg,96,0,4,1,3,0,3x4
img_96_page_1.jpeg,LPAE_15607_hr,augmentation_brightness_120/img_96_page_1.jpeg,96,1,4,1,3,0,3x4
img_96_page_2.jpeg,LPAE_15607_hr,augmentation_brightness_120/img_96_page_2.jpeg,96,2,4,1,3,0,3x4
img_96_page_3.jpeg,LPAE_15607_hr,augmentation_brightness_120/img_96_page_3.jpeg,96,3,4,1,3,0,3x4
img_97_page_0.jpeg,LPAE_19202_hr,augmentation_brightness_120/img_97_page_0.jpeg,97,0,1,1,12,0,12x1
img_98_page_0.jpeg,LPAE_16212_hr,augmentation_brightness_120/img_98_page_0.jpeg,98,0,1,4,3,3,3x4+3R
img_99_page_0.jpeg,LPAE_19326_hr,augmentation_brightness_120/img_99_page_0.jpeg,99,0,1,2,6,0,6x2
img_100_page_0.jpeg,LPAE_20139_hr,augmentation_brightness_120/img_100_page_0.jpeg,100,0,1,4,3,3,3x4+3R
img_1_page_0.jpeg,LPAE_11666_hr,augmentation_brightness_160/img_1_page_0.jpeg,1,0,2,1,6,0,6x2
img_1_page_1.jpeg,LPAE_11666_hr,augmentation_brightness_160/img_1_page_1.jpeg,1,1,2,1,6,0,6x2
img_2_page_0.jpeg,LPAE_11209_hr,augmentation_brightness_160/img_2_page_0.jpeg,2,0,1,1,12,0,12x1
img_3_page_0.jpeg,LPAE_14009_hr,augmentation_brightness_160/img_3_page_0.jpeg,3,0,1,1,12,0,12x1
img_4_page_0.jpeg,LPAE_20999_hr,augmentation_brightness_160/img_4_page_0.jpeg,4,0,1,4,3,1,3x4+1R
img_5_page_0.jpeg,LPAE_21515_hr,augmentation_brightness_160/img_5_page_0.jpeg,5,0,1,2,6,0,6x2
img_6_page_0.jpeg,LPAE_02926_hr,augmentation_brightness_160/img_6_page_0.jpeg,6,0,1,1,12,0,12x1
img_7_page_0.jpeg,LPAE_21541_hr,augmentation_brightness_160/img_7_page_0.jpeg,7,0,1,2,6,0,6x2
img_8_page_0.jpeg,LPAE_05432_hr,augmentation_brightness_160/img_8_page_0.jpeg,8,0,1,4,3,3,3x4+3R
img_9_page_0.jpeg,LPAE_20159_hr,augmentation_brightness_160/img_9_page_0.jpeg,9,0,1,2,6,0,6x2
img_10_page_0.jpeg,LPAE_04827_hr,augmentation_brightness_160/img_10_page_0.jpeg,10,0,1,4,3,1,3x4+1R
img_11_page_0.jpeg,LPAE_06229_hr,augmentation_brightness_160/img_11_page_0.jpeg,11,0,1,2,6,0,6x2
img_12_page_0.jpeg,LPAE_10505_hr,augmentation_brightness_160/img_12_page_0.jpeg,12,0,1,4,3,3,3x4+3R
img_13_page_0.jpeg,LPAE_10300_hr,augmentation_brightness_160/img_13_page_0.jpeg,13,0,1,2,6,0,6x2
img_14_page_0.jpeg,LPAE_17226_hr,augmentation_brightness_160/img_14_page_0.jpeg,14,0,1,4,3,1,3x4+1R
img_15_page_0.jpeg,LPAE_05742_hr,augmentation_brightness_160/img_15_page_0.jpeg,15,0,1,4,3,1,3x4+1R
img_16_page_0.jpeg,LPAE_19550_hr,augmentation_brightness_160/img_16_page_0.jpeg,16,0,1,4,3,1,3x4+1R
img_17_page_0.jpeg,LPAE_06918_hr,augmentation_brightness_160/img_17_page_0.jpeg,17,0,1,4,3,1,3x4+1R
img_18_page_0.jpeg,LPAE_12879_hr,augmentation_brightness_160/img_18_page_0.jpeg,18,0,1,1,12,0,12x1
img_19_page_0.jpeg,LPAE_20790_hr,augmentation_brightness_160/img_19_page_0.jpeg,19,0,1,2,6,1,6x2+1R
img_20_page_0.jpeg,LPAE_20947_hr,augmentation_brightness_160/img_20_page_0.jpeg,20,0,1,4,3,0,3x4
img_21_page_0.jpeg,LPAE_20515_hr,augmentation_brightness_160/img_21_page_0.jpeg,21,0,1,2,6,0,6x2
img_22_page_0.jpeg,LPAE_06846_hr,augmentation_brightness_160/img_22_page_0.jpeg,22,0,1,4,3,1,3x4+1R
img_23_page_0.jpeg,LPAE_04957_hr,augmentation_brightness_160/img_23_page_0.jpeg,23,0,1,2,6,0,6x2
img_24_page_0.jpeg,LPAE_14819_hr,augmentation_brightness_160/img_24_page_0.jpeg,24,0,1,4,3,0,3x4
img_25_page_0.jpeg,LPAE_05441_hr,augmentation_brightness_160/img_25_page_0.jpeg,25,0,1,1,12,0,12x1
img_26_page_0.jpeg,LPAE_20971_hr,augmentation_brightness_160/img_26_page_0.jpeg,26,0,1,4,3,1,3x4+1R
img_27_page_0.jpeg,LPAE_20680_hr,augmentation_brightness_160/img_27_page_0.jpeg,27,0,1,4,3,0,3x4
img_28_page_0.jpeg,LPAE_07250_hr,augmentation_brightness_160/img_28_page_0.jpeg,28,0,1,4,3,1,3x4+1R
img_29_page_0.jpeg,LPAE_20748_hr,augmentation_brightness_160/img_29_page_0.jpeg,29,0,1,4,3,1,3x4+1R
img_30_page_0.jpeg,LPAE_06938_hr,augmentation_brightness_160/img_30_page_0.jpeg,30,0,1,2,6,1,6x2+1R
img_31_page_0.jpeg,LPAE_20367_hr,augmentation_brightness_160/img_31_page_0.jpeg,31,0,1,4,3,1,3x4+1R
img_32_page_0.jpeg,LPAE_07285_hr,augmentation_brightness_160/img_32_page_0.jpeg,32,0,1,4,3,0,3x4
img_33_page_0.jpeg,LPAE_07299_hr,augmentation_brightness_160/img_33_page_0.jpeg,33,0,1,2,6,0,6x2
img_34_page_0.jpeg,LPAE_21629_hr,augmentation_brightness_160/img_34_page_0.jpeg,34,0,1,2,6,0,6x2
img_35_page_0.jpeg,LPAE_07596_hr,augmentation_brightness_160/img_35_page_0.jpeg,35,0,1,2,6,0,6x2
img_36_page_0.jpeg,LPAE_10555_hr,augmentation_brightness_160/img_36_page_0.jpeg,36,0,1,4,3,0,3x4
img_37_page_0.jpeg,LPAE_21468_hr,augmentation_brightness_160/img_37_page_0.jpeg,37,0,1,4,3,1,3x4+1R
img_38_page_0.jpeg,LPAE_08885_hr,augmentation_brightness_160/img_38_page_0.jpeg,38,0,1,4,3,3,3x4+3R
img_39_page_0.jpeg,LPAE_09331_hr,augmentation_brightness_160/img_39_page_0.jpeg,39,0,1,2,6,0,6x2
img_40_page_0.jpeg,LPAE_09275_hr,augmentation_brightness_160/img_40_page_0.jpeg,40,0,1,4,3,1,3x4+1R
img_41_page_0.jpeg,LPAE_20243_hr,augmentation_brightness_160/img_41_page_0.jpeg,41,0,1,2,6,0,6x2
img_42_page_0.jpeg,LPAE_09545_hr,augmentation_brightness_160/img_42_page_0.jpeg,42,0,1,4,3,1,3x4+1R
img_43_page_0.jpeg,LPAE_09754_hr,augmentation_brightness_160/img_43_page_0.jpeg,43,0,1,4,3,1,3x4+1R
img_44_page_0.jpeg,LPAE_17637_hr,augmentation_brightness_160/img_44_page_0.jpeg,44,0,1,4,3,0,3x4
img_45_page_0.jpeg,LPAE_17118_hr,augmentation_brightness_160/img_45_page_0.jpeg,45,0,1,2,6,0,6x2
img_46_page_0.jpeg,LPAE_10306_hr,augmentation_brightness_160/img_46_page_0.jpeg,46,0,1,4,3,1,3x4+1R
img_47_page_0.jpeg,LPAE_10266_hr,augmentation_brightness_160/img_47_page_0.jpeg,47,0,1,4,3,3,3x4+3R
img_48_page_0.jpeg,LPAE_08007_hr,augmentation_brightness_160/img_48_page_0.jpeg,48,0,1,2,6,0,6x2
img_49_page_0.jpeg,LPAE_08962_hr,augmentation_brightness_160/img_49_page_0.jpeg,49,0,1,2,6,0,6x2
img_50_page_0.jpeg,LPAE_16895_hr,augmentation_brightness_160/img_50_page_0.jpeg,50,0,1,4,3,0,3x4
img_51_page_0.jpeg,LPAE_05359_hr,augmentation_brightness_160/img_51_page_0.jpeg,51,0,1,4,3,0,3x4
img_52_page_0.jpeg,LPAE_10554_hr,augmentation_brightness_160/img_52_page_0.jpeg,52,0,1,2,6,1,6x2+1R
img_53_page_0.jpeg,LPAE_10598_hr,augmentation_brightness_160/img_53_page_0.jpeg,53,0,1,2,6,0,6x2
img_54_page_0.jpeg,LPAE_17269_hr,augmentation_brightness_160/img_54_page_0.jpeg,54,0,2,2,3,0,3x4
img_54_page_1.jpeg,LPAE_17269_hr,augmentation_brightness_160/img_54_page_1.jpeg,54,1,2,2,3,0,3x4
img_55_page_0.jpeg,LPAE_10518_hr,augmentation_brightness_160/img_55_page_0.jpeg,55,0,1,2,6,0,6x2
img_56_page_0.jpeg,LPAE_10564_hr,augmentation_brightness_160/img_56_page_0.jpeg,56,0,1,2,6,0,6x2
img_57_page_0.jpeg,LPAE_06282_hr,augmentation_brightness_160/img_57_page_0.jpeg,57,0,1,1,12,0,12x1
img_58_page_0.jpeg,LPAE_10943_hr,augmentation_brightness_160/img_58_page_0.jpeg,58,0,1,4,3,0,3x4
img_59_page_0.jpeg,LPAE_18073_hr,augmentation_brightness_160/img_59_page_0.jpeg,59,0,1,2,6,0,6x2
img_60_page_0.jpeg,LPAE_11397_hr,augmentation_brightness_160/img_60_page_0.jpeg,60,0,1,2,6,0,6x2
img_61_page_0.jpeg,LPAE_05944_hr,augmentation_brightness_160/img_61_page_0.jpeg,61,0,1,2,6,1,6x2+1R
img_62_page_0.jpeg,LPAE_04733_hr,augmentation_brightness_160/img_62_page_0.jpeg,62,0,1,4,3,1,3x4+1R
img_63_page_0.jpeg,LPAE_10986_hr,augmentation_brightness_160/img_63_page_0.jpeg,63,0,1,4,3,0,3x4
img_64_page_0.jpeg,LPAE_18227_hr,augmentation_brightness_160/img_64_page_0.jpeg,64,0,1,2,6,0,6x2
img_65_page_0.jpeg,LPAE_18552_hr,augmentation_brightness_160/img_65_page_0.jpeg,65,0,1,2,6,0,6x2
img_66_page_0.jpeg,LPAE_11498_hr,augmentation_brightness_160/img_66_page_0.jpeg,66,0,1,4,3,1,3x4+1R
img_67_page_0.jpeg,LPAE_01805_hr,augmentation_brightness_160/img_67_page_0.jpeg,67,0,1,4,3,0,3x4
img_68_page_0.jpeg,LPAE_18945_hr,augmentation_brightness_160/img_68_page_0.jpeg,68,0,1,4,3,1,3x4+1R
img_69_page_0.jpeg,LPAE_12186_hr,augmentation_brightness_160/img_69_page_0.jpeg,69,0,1,4,3,0,3x4
img_70_page_0.jpeg,LPAE_04794_hr,augmentation_brightness_160/img_70_page_0.jpeg,70,0,1,1,12,0,12x1
img_71_page_0.jpeg,LPAE_12190_hr,augmentation_brightness_160/img_71_page_0.jpeg,71,0,1,4,3,1,3x4+1R
img_72_page_0.jpeg,LPAE_12432_hr,augmentation_brightness_160/img_72_page_0.jpeg,72,0,1,4,3,1,3x4+1R
img_73_page_0.jpeg,LPAE_19036_hr,augmentation_brightness_160/img_73_page_0.jpeg,73,0,1,2,6,0,6x2
img_74_page_0.jpeg,LPAE_12629_hr,augmentation_brightness_160/img_74_page_0.jpeg,74,0,1,4,3,1,3x4+1R
img_75_page_0.jpeg,LPAE_02444_hr,augmentation_brightness_160/img_75_page_0.jpeg,75,0,2,1,6,0,6x2
img_75_page_1.jpeg,LPAE_02444_hr,augmentation_brightness_160/img_75_page_1.jpeg,75,1,2,1,6,0,6x2
img_76_page_0.jpeg,LPAE_17345_hr,augmentation_brightness_160/img_76_page_0.jpeg,76,0,1,2,6,0,6x2
img_77_page_0.jpeg,LPAE_06303_hr,augmentation_brightness_160/img_77_page_0.jpeg,77,0,1,4,3,0,3x4
img_78_page_0.jpeg,LPAE_13851_hr,augmentation_brightness_160/img_78_page_0.jpeg,78,0,1,2,6,0,6x2
img_79_page_0.jpeg,LPAE_13962_hr,augmentation_brightness_160/img_79_page_0.jpeg,79,0,1,2,6,0,6x2
img_80_page_0.jpeg,LPAE_19394_hr,augmentation_brightness_160/img_80_page_0.jpeg,80,0,1,4,3,1,3x4+1R
img_81_page_0.jpeg,LPAE_00232_hr,augmentation_brightness_160/img_81_page_0.jpeg,81,0,1,4,3,1,3x4+1R
img_82_page_0.jpeg,LPAE_19269_hr,augmentation_brightness_160/img_82_page_0.jpeg,82,0,1,4,3,1,3x4+1R
img_83_page_0.jpeg,LPAE_20117_hr,augmentation_brightness_160/img_83_page_0.jpeg,83,0,1,4,3,3,3x4+3R
img_84_page_0.jpeg,LPAE_19164_hr,augmentation_brightness_160/img_84_page_0.jpeg,84,0,1,4,3,1,3x4+1R
img_85_page_0.jpeg,LPAE_19686_hr,augmentation_brightness_160/img_85_page_0.jpeg,85,0,1,4,3,1,3x4+1R
img_86_page_0.jpeg,LPAE_19968_hr,augmentation_brightness_160/img_86_page_0.jpeg,86,0,1,2,6,0,6x2
img_87_page_0.jpeg,LPAE_19288_hr,augmentation_brightness_160/img_87_page_0.jpeg,87,0,1,2,6,0,6x2
img_88_page_0.jpeg,LPAE_14304_hr,augmentation_brightness_160/img_88_page_0.jpeg,88,0,4,1,3,0,3x4
img_88_page_1.jpeg,LPAE_14304_hr,augmentation_brightness_160/img_88_page_1.jpeg,88,1,4,1,3,0,3x4
img_88_page_2.jpeg,LPAE_14304_hr,augmentation_brightness_160/img_88_page_2.jpeg,88,2,4,1,3,0,3x4
img_88_page_3.jpeg,LPAE_14304_hr,augmentation_brightness_160/img_88_page_3.jpeg,88,3,4,1,3,0,3x4
img_89_page_0.jpeg,LPAE_19309_hr,augmentation_brightness_160/img_89_page_0.jpeg,89,0,2,2,3,0,3x4
img_89_page_1.jpeg,LPAE_19309_hr,augmentation_brightness_160/img_89_page_1.jpeg,89,1,2,2,3,0,3x4
img_90_page_0.jpeg,LPAE_14641_hr,augmentation_brightness_160/img_90_page_0.jpeg,90,0,1,2,6,0,6x2
img_91_page_0.jpeg,LPAE_15477_hr,augmentation_brightness_160/img_91_page_0.jpeg,91,0,1,4,3,1,3x4+1R
img_92_page_0.jpeg,LPAE_14680_hr,augmentation_brightness_160/img_92_page_0.jpeg,92,0,1,4,3,1,3x4+1R
img_93_page_0.jpeg,LPAE_15368_hr,augmentation_brightness_160/img_93_page_0.jpeg,93,0,1,2,6,1,6x2+1R
img_94_page_0.jpeg,LPAE_19138_hr,augmentation_brightness_160/img_94_page_0.jpeg,94,0,1,1,12,0,12x1
img_95_page_0.jpeg,LPAE_15529_hr,augmentation_brightness_160/img_95_page_0.jpeg,95,0,1,2,6,0,6x2
img_96_page_0.jpeg,LPAE_15607_hr,augmentation_brightness_160/img_96_page_0.jpeg,96,0,4,1,3,0,3x4
img_96_page_1.jpeg,LPAE_15607_hr,augmentation_brightness_160/img_96_page_1.jpeg,96,1,4,1,3,0,3x4
img_96_page_2.jpeg,LPAE_15607_hr,augmentation_brightness_160/img_96_page_2.jpeg,96,2,4,1,3,0,3x4
img_96_page_3.jpeg,LPAE_15607_hr,augmentation_brightness_160/img_96_page_3.jpeg,96,3,4,1,3,0,3x4
img_97_page_0.jpeg,LPAE_19202_hr,augmentation_brightness_160/img_97_page_0.jpeg,97,0,1,1,12,0,12x1
img_98_page_0.jpeg,LPAE_16212_hr,augmentation_brightness_160/img_98_page_0.jpeg,98,0,1,4,3,3,3x4+3R
img_99_page_0.jpeg,LPAE_19326_hr,augmentation_brightness_160/img_99_page_0.jpeg,99,0,1,2,6,0,6x2
img_100_page_0.jpeg,LPAE_20139_hr,augmentation_brightness_160/img_100_page_0.jpeg,100,0,1,4,3,3,3x4+3R
img_1_page_0.jpeg,LPAE_11666_hr,augmentation_brightness_40/img_1_page_0.jpeg,1,0,2,1,6,0,6x2
img_1_page_1.jpeg,LPAE_11666_hr,augmentation_brightness_40/img_1_page_1.jpeg,1,1,2,1,6,0,6x2
img_2_page_0.jpeg,LPAE_11209_hr,augmentation_brightness_40/img_2_page_0.jpeg,2,0,1,1,12,0,12x1
img_3_page_0.jpeg,LPAE_14009_hr,augmentation_brightness_40/img_3_page_0.jpeg,3,0,1,1,12,0,12x1
img_4_page_0.jpeg,LPAE_20999_hr,augmentation_brightness_40/img_4_page_0.jpeg,4,0,1,4,3,1,3x4+1R
img_5_page_0.jpeg,LPAE_21515_hr,augmentation_brightness_40/img_5_page_0.jpeg,5,0,1,2,6,0,6x2
img_6_page_0.jpeg,LPAE_02926_hr,augmentation_brightness_40/img_6_page_0.jpeg,6,0,1,1,12,0,12x1
img_7_page_0.jpeg,LPAE_21541_hr,augmentation_brightness_40/img_7_page_0.jpeg,7,0,1,2,6,0,6x2
img_8_page_0.jpeg,LPAE_05432_hr,augmentation_brightness_40/img_8_page_0.jpeg,8,0,1,4,3,3,3x4+3R
img_9_page_0.jpeg,LPAE_20159_hr,augmentation_brightness_40/img_9_page_0.jpeg,9,0,1,2,6,0,6x2
img_10_page_0.jpeg,LPAE_04827_hr,augmentation_brightness_40/img_10_page_0.jpeg,10,0,1,4,3,1,3x4+1R
img_11_page_0.jpeg,LPAE_06229_hr,augmentation_brightness_40/img_11_page_0.jpeg,11,0,1,2,6,0,6x2
img_12_page_0.jpeg,LPAE_10505_hr,augmentation_brightness_40/img_12_page_0.jpeg,12,0,1,4,3,3,3x4+3R
img_13_page_0.jpeg,LPAE_10300_hr,augmentation_brightness_40/img_13_page_0.jpeg,13,0,1,2,6,0,6x2
img_14_page_0.jpeg,LPAE_17226_hr,augmentation_brightness_40/img_14_page_0.jpeg,14,0,1,4,3,1,3x4+1R
img_15_page_0.jpeg,LPAE_05742_hr,augmentation_brightness_40/img_15_page_0.jpeg,15,0,1,4,3,1,3x4+1R
img_16_page_0.jpeg,LPAE_19550_hr,augmentation_brightness_40/img_16_page_0.jpeg,16,0,1,4,3,1,3x4+1R
img_17_page_0.jpeg,LPAE_06918_hr,augmentation_brightness_40/img_17_page_0.jpeg,17,0,1,4,3,1,3x4+1R
img_18_page_0.jpeg,LPAE_12879_hr,augmentation_brightness_40/img_18_page_0.jpeg,18,0,1,1,12,0,12x1
img_19_page_0.jpeg,LPAE_20790_hr,augmentation_brightness_40/img_19_page_0.jpeg,19,0,1,2,6,1,6x2+1R
img_20_page_0.jpeg,LPAE_20947_hr,augmentation_brightness_40/img_20_page_0.jpeg,20,0,1,4,3,0,3x4
img_21_page_0.jpeg,LPAE_20515_hr,augmentation_brightness_40/img_21_page_0.jpeg,21,0,1,2,6,0,6x2
img_22_page_0.jpeg,LPAE_06846_hr,augmentation_brightness_40/img_22_page_0.jpeg,22,0,1,4,3,1,3x4+1R
img_23_page_0.jpeg,LPAE_04957_hr,augmentation_brightness_40/img_23_page_0.jpeg,23,0,1,2,6,0,6x2
img_24_page_0.jpeg,LPAE_14819_hr,augmentation_brightness_40/img_24_page_0.jpeg,24,0,1,4,3,0,3x4
img_25_page_0.jpeg,LPAE_05441_hr,augmentation_brightness_40/img_25_page_0.jpeg,25,0,1,1,12,0,12x1
img_26_page_0.jpeg,LPAE_20971_hr,augmentation_brightness_40/img_26_page_0.jpeg,26,0,1,4,3,1,3x4+1R
img_27_page_0.jpeg,LPAE_20680_hr,augmentation_brightness_40/img_27_page_0.jpeg,27,0,1,4,3,0,3x4
img_28_page_0.jpeg,LPAE_07250_hr,augmentation_brightness_40/img_28_page_0.jpeg,28,0,1,4,3,1,3x4+1R
img_29_page_0.jpeg,LPAE_20748_hr,augmentation_brightness_40/img_29_page_0.jpeg,29,0,1,4,3,1,3x4+1R
img_30_page_0.jpeg,LPAE_06938_hr,augmentation_brightness_40/img_30_page_0.jpeg,30,0,1,2,6,1,6x2+1R
img_31_page_0.jpeg,LPAE_20367_hr,augmentation_brightness_40/img_31_page_0.jpeg,31,0,1,4,3,1,3x4+1R
img_32_page_0.jpeg,LPAE_07285_hr,augmentation_brightness_40/img_32_page_0.jpeg,32,0,1,4,3,0,3x4
img_33_page_0.jpeg,LPAE_07299_hr,augmentation_brightness_40/img_33_page_0.jpeg,33,0,1,2,6,0,6x2
img_34_page_0.jpeg,LPAE_21629_hr,augmentation_brightness_40/img_34_page_0.jpeg,34,0,1,2,6,0,6x2
img_35_page_0.jpeg,LPAE_07596_hr,augmentation_brightness_40/img_35_page_0.jpeg,35,0,1,2,6,0,6x2
img_36_page_0.jpeg,LPAE_10555_hr,augmentation_brightness_40/img_36_page_0.jpeg,36,0,1,4,3,0,3x4
img_37_page_0.jpeg,LPAE_21468_hr,augmentation_brightness_40/img_37_page_0.jpeg,37,0,1,4,3,1,3x4+1R
img_38_page_0.jpeg,LPAE_08885_hr,augmentation_brightness_40/img_38_page_0.jpeg,38,0,1,4,3,3,3x4+3R
img_39_page_0.jpeg,LPAE_09331_hr,augmentation_brightness_40/img_39_page_0.jpeg,39,0,1,2,6,0,6x2
img_40_page_0.jpeg,LPAE_09275_hr,augmentation_brightness_40/img_40_page_0.jpeg,40,0,1,4,3,1,3x4+1R
img_41_page_0.jpeg,LPAE_20243_hr,augmentation_brightness_40/img_41_page_0.jpeg,41,0,1,2,6,0,6x2
img_42_page_0.jpeg,LPAE_09545_hr,augmentation_brightness_40/img_42_page_0.jpeg,42,0,1,4,3,1,3x4+1R
img_43_page_0.jpeg,LPAE_09754_hr,augmentation_brightness_40/img_43_page_0.jpeg,43,0,1,4,3,1,3x4+1R
img_44_page_0.jpeg,LPAE_17637_hr,augmentation_brightness_40/img_44_page_0.jpeg,44,0,1,4,3,0,3x4
img_45_page_0.jpeg,LPAE_17118_hr,augmentation_brightness_40/img_45_page_0.jpeg,45,0,1,2,6,0,6x2
img_46_page_0.jpeg,LPAE_10306_hr,augmentation_brightness_40/img_46_page_0.jpeg,46,0,1,4,3,1,3x4+1R
img_47_page_0.jpeg,LPAE_10266_hr,augmentation_brightness_40/img_47_page_0.jpeg,47,0,1,4,3,3,3x4+3R
img_48_page_0.jpeg,LPAE_08007_hr,augmentation_brightness_40/img_48_page_0.jpeg,48,0,1,2,6,0,6x2
img_49_page_0.jpeg,LPAE_08962_hr,augmentation_brightness_40/img_49_page_0.jpeg,49,0,1,2,6,0,6x2
img_50_page_0.jpeg,LPAE_16895_hr,augmentation_brightness_40/img_50_page_0.jpeg,50,0,1,4,3,0,3x4
img_51_page_0.jpeg,LPAE_05359_hr,augmentation_brightness_40/img_51_page_0.jpeg,51,0,1,4,3,0,3x4
img_52_page_0.jpeg,LPAE_10554_hr,augmentation_brightness_40/img_52_page_0.jpeg,52,0,1,2,6,1,6x2+1R
img_53_page_0.jpeg,LPAE_10598_hr,augmentation_brightness_40/img_53_page_0.jpeg,53,0,1,2,6,0,6x2
img_54_page_0.jpeg,LPAE_17269_hr,augmentation_brightness_40/img_54_page_0.jpeg,54,0,2,2,3,0,3x4
img_54_page_1.jpeg,LPAE_17269_hr,augmentation_brightness_40/img_54_page_1.jpeg,54,1,2,2,3,0,3x4
img_55_page_0.jpeg,LPAE_10518_hr,augmentation_brightness_40/img_55_page_0.jpeg,55,0,1,2,6,0,6x2
img_56_page_0.jpeg,LPAE_10564_hr,augmentation_brightness_40/img_56_page_0.jpeg,56,0,1,2,6,0,6x2
img_57_page_0.jpeg,LPAE_06282_hr,augmentation_brightness_40/img_57_page_0.jpeg,57,0,1,1,12,0,12x1
img_58_page_0.jpeg,LPAE_10943_hr,augmentation_brightness_40/img_58_page_0.jpeg,58,0,1,4,3,0,3x4
img_59_page_0.jpeg,LPAE_18073_hr,augmentation_brightness_40/img_59_page_0.jpeg,59,0,1,2,6,0,6x2
img_60_page_0.jpeg,LPAE_11397_hr,augmentation_brightness_40/img_60_page_0.jpeg,60,0,1,2,6,0,6x2
img_61_page_0.jpeg,LPAE_05944_hr,augmentation_brightness_40/img_61_page_0.jpeg,61,0,1,2,6,1,6x2+1R
img_62_page_0.jpeg,LPAE_04733_hr,augmentation_brightness_40/img_62_page_0.jpeg,62,0,1,4,3,1,3x4+1R
img_63_page_0.jpeg,LPAE_10986_hr,augmentation_brightness_40/img_63_page_0.jpeg,63,0,1,4,3,0,3x4
img_64_page_0.jpeg,LPAE_18227_hr,augmentation_brightness_40/img_64_page_0.jpeg,64,0,1,2,6,0,6x2
img_65_page_0.jpeg,LPAE_18552_hr,augmentation_brightness_40/img_65_page_0.jpeg,65,0,1,2,6,0,6x2
img_66_page_0.jpeg,LPAE_11498_hr,augmentation_brightness_40/img_66_page_0.jpeg,66,0,1,4,3,1,3x4+1R
img_67_page_0.jpeg,LPAE_01805_hr,augmentation_brightness_40/img_67_page_0.jpeg,67,0,1,4,3,0,3x4
img_68_page_0.jpeg,LPAE_18945_hr,augmentation_brightness_40/img_68_page_0.jpeg,68,0,1,4,3,1,3x4+1R
img_69_page_0.jpeg,LPAE_12186_hr,augmentation_brightness_40/img_69_page_0.jpeg,69,0,1,4,3,0,3x4
img_70_page_0.jpeg,LPAE_04794_hr,augmentation_brightness_40/img_70_page_0.jpeg,70,0,1,1,12,0,12x1
img_71_page_0.jpeg,LPAE_12190_hr,augmentation_brightness_40/img_71_page_0.jpeg,71,0,1,4,3,1,3x4+1R
img_72_page_0.jpeg,LPAE_12432_hr,augmentation_brightness_40/img_72_page_0.jpeg,72,0,1,4,3,1,3x4+1R
img_73_page_0.jpeg,LPAE_19036_hr,augmentation_brightness_40/img_73_page_0.jpeg,73,0,1,2,6,0,6x2
img_74_page_0.jpeg,LPAE_12629_hr,augmentation_brightness_40/img_74_page_0.jpeg,74,0,1,4,3,1,3x4+1R
img_75_page_0.jpeg,LPAE_02444_hr,augmentation_brightness_40/img_75_page_0.jpeg,75,0,2,1,6,0,6x2
img_75_page_1.jpeg,LPAE_02444_hr,augmentation_brightness_40/img_75_page_1.jpeg,75,1,2,1,6,0,6x2
img_76_page_0.jpeg,LPAE_17345_hr,augmentation_brightness_40/img_76_page_0.jpeg,76,0,1,2,6,0,6x2
img_77_page_0.jpeg,LPAE_06303_hr,augmentation_brightness_40/img_77_page_0.jpeg,77,0,1,4,3,0,3x4
img_78_page_0.jpeg,LPAE_13851_hr,augmentation_brightness_40/img_78_page_0.jpeg,78,0,1,2,6,0,6x2
img_79_page_0.jpeg,LPAE_13962_hr,augmentation_brightness_40/img_79_page_0.jpeg,79,0,1,2,6,0,6x2
img_80_page_0.jpeg,LPAE_19394_hr,augmentation_brightness_40/img_80_page_0.jpeg,80,0,1,4,3,1,3x4+1R
img_81_page_0.jpeg,LPAE_00232_hr,augmentation_brightness_40/img_81_page_0.jpeg,81,0,1,4,3,1,3x4+1R
img_82_page_0.jpeg,LPAE_19269_hr,augmentation_brightness_40/img_82_page_0.jpeg,82,0,1,4,3,1,3x4+1R
img_83_page_0.jpeg,LPAE_20117_hr,augmentation_brightness_40/img_83_page_0.jpeg,83,0,1,4,3,3,3x4+3R
img_84_page_0.jpeg,LPAE_19164_hr,augmentation_brightness_40/img_84_page_0.jpeg,84,0,1,4,3,1,3x4+1R
img_85_page_0.jpeg,LPAE_19686_hr,augmentation_brightness_40/img_85_page_0.jpeg,85,0,1,4,3,1,3x4+1R
img_86_page_0.jpeg,LPAE_19968_hr,augmentation_brightness_40/img_86_page_0.jpeg,86,0,1,2,6,0,6x2
img_87_page_0.jpeg,LPAE_19288_hr,augmentation_brightness_40/img_87_page_0.jpeg,87,0,1,2,6,0,6x2
img_88_page_0.jpeg,LPAE_14304_hr,augmentation_brightness_40/img_88_page_0.jpeg,88,0,4,1,3,0,3x4
img_88_page_1.jpeg,LPAE_14304_hr,augmentation_brightness_40/img_88_page_1.jpeg,88,1,4,1,3,0,3x4
img_88_page_2.jpeg,LPAE_14304_hr,augmentation_brightness_40/img_88_page_2.jpeg,88,2,4,1,3,0,3x4
img_88_page_3.jpeg,LPAE_14304_hr,augmentation_brightness_40/img_88_page_3.jpeg,88,3,4,1,3,0,3x4
img_89_page_0.jpeg,LPAE_19309_hr,augmentation_brightness_40/img_89_page_0.jpeg,89,0,2,2,3,0,3x4
img_89_page_1.jpeg,LPAE_19309_hr,augmentation_brightness_40/img_89_page_1.jpeg,89,1,2,2,3,0,3x4
img_90_page_0.jpeg,LPAE_14641_hr,augmentation_brightness_40/img_90_page_0.jpeg,90,0,1,2,6,0,6x2
img_91_page_0.jpeg,LPAE_15477_hr,augmentation_brightness_40/img_91_page_0.jpeg,91,0,1,4,3,1,3x4+1R
img_92_page_0.jpeg,LPAE_14680_hr,augmentation_brightness_40/img_92_page_0.jpeg,92,0,1,4,3,1,3x4+1R
img_93_page_0.jpeg,LPAE_15368_hr,augmentation_brightness_40/img_93_page_0.jpeg,93,0,1,2,6,1,6x2+1R
img_94_page_0.jpeg,LPAE_19138_hr,augmentation_brightness_40/img_94_page_0.jpeg,94,0,1,1,12,0,12x1
img_95_page_0.jpeg,LPAE_15529_hr,augmentation_brightness_40/img_95_page_0.jpeg,95,0,1,2,6,0,6x2
img_96_page_0.jpeg,LPAE_15607_hr,augmentation_brightness_40/img_96_page_0.jpeg,96,0,4,1,3,0,3x4
img_96_page_1.jpeg,LPAE_15607_hr,augmentation_brightness_40/img_96_page_1.jpeg,96,1,4,1,3,0,3x4
img_96_page_2.jpeg,LPAE_15607_hr,augmentation_brightness_40/img_96_page_2.jpeg,96,2,4,1,3,0,3x4
img_96_page_3.jpeg,LPAE_15607_hr,augmentation_brightness_40/img_96_page_3.jpeg,96,3,4,1,3,0,3x4
img_97_page_0.jpeg,LPAE_19202_hr,augmentation_brightness_40/img_97_page_0.jpeg,97,0,1,1,12,0,12x1
img_98_page_0.jpeg,LPAE_16212_hr,augmentation_brightness_40/img_98_page_0.jpeg,98,0,1,4,3,3,3x4+3R
img_99_page_0.jpeg,LPAE_19326_hr,augmentation_brightness_40/img_99_page_0.jpeg,99,0,1,2,6,0,6x2
img_100_page_0.jpeg,LPAE_20139_hr,augmentation_brightness_40/img_100_page_0.jpeg,100,0,1,4,3,3,3x4+3R
img_1_page_0.jpeg,LPAE_11666_hr,augmentation_brightness_80/img_1_page_0.jpeg,1,0,2,1,6,0,6x2
img_1_page_1.jpeg,LPAE_11666_hr,augmentation_brightness_80/img_1_page_1.jpeg,1,1,2,1,6,0,6x2
img_2_page_0.jpeg,LPAE_11209_hr,augmentation_brightness_80/img_2_page_0.jpeg,2,0,1,1,12,0,12x1
img_3_page_0.jpeg,LPAE_14009_hr,augmentation_brightness_80/img_3_page_0.jpeg,3,0,1,1,12,0,12x1
img_4_page_0.jpeg,LPAE_20999_hr,augmentation_brightness_80/img_4_page_0.jpeg,4,0,1,4,3,1,3x4+1R
img_5_page_0.jpeg,LPAE_21515_hr,augmentation_brightness_80/img_5_page_0.jpeg,5,0,1,2,6,0,6x2
img_6_page_0.jpeg,LPAE_02926_hr,augmentation_brightness_80/img_6_page_0.jpeg,6,0,1,1,12,0,12x1
img_7_page_0.jpeg,LPAE_21541_hr,augmentation_brightness_80/img_7_page_0.jpeg,7,0,1,2,6,0,6x2
img_8_page_0.jpeg,LPAE_05432_hr,augmentation_brightness_80/img_8_page_0.jpeg,8,0,1,4,3,3,3x4+3R
img_9_page_0.jpeg,LPAE_20159_hr,augmentation_brightness_80/img_9_page_0.jpeg,9,0,1,2,6,0,6x2
img_10_page_0.jpeg,LPAE_04827_hr,augmentation_brightness_80/img_10_page_0.jpeg,10,0,1,4,3,1,3x4+1R
img_11_page_0.jpeg,LPAE_06229_hr,augmentation_brightness_80/img_11_page_0.jpeg,11,0,1,2,6,0,6x2
img_12_page_0.jpeg,LPAE_10505_hr,augmentation_brightness_80/img_12_page_0.jpeg,12,0,1,4,3,3,3x4+3R
img_13_page_0.jpeg,LPAE_10300_hr,augmentation_brightness_80/img_13_page_0.jpeg,13,0,1,2,6,0,6x2
img_14_page_0.jpeg,LPAE_17226_hr,augmentation_brightness_80/img_14_page_0.jpeg,14,0,1,4,3,1,3x4+1R
img_15_page_0.jpeg,LPAE_05742_hr,augmentation_brightness_80/img_15_page_0.jpeg,15,0,1,4,3,1,3x4+1R
img_16_page_0.jpeg,LPAE_19550_hr,augmentation_brightness_80/img_16_page_0.jpeg,16,0,1,4,3,1,3x4+1R
img_17_page_0.jpeg,LPAE_06918_hr,augmentation_brightness_80/img_17_page_0.jpeg,17,0,1,4,3,1,3x4+1R
img_18_page_0.jpeg,LPAE_12879_hr,augmentation_brightness_80/img_18_page_0.jpeg,18,0,1,1,12,0,12x1
img_19_page_0.jpeg,LPAE_20790_hr,augmentation_brightness_80/img_19_page_0.jpeg,19,0,1,2,6,1,6x2+1R
img_20_page_0.jpeg,LPAE_20947_hr,augmentation_brightness_80/img_20_page_0.jpeg,20,0,1,4,3,0,3x4
img_21_page_0.jpeg,LPAE_20515_hr,augmentation_brightness_80/img_21_page_0.jpeg,21,0,1,2,6,0,6x2
img_22_page_0.jpeg,LPAE_06846_hr,augmentation_brightness_80/img_22_page_0.jpeg,22,0,1,4,3,1,3x4+1R
img_23_page_0.jpeg,LPAE_04957_hr,augmentation_brightness_80/img_23_page_0.jpeg,23,0,1,2,6,0,6x2
img_24_page_0.jpeg,LPAE_14819_hr,augmentation_brightness_80/img_24_page_0.jpeg,24,0,1,4,3,0,3x4
img_25_page_0.jpeg,LPAE_05441_hr,augmentation_brightness_80/img_25_page_0.jpeg,25,0,1,1,12,0,12x1
img_26_page_0.jpeg,LPAE_20971_hr,augmentation_brightness_80/img_26_page_0.jpeg,26,0,1,4,3,1,3x4+1R
img_27_page_0.jpeg,LPAE_20680_hr,augmentation_brightness_80/img_27_page_0.jpeg,27,0,1,4,3,0,3x4
img_28_page_0.jpeg,LPAE_07250_hr,augmentation_brightness_80/img_28_page_0.jpeg,28,0,1,4,3,1,3x4+1R
img_29_page_0.jpeg,LPAE_20748_hr,augmentation_brightness_80/img_29_page_0.jpeg,29,0,1,4,3,1,3x4+1R
img_30_page_0.jpeg,LPAE_06938_hr,augmentation_brightness_80/img_30_page_0.jpeg,30,0,1,2,6,1,6x2+1R
img_31_page_0.jpeg,LPAE_20367_hr,augmentation_brightness_80/img_31_page_0.jpeg,31,0,1,4,3,1,3x4+1R
img_32_page_0.jpeg,LPAE_07285_hr,augmentation_brightness_80/img_32_page_0.jpeg,32,0,1,4,3,0,3x4
img_33_page_0.jpeg,LPAE_07299_hr,augmentation_brightness_80/img_33_page_0.jpeg,33,0,1,2,6,0,6x2
img_34_page_0.jpeg,LPAE_21629_hr,augmentation_brightness_80/img_34_page_0.jpeg,34,0,1,2,6,0,6x2
img_35_page_0.jpeg,LPAE_07596_hr,augmentation_brightness_80/img_35_page_0.jpeg,35,0,1,2,6,0,6x2
img_36_page_0.jpeg,LPAE_10555_hr,augmentation_brightness_80/img_36_page_0.jpeg,36,0,1,4,3,0,3x4
img_37_page_0.jpeg,LPAE_21468_hr,augmentation_brightness_80/img_37_page_0.jpeg,37,0,1,4,3,1,3x4+1R
img_38_page_0.jpeg,LPAE_08885_hr,augmentation_brightness_80/img_38_page_0.jpeg,38,0,1,4,3,3,3x4+3R
img_39_page_0.jpeg,LPAE_09331_hr,augmentation_brightness_80/img_39_page_0.jpeg,39,0,1,2,6,0,6x2
img_40_page_0.jpeg,LPAE_09275_hr,augmentation_brightness_80/img_40_page_0.jpeg,40,0,1,4,3,1,3x4+1R
img_41_page_0.jpeg,LPAE_20243_hr,augmentation_brightness_80/img_41_page_0.jpeg,41,0,1,2,6,0,6x2
img_42_page_0.jpeg,LPAE_09545_hr,augmentation_brightness_80/img_42_page_0.jpeg,42,0,1,4,3,1,3x4+1R
img_43_page_0.jpeg,LPAE_09754_hr,augmentation_brightness_80/img_43_page_0.jpeg,43,0,1,4,3,1,3x4+1R
img_44_page_0.jpeg,LPAE_17637_hr,augmentation_brightness_80/img_44_page_0.jpeg,44,0,1,4,3,0,3x4
img_45_page_0.jpeg,LPAE_17118_hr,augmentation_brightness_80/img_45_page_0.jpeg,45,0,1,2,6,0,6x2
img_46_page_0.jpeg,LPAE_10306_hr,augmentation_brightness_80/img_46_page_0.jpeg,46,0,1,4,3,1,3x4+1R
img_47_page_0.jpeg,LPAE_10266_hr,augmentation_brightness_80/img_47_page_0.jpeg,47,0,1,4,3,3,3x4+3R
img_48_page_0.jpeg,LPAE_08007_hr,augmentation_brightness_80/img_48_page_0.jpeg,48,0,1,2,6,0,6x2
img_49_page_0.jpeg,LPAE_08962_hr,augmentation_brightness_80/img_49_page_0.jpeg,49,0,1,2,6,0,6x2
img_50_page_0.jpeg,LPAE_16895_hr,augmentation_brightness_80/img_50_page_0.jpeg,50,0,1,4,3,0,3x4
img_51_page_0.jpeg,LPAE_05359_hr,augmentation_brightness_80/img_51_page_0.jpeg,51,0,1,4,3,0,3x4
img_52_page_0.jpeg,LPAE_10554_hr,augmentation_brightness_80/img_52_page_0.jpeg,52,0,1,2,6,1,6x2+1R
img_53_page_0.jpeg,LPAE_10598_hr,augmentation_brightness_80/img_53_page_0.jpeg,53,0,1,2,6,0,6x2
img_54_page_0.jpeg,LPAE_17269_hr,augmentation_brightness_80/img_54_page_0.jpeg,54,0,2,2,3,0,3x4
img_54_page_1.jpeg,LPAE_17269_hr,augmentation_brightness_80/img_54_page_1.jpeg,54,1,2,2,3,0,3x4
img_55_page_0.jpeg,LPAE_10518_hr,augmentation_brightness_80/img_55_page_0.jpeg,55,0,1,2,6,0,6x2
img_56_page_0.jpeg,LPAE_10564_hr,augmentation_brightness_80/img_56_page_0.jpeg,56,0,1,2,6,0,6x2
img_57_page_0.jpeg,LPAE_06282_hr,augmentation_brightness_80/img_57_page_0.jpeg,57,0,1,1,12,0,12x1
img_58_page_0.jpeg,LPAE_10943_hr,augmentation_brightness_80/img_58_page_0.jpeg,58,0,1,4,3,0,3x4
img_59_page_0.jpeg,LPAE_18073_hr,augmentation_brightness_80/img_59_page_0.jpeg,59,0,1,2,6,0,6x2
img_60_page_0.jpeg,LPAE_11397_hr,augmentation_brightness_80/img_60_page_0.jpeg,60,0,1,2,6,0,6x2
img_61_page_0.jpeg,LPAE_05944_hr,augmentation_brightness_80/img_61_page_0.jpeg,61,0,1,2,6,1,6x2+1R
img_62_page_0.jpeg,LPAE_04733_hr,augmentation_brightness_80/img_62_page_0.jpeg,62,0,1,4,3,1,3x4+1R
img_63_page_0.jpeg,LPAE_10986_hr,augmentation_brightness_80/img_63_page_0.jpeg,63,0,1,4,3,0,3x4
img_64_page_0.jpeg,LPAE_18227_hr,augmentation_brightness_80/img_64_page_0.jpeg,64,0,1,2,6,0,6x2
img_65_page_0.jpeg,LPAE_18552_hr,augmentation_brightness_80/img_65_page_0.jpeg,65,0,1,2,6,0,6x2
img_66_page_0.jpeg,LPAE_11498_hr,augmentation_brightness_80/img_66_page_0.jpeg,66,0,1,4,3,1,3x4+1R
img_67_page_0.jpeg,LPAE_01805_hr,augmentation_brightness_80/img_67_page_0.jpeg,67,0,1,4,3,0,3x4
img_68_page_0.jpeg,LPAE_18945_hr,augmentation_brightness_80/img_68_page_0.jpeg,68,0,1,4,3,1,3x4+1R
img_69_page_0.jpeg,LPAE_12186_hr,augmentation_brightness_80/img_69_page_0.jpeg,69,0,1,4,3,0,3x4
img_70_page_0.jpeg,LPAE_04794_hr,augmentation_brightness_80/img_70_page_0.jpeg,70,0,1,1,12,0,12x1
img_71_page_0.jpeg,LPAE_12190_hr,augmentation_brightness_80/img_71_page_0.jpeg,71,0,1,4,3,1,3x4+1R
img_72_page_0.jpeg,LPAE_12432_hr,augmentation_brightness_80/img_72_page_0.jpeg,72,0,1,4,3,1,3x4+1R
img_73_page_0.jpeg,LPAE_19036_hr,augmentation_brightness_80/img_73_page_0.jpeg,73,0,1,2,6,0,6x2
img_74_page_0.jpeg,LPAE_12629_hr,augmentation_brightness_80/img_74_page_0.jpeg,74,0,1,4,3,1,3x4+1R
img_75_page_0.jpeg,LPAE_02444_hr,augmentation_brightness_80/img_75_page_0.jpeg,75,0,2,1,6,0,6x2
img_75_page_1.jpeg,LPAE_02444_hr,augmentation_brightness_80/img_75_page_1.jpeg,75,1,2,1,6,0,6x2
img_76_page_0.jpeg,LPAE_17345_hr,augmentation_brightness_80/img_76_page_0.jpeg,76,0,1,2,6,0,6x2
img_77_page_0.jpeg,LPAE_06303_hr,augmentation_brightness_80/img_77_page_0.jpeg,77,0,1,4,3,0,3x4
img_78_page_0.jpeg,LPAE_13851_hr,augmentation_brightness_80/img_78_page_0.jpeg,78,0,1,2,6,0,6x2
img_79_page_0.jpeg,LPAE_13962_hr,augmentation_brightness_80/img_79_page_0.jpeg,79,0,1,2,6,0,6x2
img_80_page_0.jpeg,LPAE_19394_hr,augmentation_brightness_80/img_80_page_0.jpeg,80,0,1,4,3,1,3x4+1R
img_81_page_0.jpeg,LPAE_00232_hr,augmentation_brightness_80/img_81_page_0.jpeg,81,0,1,4,3,1,3x4+1R
img_82_page_0.jpeg,LPAE_19269_hr,augmentation_brightness_80/img_82_page_0.jpeg,82,0,1,4,3,1,3x4+1R
img_83_page_0.jpeg,LPAE_20117_hr,augmentation_brightness_80/img_83_page_0.jpeg,83,0,1,4,3,3,3x4+3R
img_84_page_0.jpeg,LPAE_19164_hr,augmentation_brightness_80/img_84_page_0.jpeg,84,0,1,4,3,1,3x4+1R
img_85_page_0.jpeg,LPAE_19686_hr,augmentation_brightness_80/img_85_page_0.jpeg,85,0,1,4,3,1,3x4+1R
img_86_page_0.jpeg,LPAE_19968_hr,augmentation_brightness_80/img_86_page_0.jpeg,86,0,1,2,6,0,6x2
img_87_page_0.jpeg,LPAE_19288_hr,augmentation_brightness_80/img_87_page_0.jpeg,87,0,1,2,6,0,6x2
img_88_page_0.jpeg,LPAE_14304_hr,augmentation_brightness_80/img_88_page_0.jpeg,88,0,4,1,3,0,3x4
img_88_page_1.jpeg,LPAE_14304_hr,augmentation_brightness_80/img_88_page_1.jpeg,88,1,4,1,3,0,3x4
img_88_page_2.jpeg,LPAE_14304_hr,augmentation_brightness_80/img_88_page_2.jpeg,88,2,4,1,3,0,3x4
img_88_page_3.jpeg,LPAE_14304_hr,augmentation_brightness_80/img_88_page_3.jpeg,88,3,4,1,3,0,3x4
img_89_page_0.jpeg,LPAE_19309_hr,augmentation_brightness_80/img_89_page_0.jpeg,89,0,2,2,3,0,3x4
img_89_page_1.jpeg,LPAE_19309_hr,augmentation_brightness_80/img_89_page_1.jpeg,89,1,2,2,3,0,3x4
img_90_page_0.jpeg,LPAE_14641_hr,augmentation_brightness_80/img_90_page_0.jpeg,90,0,1,2,6,0,6x2
img_91_page_0.jpeg,LPAE_15477_hr,augmentation_brightness_80/img_91_page_0.jpeg,91,0,1,4,3,1,3x4+1R
img_92_page_0.jpeg,LPAE_14680_hr,augmentation_brightness_80/img_92_page_0.jpeg,92,0,1,4,3,1,3x4+1R
img_93_page_0.jpeg,LPAE_15368_hr,augmentation_brightness_80/img_93_page_0.jpeg,93,0,1,2,6,1,6x2+1R
img_94_page_0.jpeg,LPAE_19138_hr,augmentation_brightness_80/img_94_page_0.jpeg,94,0,1,1,12,0,12x1
img_95_page_0.jpeg,LPAE_15529_hr,augmentation_brightness_80/img_95_page_0.jpeg,95,0,1,2,6,0,6x2
img_96_page_0.jpeg,LPAE_15607_hr,augmentation_brightness_80/img_96_page_0.jpeg,96,0,4,1,3,0,3x4
img_96_page_1.jpeg,LPAE_15607_hr,augmentation_brightness_80/img_96_page_1.jpeg,96,1,4,1,3,0,3x4
img_96_page_2.jpeg,LPAE_15607_hr,augmentation_brightness_80/img_96_page_2.jpeg,96,2,4,1,3,0,3x4
img_96_page_3.jpeg,LPAE_15607_hr,augmentation_brightness_80/img_96_page_3.jpeg,96,3,4,1,3,0,3x4
img_97_page_0.jpeg,LPAE_19202_hr,augmentation_brightness_80/img_97_page_0.jpeg,97,0,1,1,12,0,12x1
img_98_page_0.jpeg,LPAE_16212_hr,augmentation_brightness_80/img_98_page_0.jpeg,98,0,1,4,3,3,3x4+3R
img_99_page_0.jpeg,LPAE_19326_hr,augmentation_brightness_80/img_99_page_0.jpeg,99,0,1,2,6,0,6x2
img_100_page_0.jpeg,LPAE_20139_hr,augmentation_brightness_80/img_100_page_0.jpeg,100,0,1,4,3,3,3x4+3R
img_1_page_0.jpeg,LPAE_11666_hr,augmentation_contrast_gamma_0.125/img_1_page_0.jpeg,1,0,2,1,6,0,6x2
img_1_page_1.jpeg,LPAE_11666_hr,augmentation_contrast_gamma_0.125/img_1_page_1.jpeg,1,1,2,1,6,0,6x2
img_2_page_0.jpeg,LPAE_11209_hr,augmentation_contrast_gamma_0.125/img_2_page_0.jpeg,2,0,1,1,12,0,12x1
img_3_page_0.jpeg,LPAE_14009_hr,augmentation_contrast_gamma_0.125/img_3_page_0.jpeg,3,0,1,1,12,0,12x1
img_4_page_0.jpeg,LPAE_20999_hr,augmentation_contrast_gamma_0.125/img_4_page_0.jpeg,4,0,1,4,3,1,3x4+1R
img_5_page_0.jpeg,LPAE_21515_hr,augmentation_contrast_gamma_0.125/img_5_page_0.jpeg,5,0,1,2,6,0,6x2
img_6_page_0.jpeg,LPAE_02926_hr,augmentation_contrast_gamma_0.125/img_6_page_0.jpeg,6,0,1,1,12,0,12x1
img_7_page_0.jpeg,LPAE_21541_hr,augmentation_contrast_gamma_0.125/img_7_page_0.jpeg,7,0,1,2,6,0,6x2
img_8_page_0.jpeg,LPAE_05432_hr,augmentation_contrast_gamma_0.125/img_8_page_0.jpeg,8,0,1,4,3,3,3x4+3R
img_9_page_0.jpeg,LPAE_20159_hr,augmentation_contrast_gamma_0.125/img_9_page_0.jpeg,9,0,1,2,6,0,6x2
img_10_page_0.jpeg,LPAE_04827_hr,augmentation_contrast_gamma_0.125/img_10_page_0.jpeg,10,0,1,4,3,1,3x4+1R
img_11_page_0.jpeg,LPAE_06229_hr,augmentation_contrast_gamma_0.125/img_11_page_0.jpeg,11,0,1,2,6,0,6x2
img_12_page_0.jpeg,LPAE_10505_hr,augmentation_contrast_gamma_0.125/img_12_page_0.jpeg,12,0,1,4,3,3,3x4+3R
img_13_page_0.jpeg,LPAE_10300_hr,augmentation_contrast_gamma_0.125/img_13_page_0.jpeg,13,0,1,2,6,0,6x2
img_14_page_0.jpeg,LPAE_17226_hr,augmentation_contrast_gamma_0.125/img_14_page_0.jpeg,14,0,1,4,3,1,3x4+1R
img_15_page_0.jpeg,LPAE_05742_hr,augmentation_contrast_gamma_0.125/img_15_page_0.jpeg,15,0,1,4,3,1,3x4+1R
img_16_page_0.jpeg,LPAE_19550_hr,augmentation_contrast_gamma_0.125/img_16_page_0.jpeg,16,0,1,4,3,1,3x4+1R
img_17_page_0.jpeg,LPAE_06918_hr,augmentation_contrast_gamma_0.125/img_17_page_0.jpeg,17,0,1,4,3,1,3x4+1R
img_18_page_0.jpeg,LPAE_12879_hr,augmentation_contrast_gamma_0.125/img_18_page_0.jpeg,18,0,1,1,12,0,12x1
img_19_page_0.jpeg,LPAE_20790_hr,augmentation_contrast_gamma_0.125/img_19_page_0.jpeg,19,0,1,2,6,1,6x2+1R
img_20_page_0.jpeg,LPAE_20947_hr,augmentation_contrast_gamma_0.125/img_20_page_0.jpeg,20,0,1,4,3,0,3x4
img_21_page_0.jpeg,LPAE_20515_hr,augmentation_contrast_gamma_0.125/img_21_page_0.jpeg,21,0,1,2,6,0,6x2
img_22_page_0.jpeg,LPAE_06846_hr,augmentation_contrast_gamma_0.125/img_22_page_0.jpeg,22,0,1,4,3,1,3x4+1R
img_23_page_0.jpeg,LPAE_04957_hr,augmentation_contrast_gamma_0.125/img_23_page_0.jpeg,23,0,1,2,6,0,6x2
img_24_page_0.jpeg,LPAE_14819_hr,augmentation_contrast_gamma_0.125/img_24_page_0.jpeg,24,0,1,4,3,0,3x4
img_25_page_0.jpeg,LPAE_05441_hr,augmentation_contrast_gamma_0.125/img_25_page_0.jpeg,25,0,1,1,12,0,12x1
img_26_page_0.jpeg,LPAE_20971_hr,augmentation_contrast_gamma_0.125/img_26_page_0.jpeg,26,0,1,4,3,1,3x4+1R
img_27_page_0.jpeg,LPAE_20680_hr,augmentation_contrast_gamma_0.125/img_27_page_0.jpeg,27,0,1,4,3,0,3x4
img_28_page_0.jpeg,LPAE_07250_hr,augmentation_contrast_gamma_0.125/img_28_page_0.jpeg,28,0,1,4,3,1,3x4+1R
img_29_page_0.jpeg,LPAE_20748_hr,augmentation_contrast_gamma_0.125/img_29_page_0.jpeg,29,0,1,4,3,1,3x4+1R
img_30_page_0.jpeg,LPAE_06938_hr,augmentation_contrast_gamma_0.125/img_30_page_0.jpeg,30,0,1,2,6,1,6x2+1R
img_31_page_0.jpeg,LPAE_20367_hr,augmentation_contrast_gamma_0.125/img_31_page_0.jpeg,31,0,1,4,3,1,3x4+1R
img_32_page_0.jpeg,LPAE_07285_hr,augmentation_contrast_gamma_0.125/img_32_page_0.jpeg,32,0,1,4,3,0,3x4
img_33_page_0.jpeg,LPAE_07299_hr,augmentation_contrast_gamma_0.125/img_33_page_0.jpeg,33,0,1,2,6,0,6x2
img_34_page_0.jpeg,LPAE_21629_hr,augmentation_contrast_gamma_0.125/img_34_page_0.jpeg,34,0,1,2,6,0,6x2
img_35_page_0.jpeg,LPAE_07596_hr,augmentation_contrast_gamma_0.125/img_35_page_0.jpeg,35,0,1,2,6,0,6x2
img_36_page_0.jpeg,LPAE_10555_hr,augmentation_contrast_gamma_0.125/img_36_page_0.jpeg,36,0,1,4,3,0,3x4
img_37_page_0.jpeg,LPAE_21468_hr,augmentation_contrast_gamma_0.125/img_37_page_0.jpeg,37,0,1,4,3,1,3x4+1R
img_38_page_0.jpeg,LPAE_08885_hr,augmentation_contrast_gamma_0.125/img_38_page_0.jpeg,38,0,1,4,3,3,3x4+3R
img_39_page_0.jpeg,LPAE_09331_hr,augmentation_contrast_gamma_0.125/img_39_page_0.jpeg,39,0,1,2,6,0,6x2
img_40_page_0.jpeg,LPAE_09275_hr,augmentation_contrast_gamma_0.125/img_40_page_0.jpeg,40,0,1,4,3,1,3x4+1R
img_41_page_0.jpeg,LPAE_20243_hr,augmentation_contrast_gamma_0.125/img_41_page_0.jpeg,41,0,1,2,6,0,6x2
img_42_page_0.jpeg,LPAE_09545_hr,augmentation_contrast_gamma_0.125/img_42_page_0.jpeg,42,0,1,4,3,1,3x4+1R
img_43_page_0.jpeg,LPAE_09754_hr,augmentation_contrast_gamma_0.125/img_43_page_0.jpeg,43,0,1,4,3,1,3x4+1R
img_44_page_0.jpeg,LPAE_17637_hr,augmentation_contrast_gamma_0.125/img_44_page_0.jpeg,44,0,1,4,3,0,3x4
img_45_page_0.jpeg,LPAE_17118_hr,augmentation_contrast_gamma_0.125/img_45_page_0.jpeg,45,0,1,2,6,0,6x2
img_46_page_0.jpeg,LPAE_10306_hr,augmentation_contrast_gamma_0.125/img_46_page_0.jpeg,46,0,1,4,3,1,3x4+1R
img_47_page_0.jpeg,LPAE_10266_hr,augmentation_contrast_gamma_0.125/img_47_page_0.jpeg,47,0,1,4,3,3,3x4+3R
img_48_page_0.jpeg,LPAE_08007_hr,augmentation_contrast_gamma_0.125/img_48_page_0.jpeg,48,0,1,2,6,0,6x2
img_49_page_0.jpeg,LPAE_08962_hr,augmentation_contrast_gamma_0.125/img_49_page_0.jpeg,49,0,1,2,6,0,6x2
img_50_page_0.jpeg,LPAE_16895_hr,augmentation_contrast_gamma_0.125/img_50_page_0.jpeg,50,0,1,4,3,0,3x4
img_51_page_0.jpeg,LPAE_05359_hr,augmentation_contrast_gamma_0.125/img_51_page_0.jpeg,51,0,1,4,3,0,3x4
img_52_page_0.jpeg,LPAE_10554_hr,augmentation_contrast_gamma_0.125/img_52_page_0.jpeg,52,0,1,2,6,1,6x2+1R
img_53_page_0.jpeg,LPAE_10598_hr,augmentation_contrast_gamma_0.125/img_53_page_0.jpeg,53,0,1,2,6,0,6x2
img_54_page_0.jpeg,LPAE_17269_hr,augmentation_contrast_gamma_0.125/img_54_page_0.jpeg,54,0,2,2,3,0,3x4
img_54_page_1.jpeg,LPAE_17269_hr,augmentation_contrast_gamma_0.125/img_54_page_1.jpeg,54,1,2,2,3,0,3x4
img_55_page_0.jpeg,LPAE_10518_hr,augmentation_contrast_gamma_0.125/img_55_page_0.jpeg,55,0,1,2,6,0,6x2
img_56_page_0.jpeg,LPAE_10564_hr,augmentation_contrast_gamma_0.125/img_56_page_0.jpeg,56,0,1,2,6,0,6x2
img_57_page_0.jpeg,LPAE_06282_hr,augmentation_contrast_gamma_0.125/img_57_page_0.jpeg,57,0,1,1,12,0,12x1
img_58_page_0.jpeg,LPAE_10943_hr,augmentation_contrast_gamma_0.125/img_58_page_0.jpeg,58,0,1,4,3,0,3x4
img_59_page_0.jpeg,LPAE_18073_hr,augmentation_contrast_gamma_0.125/img_59_page_0.jpeg,59,0,1,2,6,0,6x2
img_60_page_0.jpeg,LPAE_11397_hr,augmentation_contrast_gamma_0.125/img_60_page_0.jpeg,60,0,1,2,6,0,6x2
img_61_page_0.jpeg,LPAE_05944_hr,augmentation_contrast_gamma_0.125/img_61_page_0.jpeg,61,0,1,2,6,1,6x2+1R
img_62_page_0.jpeg,LPAE_04733_hr,augmentation_contrast_gamma_0.125/img_62_page_0.jpeg,62,0,1,4,3,1,3x4+1R
img_63_page_0.jpeg,LPAE_10986_hr,augmentation_contrast_gamma_0.125/img_63_page_0.jpeg,63,0,1,4,3,0,3x4
img_64_page_0.jpeg,LPAE_18227_hr,augmentation_contrast_gamma_0.125/img_64_page_0.jpeg,64,0,1,2,6,0,6x2
img_65_page_0.jpeg,LPAE_18552_hr,augmentation_contrast_gamma_0.125/img_65_page_0.jpeg,65,0,1,2,6,0,6x2
img_66_page_0.jpeg,LPAE_11498_hr,augmentation_contrast_gamma_0.125/img_66_page_0.jpeg,66,0,1,4,3,1,3x4+1R
img_67_page_0.jpeg,LPAE_01805_hr,augmentation_contrast_gamma_0.125/img_67_page_0.jpeg,67,0,1,4,3,0,3x4
img_68_page_0.jpeg,LPAE_18945_hr,augmentation_contrast_gamma_0.125/img_68_page_0.jpeg,68,0,1,4,3,1,3x4+1R
img_69_page_0.jpeg,LPAE_12186_hr,augmentation_contrast_gamma_0.125/img_69_page_0.jpeg,69,0,1,4,3,0,3x4
img_70_page_0.jpeg,LPAE_04794_hr,augmentation_contrast_gamma_0.125/img_70_page_0.jpeg,70,0,1,1,12,0,12x1
img_71_page_0.jpeg,LPAE_12190_hr,augmentation_contrast_gamma_0.125/img_71_page_0.jpeg,71,0,1,4,3,1,3x4+1R
img_72_page_0.jpeg,LPAE_12432_hr,augmentation_contrast_gamma_0.125/img_72_page_0.jpeg,72,0,1,4,3,1,3x4+1R
img_73_page_0.jpeg,LPAE_19036_hr,augmentation_contrast_gamma_0.125/img_73_page_0.jpeg,73,0,1,2,6,0,6x2
img_74_page_0.jpeg,LPAE_12629_hr,augmentation_contrast_gamma_0.125/img_74_page_0.jpeg,74,0,1,4,3,1,3x4+1R
img_75_page_0.jpeg,LPAE_02444_hr,augmentation_contrast_gamma_0.125/img_75_page_0.jpeg,75,0,2,1,6,0,6x2
img_75_page_1.jpeg,LPAE_02444_hr,augmentation_contrast_gamma_0.125/img_75_page_1.jpeg,75,1,2,1,6,0,6x2
img_76_page_0.jpeg,LPAE_17345_hr,augmentation_contrast_gamma_0.125/img_76_page_0.jpeg,76,0,1,2,6,0,6x2
img_77_page_0.jpeg,LPAE_06303_hr,augmentation_contrast_gamma_0.125/img_77_page_0.jpeg,77,0,1,4,3,0,3x4
img_78_page_0.jpeg,LPAE_13851_hr,augmentation_contrast_gamma_0.125/img_78_page_0.jpeg,78,0,1,2,6,0,6x2
img_79_page_0.jpeg,LPAE_13962_hr,augmentation_contrast_gamma_0.125/img_79_page_0.jpeg,79,0,1,2,6,0,6x2
img_80_page_0.jpeg,LPAE_19394_hr,augmentation_contrast_gamma_0.125/img_80_page_0.jpeg,80,0,1,4,3,1,3x4+1R
img_81_page_0.jpeg,LPAE_00232_hr,augmentation_contrast_gamma_0.125/img_81_page_0.jpeg,81,0,1,4,3,1,3x4+1R
img_82_page_0.jpeg,LPAE_19269_hr,augmentation_contrast_gamma_0.125/img_82_page_0.jpeg,82,0,1,4,3,1,3x4+1R
img_83_page_0.jpeg,LPAE_20117_hr,augmentation_contrast_gamma_0.125/img_83_page_0.jpeg,83,0,1,4,3,3,3x4+3R
img_84_page_0.jpeg,LPAE_19164_hr,augmentation_contrast_gamma_0.125/img_84_page_0.jpeg,84,0,1,4,3,1,3x4+1R
img_85_page_0.jpeg,LPAE_19686_hr,augmentation_contrast_gamma_0.125/img_85_page_0.jpeg,85,0,1,4,3,1,3x4+1R
img_86_page_0.jpeg,LPAE_19968_hr,augmentation_contrast_gamma_0.125/img_86_page_0.jpeg,86,0,1,2,6,0,6x2
img_87_page_0.jpeg,LPAE_19288_hr,augmentation_contrast_gamma_0.125/img_87_page_0.jpeg,87,0,1,2,6,0,6x2
img_88_page_0.jpeg,LPAE_14304_hr,augmentation_contrast_gamma_0.125/img_88_page_0.jpeg,88,0,4,1,3,0,3x4
img_88_page_1.jpeg,LPAE_14304_hr,augmentation_contrast_gamma_0.125/img_88_page_1.jpeg,88,1,4,1,3,0,3x4
img_88_page_2.jpeg,LPAE_14304_hr,augmentation_contrast_gamma_0.125/img_88_page_2.jpeg,88,2,4,1,3,0,3x4
img_88_page_3.jpeg,LPAE_14304_hr,augmentation_contrast_gamma_0.125/img_88_page_3.jpeg,88,3,4,1,3,0,3x4
img_89_page_0.jpeg,LPAE_19309_hr,augmentation_contrast_gamma_0.125/img_89_page_0.jpeg,89,0,2,2,3,0,3x4
img_89_page_1.jpeg,LPAE_19309_hr,augmentation_contrast_gamma_0.125/img_89_page_1.jpeg,89,1,2,2,3,0,3x4
img_90_page_0.jpeg,LPAE_14641_hr,augmentation_contrast_gamma_0.125/img_90_page_0.jpeg,90,0,1,2,6,0,6x2
img_91_page_0.jpeg,LPAE_15477_hr,augmentation_contrast_gamma_0.125/img_91_page_0.jpeg,91,0,1,4,3,1,3x4+1R
img_92_page_0.jpeg,LPAE_14680_hr,augmentation_contrast_gamma_0.125/img_92_page_0.jpeg,92,0,1,4,3,1,3x4+1R
img_93_page_0.jpeg,LPAE_15368_hr,augmentation_contrast_gamma_0.125/img_93_page_0.jpeg,93,0,1,2,6,1,6x2+1R
img_94_page_0.jpeg,LPAE_19138_hr,augmentation_contrast_gamma_0.125/img_94_page_0.jpeg,94,0,1,1,12,0,12x1
img_95_page_0.jpeg,LPAE_15529_hr,augmentation_contrast_gamma_0.125/img_95_page_0.jpeg,95,0,1,2,6,0,6x2
img_96_page_0.jpeg,LPAE_15607_hr,augmentation_contrast_gamma_0.125/img_96_page_0.jpeg,96,0,4,1,3,0,3x4
img_96_page_1.jpeg,LPAE_15607_hr,augmentation_contrast_gamma_0.125/img_96_page_1.jpeg,96,1,4,1,3,0,3x4
img_96_page_2.jpeg,LPAE_15607_hr,augmentation_contrast_gamma_0.125/img_96_page_2.jpeg,96,2,4,1,3,0,3x4
img_96_page_3.jpeg,LPAE_15607_hr,augmentation_contrast_gamma_0.125/img_96_page_3.jpeg,96,3,4,1,3,0,3x4
img_97_page_0.jpeg,LPAE_19202_hr,augmentation_contrast_gamma_0.125/img_97_page_0.jpeg,97,0,1,1,12,0,12x1
img_98_page_0.jpeg,LPAE_16212_hr,augmentation_contrast_gamma_0.125/img_98_page_0.jpeg,98,0,1,4,3,3,3x4+3R
img_99_page_0.jpeg,LPAE_19326_hr,augmentation_contrast_gamma_0.125/img_99_page_0.jpeg,99,0,1,2,6,0,6x2
img_100_page_0.jpeg,LPAE_20139_hr,augmentation_contrast_gamma_0.125/img_100_page_0.jpeg,100,0,1,4,3,3,3x4+3R
img_1_page_0.jpeg,LPAE_11666_hr,augmentation_contrast_gamma_0.25/img_1_page_0.jpeg,1,0,2,1,6,0,6x2
img_1_page_1.jpeg,LPAE_11666_hr,augmentation_contrast_gamma_0.25/img_1_page_1.jpeg,1,1,2,1,6,0,6x2
img_2_page_0.jpeg,LPAE_11209_hr,augmentation_contrast_gamma_0.25/img_2_page_0.jpeg,2,0,1,1,12,0,12x1
img_3_page_0.jpeg,LPAE_14009_hr,augmentation_contrast_gamma_0.25/img_3_page_0.jpeg,3,0,1,1,12,0,12x1
img_4_page_0.jpeg,LPAE_20999_hr,augmentation_contrast_gamma_0.25/img_4_page_0.jpeg,4,0,1,4,3,1,3x4+1R
img_5_page_0.jpeg,LPAE_21515_hr,augmentation_contrast_gamma_0.25/img_5_page_0.jpeg,5,0,1,2,6,0,6x2
img_6_page_0.jpeg,LPAE_02926_hr,augmentation_contrast_gamma_0.25/img_6_page_0.jpeg,6,0,1,1,12,0,12x1
img_7_page_0.jpeg,LPAE_21541_hr,augmentation_contrast_gamma_0.25/img_7_page_0.jpeg,7,0,1,2,6,0,6x2
img_8_page_0.jpeg,LPAE_05432_hr,augmentation_contrast_gamma_0.25/img_8_page_0.jpeg,8,0,1,4,3,3,3x4+3R
img_9_page_0.jpeg,LPAE_20159_hr,augmentation_contrast_gamma_0.25/img_9_page_0.jpeg,9,0,1,2,6,0,6x2
img_10_page_0.jpeg,LPAE_04827_hr,augmentation_contrast_gamma_0.25/img_10_page_0.jpeg,10,0,1,4,3,1,3x4+1R
img_11_page_0.jpeg,LPAE_06229_hr,augmentation_contrast_gamma_0.25/img_11_page_0.jpeg,11,0,1,2,6,0,6x2
img_12_page_0.jpeg,LPAE_10505_hr,augmentation_contrast_gamma_0.25/img_12_page_0.jpeg,12,0,1,4,3,3,3x4+3R
img_13_page_0.jpeg,LPAE_10300_hr,augmentation_contrast_gamma_0.25/img_13_page_0.jpeg,13,0,1,2,6,0,6x2
img_14_page_0.jpeg,LPAE_17226_hr,augmentation_contrast_gamma_0.25/img_14_page_0.jpeg,14,0,1,4,3,1,3x4+1R
img_15_page_0.jpeg,LPAE_05742_hr,augmentation_contrast_gamma_0.25/img_15_page_0.jpeg,15,0,1,4,3,1,3x4+1R
img_16_page_0.jpeg,LPAE_19550_hr,augmentation_contrast_gamma_0.25/img_16_page_0.jpeg,16,0,1,4,3,1,3x4+1R
img_17_page_0.jpeg,LPAE_06918_hr,augmentation_contrast_gamma_0.25/img_17_page_0.jpeg,17,0,1,4,3,1,3x4+1R
img_18_page_0.jpeg,LPAE_12879_hr,augmentation_contrast_gamma_0.25/img_18_page_0.jpeg,18,0,1,1,12,0,12x1
img_19_page_0.jpeg,LPAE_20790_hr,augmentation_contrast_gamma_0.25/img_19_page_0.jpeg,19,0,1,2,6,1,6x2+1R
img_20_page_0.jpeg,LPAE_20947_hr,augmentation_contrast_gamma_0.25/img_20_page_0.jpeg,20,0,1,4,3,0,3x4
img_21_page_0.jpeg,LPAE_20515_hr,augmentation_contrast_gamma_0.25/img_21_page_0.jpeg,21,0,1,2,6,0,6x2
img_22_page_0.jpeg,LPAE_06846_hr,augmentation_contrast_gamma_0.25/img_22_page_0.jpeg,22,0,1,4,3,1,3x4+1R
img_23_page_0.jpeg,LPAE_04957_hr,augmentation_contrast_gamma_0.25/img_23_page_0.jpeg,23,0,1,2,6,0,6x2
img_24_page_0.jpeg,LPAE_14819_hr,augmentation_contrast_gamma_0.25/img_24_page_0.jpeg,24,0,1,4,3,0,3x4
img_25_page_0.jpeg,LPAE_05441_hr,augmentation_contrast_gamma_0.25/img_25_page_0.jpeg,25,0,1,1,12,0,12x1
img_26_page_0.jpeg,LPAE_20971_hr,augmentation_contrast_gamma_0.25/img_26_page_0.jpeg,26,0,1,4,3,1,3x4+1R
img_27_page_0.jpeg,LPAE_20680_hr,augmentation_contrast_gamma_0.25/img_27_page_0.jpeg,27,0,1,4,3,0,3x4
img_28_page_0.jpeg,LPAE_07250_hr,augmentation_contrast_gamma_0.25/img_28_page_0.jpeg,28,0,1,4,3,1,3x4+1R
img_29_page_0.jpeg,LPAE_20748_hr,augmentation_contrast_gamma_0.25/img_29_page_0.jpeg,29,0,1,4,3,1,3x4+1R
img_30_page_0.jpeg,LPAE_06938_hr,augmentation_contrast_gamma_0.25/img_30_page_0.jpeg,30,0,1,2,6,1,6x2+1R
img_31_page_0.jpeg,LPAE_20367_hr,augmentation_contrast_gamma_0.25/img_31_page_0.jpeg,31,0,1,4,3,1,3x4+1R
img_32_page_0.jpeg,LPAE_07285_hr,augmentation_contrast_gamma_0.25/img_32_page_0.jpeg,32,0,1,4,3,0,3x4
img_33_page_0.jpeg,LPAE_07299_hr,augmentation_contrast_gamma_0.25/img_33_page_0.jpeg,33,0,1,2,6,0,6x2
img_34_page_0.jpeg,LPAE_21629_hr,augmentation_contrast_gamma_0.25/img_34_page_0.jpeg,34,0,1,2,6,0,6x2
img_35_page_0.jpeg,LPAE_07596_hr,augmentation_contrast_gamma_0.25/img_35_page_0.jpeg,35,0,1,2,6,0,6x2
img_36_page_0.jpeg,LPAE_10555_hr,augmentation_contrast_gamma_0.25/img_36_page_0.jpeg,36,0,1,4,3,0,3x4
img_37_page_0.jpeg,LPAE_21468_hr,augmentation_contrast_gamma_0.25/img_37_page_0.jpeg,37,0,1,4,3,1,3x4+1R
img_38_page_0.jpeg,LPAE_08885_hr,augmentation_contrast_gamma_0.25/img_38_page_0.jpeg,38,0,1,4,3,3,3x4+3R
img_39_page_0.jpeg,LPAE_09331_hr,augmentation_contrast_gamma_0.25/img_39_page_0.jpeg,39,0,1,2,6,0,6x2
img_40_page_0.jpeg,LPAE_09275_hr,augmentation_contrast_gamma_0.25/img_40_page_0.jpeg,40,0,1,4,3,1,3x4+1R
img_41_page_0.jpeg,LPAE_20243_hr,augmentation_contrast_gamma_0.25/img_41_page_0.jpeg,41,0,1,2,6,0,6x2
img_42_page_0.jpeg,LPAE_09545_hr,augmentation_contrast_gamma_0.25/img_42_page_0.jpeg,42,0,1,4,3,1,3x4+1R
img_43_page_0.jpeg,LPAE_09754_hr,augmentation_contrast_gamma_0.25/img_43_page_0.jpeg,43,0,1,4,3,1,3x4+1R
img_44_page_0.jpeg,LPAE_17637_hr,augmentation_contrast_gamma_0.25/img_44_page_0.jpeg,44,0,1,4,3,0,3x4
img_45_page_0.jpeg,LPAE_17118_hr,augmentation_contrast_gamma_0.25/img_45_page_0.jpeg,45,0,1,2,6,0,6x2
img_46_page_0.jpeg,LPAE_10306_hr,augmentation_contrast_gamma_0.25/img_46_page_0.jpeg,46,0,1,4,3,1,3x4+1R
img_47_page_0.jpeg,LPAE_10266_hr,augmentation_contrast_gamma_0.25/img_47_page_0.jpeg,47,0,1,4,3,3,3x4+3R
img_48_page_0.jpeg,LPAE_08007_hr,augmentation_contrast_gamma_0.25/img_48_page_0.jpeg,48,0,1,2,6,0,6x2
img_49_page_0.jpeg,LPAE_08962_hr,augmentation_contrast_gamma_0.25/img_49_page_0.jpeg,49,0,1,2,6,0,6x2
img_50_page_0.jpeg,LPAE_16895_hr,augmentation_contrast_gamma_0.25/img_50_page_0.jpeg,50,0,1,4,3,0,3x4
img_51_page_0.jpeg,LPAE_05359_hr,augmentation_contrast_gamma_0.25/img_51_page_0.jpeg,51,0,1,4,3,0,3x4
img_52_page_0.jpeg,LPAE_10554_hr,augmentation_contrast_gamma_0.25/img_52_page_0.jpeg,52,0,1,2,6,1,6x2+1R
img_53_page_0.jpeg,LPAE_10598_hr,augmentation_contrast_gamma_0.25/img_53_page_0.jpeg,53,0,1,2,6,0,6x2
img_54_page_0.jpeg,LPAE_17269_hr,augmentation_contrast_gamma_0.25/img_54_page_0.jpeg,54,0,2,2,3,0,3x4
img_54_page_1.jpeg,LPAE_17269_hr,augmentation_contrast_gamma_0.25/img_54_page_1.jpeg,54,1,2,2,3,0,3x4
img_55_page_0.jpeg,LPAE_10518_hr,augmentation_contrast_gamma_0.25/img_55_page_0.jpeg,55,0,1,2,6,0,6x2
img_56_page_0.jpeg,LPAE_10564_hr,augmentation_contrast_gamma_0.25/img_56_page_0.jpeg,56,0,1,2,6,0,6x2
img_57_page_0.jpeg,LPAE_06282_hr,augmentation_contrast_gamma_0.25/img_57_page_0.jpeg,57,0,1,1,12,0,12x1
img_58_page_0.jpeg,LPAE_10943_hr,augmentation_contrast_gamma_0.25/img_58_page_0.jpeg,58,0,1,4,3,0,3x4
img_59_page_0.jpeg,LPAE_18073_hr,augmentation_contrast_gamma_0.25/img_59_page_0.jpeg,59,0,1,2,6,0,6x2
img_60_page_0.jpeg,LPAE_11397_hr,augmentation_contrast_gamma_0.25/img_60_page_0.jpeg,60,0,1,2,6,0,6x2
img_61_page_0.jpeg,LPAE_05944_hr,augmentation_contrast_gamma_0.25/img_61_page_0.jpeg,61,0,1,2,6,1,6x2+1R
img_62_page_0.jpeg,LPAE_04733_hr,augmentation_contrast_gamma_0.25/img_62_page_0.jpeg,62,0,1,4,3,1,3x4+1R
img_63_page_0.jpeg,LPAE_10986_hr,augmentation_contrast_gamma_0.25/img_63_page_0.jpeg,63,0,1,4,3,0,3x4
img_64_page_0.jpeg,LPAE_18227_hr,augmentation_contrast_gamma_0.25/img_64_page_0.jpeg,64,0,1,2,6,0,6x2
img_65_page_0.jpeg,LPAE_18552_hr,augmentation_contrast_gamma_0.25/img_65_page_0.jpeg,65,0,1,2,6,0,6x2
img_66_page_0.jpeg,LPAE_11498_hr,augmentation_contrast_gamma_0.25/img_66_page_0.jpeg,66,0,1,4,3,1,3x4+1R
img_67_page_0.jpeg,LPAE_01805_hr,augmentation_contrast_gamma_0.25/img_67_page_0.jpeg,67,0,1,4,3,0,3x4
img_68_page_0.jpeg,LPAE_18945_hr,augmentation_contrast_gamma_0.25/img_68_page_0.jpeg,68,0,1,4,3,1,3x4+1R
img_69_page_0.jpeg,LPAE_12186_hr,augmentation_contrast_gamma_0.25/img_69_page_0.jpeg,69,0,1,4,3,0,3x4
img_70_page_0.jpeg,LPAE_04794_hr,augmentation_contrast_gamma_0.25/img_70_page_0.jpeg,70,0,1,1,12,0,12x1
img_71_page_0.jpeg,LPAE_12190_hr,augmentation_contrast_gamma_0.25/img_71_page_0.jpeg,71,0,1,4,3,1,3x4+1R
img_72_page_0.jpeg,LPAE_12432_hr,augmentation_contrast_gamma_0.25/img_72_page_0.jpeg,72,0,1,4,3,1,3x4+1R
img_73_page_0.jpeg,LPAE_19036_hr,augmentation_contrast_gamma_0.25/img_73_page_0.jpeg,73,0,1,2,6,0,6x2
img_74_page_0.jpeg,LPAE_12629_hr,augmentation_contrast_gamma_0.25/img_74_page_0.jpeg,74,0,1,4,3,1,3x4+1R
img_75_page_0.jpeg,LPAE_02444_hr,augmentation_contrast_gamma_0.25/img_75_page_0.jpeg,75,0,2,1,6,0,6x2
img_75_page_1.jpeg,LPAE_02444_hr,augmentation_contrast_gamma_0.25/img_75_page_1.jpeg,75,1,2,1,6,0,6x2
img_76_page_0.jpeg,LPAE_17345_hr,augmentation_contrast_gamma_0.25/img_76_page_0.jpeg,76,0,1,2,6,0,6x2
img_77_page_0.jpeg,LPAE_06303_hr,augmentation_contrast_gamma_0.25/img_77_page_0.jpeg,77,0,1,4,3,0,3x4
img_78_page_0.jpeg,LPAE_13851_hr,augmentation_contrast_gamma_0.25/img_78_page_0.jpeg,78,0,1,2,6,0,6x2
img_79_page_0.jpeg,LPAE_13962_hr,augmentation_contrast_gamma_0.25/img_79_page_0.jpeg,79,0,1,2,6,0,6x2
img_80_page_0.jpeg,LPAE_19394_hr,augmentation_contrast_gamma_0.25/img_80_page_0.jpeg,80,0,1,4,3,1,3x4+1R
img_81_page_0.jpeg,LPAE_00232_hr,augmentation_contrast_gamma_0.25/img_81_page_0.jpeg,81,0,1,4,3,1,3x4+1R
img_82_page_0.jpeg,LPAE_19269_hr,augmentation_contrast_gamma_0.25/img_82_page_0.jpeg,82,0,1,4,3,1,3x4+1R
img_83_page_0.jpeg,LPAE_20117_hr,augmentation_contrast_gamma_0.25/img_83_page_0.jpeg,83,0,1,4,3,3,3x4+3R
img_84_page_0.jpeg,LPAE_19164_hr,augmentation_contrast_gamma_0.25/img_84_page_0.jpeg,84,0,1,4,3,1,3x4+1R
img_85_page_0.jpeg,LPAE_19686_hr,augmentation_contrast_gamma_0.25/img_85_page_0.jpeg,85,0,1,4,3,1,3x4+1R
img_86_page_0.jpeg,LPAE_19968_hr,augmentation_contrast_gamma_0.25/img_86_page_0.jpeg,86,0,1,2,6,0,6x2
img_87_page_0.jpeg,LPAE_19288_hr,augmentation_contrast_gamma_0.25/img_87_page_0.jpeg,87,0,1,2,6,0,6x2
img_88_page_0.jpeg,LPAE_14304_hr,augmentation_contrast_gamma_0.25/img_88_page_0.jpeg,88,0,4,1,3,0,3x4
img_88_page_1.jpeg,LPAE_14304_hr,augmentation_contrast_gamma_0.25/img_88_page_1.jpeg,88,1,4,1,3,0,3x4
img_88_page_2.jpeg,LPAE_14304_hr,augmentation_contrast_gamma_0.25/img_88_page_2.jpeg,88,2,4,1,3,0,3x4
img_88_page_3.jpeg,LPAE_14304_hr,augmentation_contrast_gamma_0.25/img_88_page_3.jpeg,88,3,4,1,3,0,3x4
img_89_page_0.jpeg,LPAE_19309_hr,augmentation_contrast_gamma_0.25/img_89_page_0.jpeg,89,0,2,2,3,0,3x4
img_89_page_1.jpeg,LPAE_19309_hr,augmentation_contrast_gamma_0.25/img_89_page_1.jpeg,89,1,2,2,3,0,3x4
img_90_page_0.jpeg,LPAE_14641_hr,augmentation_contrast_gamma_0.25/img_90_page_0.jpeg,90,0,1,2,6,0,6x2
img_91_page_0.jpeg,LPAE_15477_hr,augmentation_contrast_gamma_0.25/img_91_page_0.jpeg,91,0,1,4,3,1,3x4+1R
img_92_page_0.jpeg,LPAE_14680_hr,augmentation_contrast_gamma_0.25/img_92_page_0.jpeg,92,0,1,4,3,1,3x4+1R
img_93_page_0.jpeg,LPAE_15368_hr,augmentation_contrast_gamma_0.25/img_93_page_0.jpeg,93,0,1,2,6,1,6x2+1R
img_94_page_0.jpeg,LPAE_19138_hr,augmentation_contrast_gamma_0.25/img_94_page_0.jpeg,94,0,1,1,12,0,12x1
img_95_page_0.jpeg,LPAE_15529_hr,augmentation_contrast_gamma_0.25/img_95_page_0.jpeg,95,0,1,2,6,0,6x2
img_96_page_0.jpeg,LPAE_15607_hr,augmentation_contrast_gamma_0.25/img_96_page_0.jpeg,96,0,4,1,3,0,3x4
img_96_page_1.jpeg,LPAE_15607_hr,augmentation_contrast_gamma_0.25/img_96_page_1.jpeg,96,1,4,1,3,0,3x4
img_96_page_2.jpeg,LPAE_15607_hr,augmentation_contrast_gamma_0.25/img_96_page_2.jpeg,96,2,4,1,3,0,3x4
img_96_page_3.jpeg,LPAE_15607_hr,augmentation_contrast_gamma_0.25/img_96_page_3.jpeg,96,3,4,1,3,0,3x4
img_97_page_0.jpeg,LPAE_19202_hr,augmentation_contrast_gamma_0.25/img_97_page_0.jpeg,97,0,1,1,12,0,12x1
img_98_page_0.jpeg,LPAE_16212_hr,augmentation_contrast_gamma_0.25/img_98_page_0.jpeg,98,0,1,4,3,3,3x4+3R
img_99_page_0.jpeg,LPAE_19326_hr,augmentation_contrast_gamma_0.25/img_99_page_0.jpeg,99,0,1,2,6,0,6x2
img_100_page_0.jpeg,LPAE_20139_hr,augmentation_contrast_gamma_0.25/img_100_page_0.jpeg,100,0,1,4,3,3,3x4+3R
img_1_page_0.jpeg,LPAE_11666_hr,augmentation_contrast_gamma_0.5/img_1_page_0.jpeg,1,0,2,1,6,0,6x2
img_1_page_1.jpeg,LPAE_11666_hr,augmentation_contrast_gamma_0.5/img_1_page_1.jpeg,1,1,2,1,6,0,6x2
img_2_page_0.jpeg,LPAE_11209_hr,augmentation_contrast_gamma_0.5/img_2_page_0.jpeg,2,0,1,1,12,0,12x1
img_3_page_0.jpeg,LPAE_14009_hr,augmentation_contrast_gamma_0.5/img_3_page_0.jpeg,3,0,1,1,12,0,12x1
img_4_page_0.jpeg,LPAE_20999_hr,augmentation_contrast_gamma_0.5/img_4_page_0.jpeg,4,0,1,4,3,1,3x4+1R
img_5_page_0.jpeg,LPAE_21515_hr,augmentation_contrast_gamma_0.5/img_5_page_0.jpeg,5,0,1,2,6,0,6x2
img_6_page_0.jpeg,LPAE_02926_hr,augmentation_contrast_gamma_0.5/img_6_page_0.jpeg,6,0,1,1,12,0,12x1
img_7_page_0.jpeg,LPAE_21541_hr,augmentation_contrast_gamma_0.5/img_7_page_0.jpeg,7,0,1,2,6,0,6x2
img_8_page_0.jpeg,LPAE_05432_hr,augmentation_contrast_gamma_0.5/img_8_page_0.jpeg,8,0,1,4,3,3,3x4+3R
img_9_page_0.jpeg,LPAE_20159_hr,augmentation_contrast_gamma_0.5/img_9_page_0.jpeg,9,0,1,2,6,0,6x2
img_10_page_0.jpeg,LPAE_04827_hr,augmentation_contrast_gamma_0.5/img_10_page_0.jpeg,10,0,1,4,3,1,3x4+1R
img_11_page_0.jpeg,LPAE_06229_hr,augmentation_contrast_gamma_0.5/img_11_page_0.jpeg,11,0,1,2,6,0,6x2
img_12_page_0.jpeg,LPAE_10505_hr,augmentation_contrast_gamma_0.5/img_12_page_0.jpeg,12,0,1,4,3,3,3x4+3R
img_13_page_0.jpeg,LPAE_10300_hr,augmentation_contrast_gamma_0.5/img_13_page_0.jpeg,13,0,1,2,6,0,6x2
img_14_page_0.jpeg,LPAE_17226_hr,augmentation_contrast_gamma_0.5/img_14_page_0.jpeg,14,0,1,4,3,1,3x4+1R
img_15_page_0.jpeg,LPAE_05742_hr,augmentation_contrast_gamma_0.5/img_15_page_0.jpeg,15,0,1,4,3,1,3x4+1R
img_16_page_0.jpeg,LPAE_19550_hr,augmentation_contrast_gamma_0.5/img_16_page_0.jpeg,16,0,1,4,3,1,3x4+1R
img_17_page_0.jpeg,LPAE_06918_hr,augmentation_contrast_gamma_0.5/img_17_page_0.jpeg,17,0,1,4,3,1,3x4+1R
img_18_page_0.jpeg,LPAE_12879_hr,augmentation_contrast_gamma_0.5/img_18_page_0.jpeg,18,0,1,1,12,0,12x1
img_19_page_0.jpeg,LPAE_20790_hr,augmentation_contrast_gamma_0.5/img_19_page_0.jpeg,19,0,1,2,6,1,6x2+1R
img_20_page_0.jpeg,LPAE_20947_hr,augmentation_contrast_gamma_0.5/img_20_page_0.jpeg,20,0,1,4,3,0,3x4
img_21_page_0.jpeg,LPAE_20515_hr,augmentation_contrast_gamma_0.5/img_21_page_0.jpeg,21,0,1,2,6,0,6x2
img_22_page_0.jpeg,LPAE_06846_hr,augmentation_contrast_gamma_0.5/img_22_page_0.jpeg,22,0,1,4,3,1,3x4+1R
img_23_page_0.jpeg,LPAE_04957_hr,augmentation_contrast_gamma_0.5/img_23_page_0.jpeg,23,0,1,2,6,0,6x2
img_24_page_0.jpeg,LPAE_14819_hr,augmentation_contrast_gamma_0.5/img_24_page_0.jpeg,24,0,1,4,3,0,3x4
img_25_page_0.jpeg,LPAE_05441_hr,augmentation_contrast_gamma_0.5/img_25_page_0.jpeg,25,0,1,1,12,0,12x1
img_26_page_0.jpeg,LPAE_20971_hr,augmentation_contrast_gamma_0.5/img_26_page_0.jpeg,26,0,1,4,3,1,3x4+1R
img_27_page_0.jpeg,LPAE_20680_hr,augmentation_contrast_gamma_0.5/img_27_page_0.jpeg,27,0,1,4,3,0,3x4
img_28_page_0.jpeg,LPAE_07250_hr,augmentation_contrast_gamma_0.5/img_28_page_0.jpeg,28,0,1,4,3,1,3x4+1R
img_29_page_0.jpeg,LPAE_20748_hr,augmentation_contrast_gamma_0.5/img_29_page_0.jpeg,29,0,1,4,3,1,3x4+1R
img_30_page_0.jpeg,LPAE_06938_hr,augmentation_contrast_gamma_0.5/img_30_page_0.jpeg,30,0,1,2,6,1,6x2+1R
img_31_page_0.jpeg,LPAE_20367_hr,augmentation_contrast_gamma_0.5/img_31_page_0.jpeg,31,0,1,4,3,1,3x4+1R
img_32_page_0.jpeg,LPAE_07285_hr,augmentation_contrast_gamma_0.5/img_32_page_0.jpeg,32,0,1,4,3,0,3x4
img_33_page_0.jpeg,LPAE_07299_hr,augmentation_contrast_gamma_0.5/img_33_page_0.jpeg,33,0,1,2,6,0,6x2
img_34_page_0.jpeg,LPAE_21629_hr,augmentation_contrast_gamma_0.5/img_34_page_0.jpeg,34,0,1,2,6,0,6x2
img_35_page_0.jpeg,LPAE_07596_hr,augmentation_contrast_gamma_0.5/img_35_page_0.jpeg,35,0,1,2,6,0,6x2
img_36_page_0.jpeg,LPAE_10555_hr,augmentation_contrast_gamma_0.5/img_36_page_0.jpeg,36,0,1,4,3,0,3x4
img_37_page_0.jpeg,LPAE_21468_hr,augmentation_contrast_gamma_0.5/img_37_page_0.jpeg,37,0,1,4,3,1,3x4+1R
img_38_page_0.jpeg,LPAE_08885_hr,augmentation_contrast_gamma_0.5/img_38_page_0.jpeg,38,0,1,4,3,3,3x4+3R
img_39_page_0.jpeg,LPAE_09331_hr,augmentation_contrast_gamma_0.5/img_39_page_0.jpeg,39,0,1,2,6,0,6x2
img_40_page_0.jpeg,LPAE_09275_hr,augmentation_contrast_gamma_0.5/img_40_page_0.jpeg,40,0,1,4,3,1,3x4+1R
img_41_page_0.jpeg,LPAE_20243_hr,augmentation_contrast_gamma_0.5/img_41_page_0.jpeg,41,0,1,2,6,0,6x2
img_42_page_0.jpeg,LPAE_09545_hr,augmentation_contrast_gamma_0.5/img_42_page_0.jpeg,42,0,1,4,3,1,3x4+1R
img_43_page_0.jpeg,LPAE_09754_hr,augmentation_contrast_gamma_0.5/img_43_page_0.jpeg,43,0,1,4,3,1,3x4+1R
img_44_page_0.jpeg,LPAE_17637_hr,augmentation_contrast_gamma_0.5/img_44_page_0.jpeg,44,0,1,4,3,0,3x4
img_45_page_0.jpeg,LPAE_17118_hr,augmentation_contrast_gamma_0.5/img_45_page_0.jpeg,45,0,1,2,6,0,6x2
img_46_page_0.jpeg,LPAE_10306_hr,augmentation_contrast_gamma_0.5/img_46_page_0.jpeg,46,0,1,4,3,1,3x4+1R
img_47_page_0.jpeg,LPAE_10266_hr,augmentation_contrast_gamma_0.5/img_47_page_0.jpeg,47,0,1,4,3,3,3x4+3R
img_48_page_0.jpeg,LPAE_08007_hr,augmentation_contrast_gamma_0.5/img_48_page_0.jpeg,48,0,1,2,6,0,6x2
img_49_page_0.jpeg,LPAE_08962_hr,augmentation_contrast_gamma_0.5/img_49_page_0.jpeg,49,0,1,2,6,0,6x2
img_50_page_0.jpeg,LPAE_16895_hr,augmentation_contrast_gamma_0.5/img_50_page_0.jpeg,50,0,1,4,3,0,3x4
img_51_page_0.jpeg,LPAE_05359_hr,augmentation_contrast_gamma_0.5/img_51_page_0.jpeg,51,0,1,4,3,0,3x4
img_52_page_0.jpeg,LPAE_10554_hr,augmentation_contrast_gamma_0.5/img_52_page_0.jpeg,52,0,1,2,6,1,6x2+1R
img_53_page_0.jpeg,LPAE_10598_hr,augmentation_contrast_gamma_0.5/img_53_page_0.jpeg,53,0,1,2,6,0,6x2
img_54_page_0.jpeg,LPAE_17269_hr,augmentation_contrast_gamma_0.5/img_54_page_0.jpeg,54,0,2,2,3,0,3x4
img_54_page_1.jpeg,LPAE_17269_hr,augmentation_contrast_gamma_0.5/img_54_page_1.jpeg,54,1,2,2,3,0,3x4
img_55_page_0.jpeg,LPAE_10518_hr,augmentation_contrast_gamma_0.5/img_55_page_0.jpeg,55,0,1,2,6,0,6x2
img_56_page_0.jpeg,LPAE_10564_hr,augmentation_contrast_gamma_0.5/img_56_page_0.jpeg,56,0,1,2,6,0,6x2
img_57_page_0.jpeg,LPAE_06282_hr,augmentation_contrast_gamma_0.5/img_57_page_0.jpeg,57,0,1,1,12,0,12x1
img_58_page_0.jpeg,LPAE_10943_hr,augmentation_contrast_gamma_0.5/img_58_page_0.jpeg,58,0,1,4,3,0,3x4
img_59_page_0.jpeg,LPAE_18073_hr,augmentation_contrast_gamma_0.5/img_59_page_0.jpeg,59,0,1,2,6,0,6x2
img_60_page_0.jpeg,LPAE_11397_hr,augmentation_contrast_gamma_0.5/img_60_page_0.jpeg,60,0,1,2,6,0,6x2
img_61_page_0.jpeg,LPAE_05944_hr,augmentation_contrast_gamma_0.5/img_61_page_0.jpeg,61,0,1,2,6,1,6x2+1R
img_62_page_0.jpeg,LPAE_04733_hr,augmentation_contrast_gamma_0.5/img_62_page_0.jpeg,62,0,1,4,3,1,3x4+1R
img_63_page_0.jpeg,LPAE_10986_hr,augmentation_contrast_gamma_0.5/img_63_page_0.jpeg,63,0,1,4,3,0,3x4
img_64_page_0.jpeg,LPAE_18227_hr,augmentation_contrast_gamma_0.5/img_64_page_0.jpeg,64,0,1,2,6,0,6x2
img_65_page_0.jpeg,LPAE_18552_hr,augmentation_contrast_gamma_0.5/img_65_page_0.jpeg,65,0,1,2,6,0,6x2
img_66_page_0.jpeg,LPAE_11498_hr,augmentation_contrast_gamma_0.5/img_66_page_0.jpeg,66,0,1,4,3,1,3x4+1R
img_67_page_0.jpeg,LPAE_01805_hr,augmentation_contrast_gamma_0.5/img_67_page_0.jpeg,67,0,1,4,3,0,3x4
img_68_page_0.jpeg,LPAE_18945_hr,augmentation_contrast_gamma_0.5/img_68_page_0.jpeg,68,0,1,4,3,1,3x4+1R
img_69_page_0.jpeg,LPAE_12186_hr,augmentation_contrast_gamma_0.5/img_69_page_0.jpeg,69,0,1,4,3,0,3x4
img_70_page_0.jpeg,LPAE_04794_hr,augmentation_contrast_gamma_0.5/img_70_page_0.jpeg,70,0,1,1,12,0,12x1
img_71_page_0.jpeg,LPAE_12190_hr,augmentation_contrast_gamma_0.5/img_71_page_0.jpeg,71,0,1,4,3,1,3x4+1R
img_72_page_0.jpeg,LPAE_12432_hr,augmentation_contrast_gamma_0.5/img_72_page_0.jpeg,72,0,1,4,3,1,3x4+1R
img_73_page_0.jpeg,LPAE_19036_hr,augmentation_contrast_gamma_0.5/img_73_page_0.jpeg,73,0,1,2,6,0,6x2
img_74_page_0.jpeg,LPAE_12629_hr,augmentation_contrast_gamma_0.5/img_74_page_0.jpeg,74,0,1,4,3,1,3x4+1R
img_75_page_0.jpeg,LPAE_02444_hr,augmentation_contrast_gamma_0.5/img_75_page_0.jpeg,75,0,2,1,6,0,6x2
img_75_page_1.jpeg,LPAE_02444_hr,augmentation_contrast_gamma_0.5/img_75_page_1.jpeg,75,1,2,1,6,0,6x2
img_76_page_0.jpeg,LPAE_17345_hr,augmentation_contrast_gamma_0.5/img_76_page_0.jpeg,76,0,1,2,6,0,6x2
img_77_page_0.jpeg,LPAE_06303_hr,augmentation_contrast_gamma_0.5/img_77_page_0.jpeg,77,0,1,4,3,0,3x4
img_78_page_0.jpeg,LPAE_13851_hr,augmentation_contrast_gamma_0.5/img_78_page_0.jpeg,78,0,1,2,6,0,6x2
img_79_page_0.jpeg,LPAE_13962_hr,augmentation_contrast_gamma_0.5/img_79_page_0.jpeg,79,0,1,2,6,0,6x2
img_80_page_0.jpeg,LPAE_19394_hr,augmentation_contrast_gamma_0.5/img_80_page_0.jpeg,80,0,1,4,3,1,3x4+1R
img_81_page_0.jpeg,LPAE_00232_hr,augmentation_contrast_gamma_0.5/img_81_page_0.jpeg,81,0,1,4,3,1,3x4+1R
img_82_page_0.jpeg,LPAE_19269_hr,augmentation_contrast_gamma_0.5/img_82_page_0.jpeg,82,0,1,4,3,1,3x4+1R
img_83_page_0.jpeg,LPAE_20117_hr,augmentation_contrast_gamma_0.5/img_83_page_0.jpeg,83,0,1,4,3,3,3x4+3R
img_84_page_0.jpeg,LPAE_19164_hr,augmentation_contrast_gamma_0.5/img_84_page_0.jpeg,84,0,1,4,3,1,3x4+1R
img_85_page_0.jpeg,LPAE_19686_hr,augmentation_contrast_gamma_0.5/img_85_page_0.jpeg,85,0,1,4,3,1,3x4+1R
img_86_page_0.jpeg,LPAE_19968_hr,augmentation_contrast_gamma_0.5/img_86_page_0.jpeg,86,0,1,2,6,0,6x2
img_87_page_0.jpeg,LPAE_19288_hr,augmentation_contrast_gamma_0.5/img_87_page_0.jpeg,87,0,1,2,6,0,6x2
img_88_page_0.jpeg,LPAE_14304_hr,augmentation_contrast_gamma_0.5/img_88_page_0.jpeg,88,0,4,1,3,0,3x4
img_88_page_1.jpeg,LPAE_14304_hr,augmentation_contrast_gamma_0.5/img_88_page_1.jpeg,88,1,4,1,3,0,3x4
img_88_page_2.jpeg,LPAE_14304_hr,augmentation_contrast_gamma_0.5/img_88_page_2.jpeg,88,2,4,1,3,0,3x4
img_88_page_3.jpeg,LPAE_14304_hr,augmentation_contrast_gamma_0.5/img_88_page_3.jpeg,88,3,4,1,3,0,3x4
img_89_page_0.jpeg,LPAE_19309_hr,augmentation_contrast_gamma_0.5/img_89_page_0.jpeg,89,0,2,2,3,0,3x4
img_89_page_1.jpeg,LPAE_19309_hr,augmentation_contrast_gamma_0.5/img_89_page_1.jpeg,89,1,2,2,3,0,3x4
img_90_page_0.jpeg,LPAE_14641_hr,augmentation_contrast_gamma_0.5/img_90_page_0.jpeg,90,0,1,2,6,0,6x2
img_91_page_0.jpeg,LPAE_15477_hr,augmentation_contrast_gamma_0.5/img_91_page_0.jpeg,91,0,1,4,3,1,3x4+1R
img_92_page_0.jpeg,LPAE_14680_hr,augmentation_contrast_gamma_0.5/img_92_page_0.jpeg,92,0,1,4,3,1,3x4+1R
img_93_page_0.jpeg,LPAE_15368_hr,augmentation_contrast_gamma_0.5/img_93_page_0.jpeg,93,0,1,2,6,1,6x2+1R
img_94_page_0.jpeg,LPAE_19138_hr,augmentation_contrast_gamma_0.5/img_94_page_0.jpeg,94,0,1,1,12,0,12x1
img_95_page_0.jpeg,LPAE_15529_hr,augmentation_contrast_gamma_0.5/img_95_page_0.jpeg,95,0,1,2,6,0,6x2
img_96_page_0.jpeg,LPAE_15607_hr,augmentation_contrast_gamma_0.5/img_96_page_0.jpeg,96,0,4,1,3,0,3x4
img_96_page_1.jpeg,LPAE_15607_hr,augmentation_contrast_gamma_0.5/img_96_page_1.jpeg,96,1,4,1,3,0,3x4
img_96_page_2.jpeg,LPAE_15607_hr,augmentation_contrast_gamma_0.5/img_96_page_2.jpeg,96,2,4,1,3,0,3x4
img_96_page_3.jpeg,LPAE_15607_hr,augmentation_contrast_gamma_0.5/img_96_page_3.jpeg,96,3,4,1,3,0,3x4
img_97_page_0.jpeg,LPAE_19202_hr,augmentation_contrast_gamma_0.5/img_97_page_0.jpeg,97,0,1,1,12,0,12x1
img_98_page_0.jpeg,LPAE_16212_hr,augmentation_contrast_gamma_0.5/img_98_page_0.jpeg,98,0,1,4,3,3,3x4+3R
img_99_page_0.jpeg,LPAE_19326_hr,augmentation_contrast_gamma_0.5/img_99_page_0.jpeg,99,0,1,2,6,0,6x2
img_100_page_0.jpeg,LPAE_20139_hr,augmentation_contrast_gamma_0.5/img_100_page_0.jpeg,100,0,1,4,3,3,3x4+3R
img_1_page_0.jpeg,LPAE_11666_hr,augmentation_contrast_gamma_0.666/img_1_page_0.jpeg,1,0,2,1,6,0,6x2
img_1_page_1.jpeg,LPAE_11666_hr,augmentation_contrast_gamma_0.666/img_1_page_1.jpeg,1,1,2,1,6,0,6x2
img_2_page_0.jpeg,LPAE_11209_hr,augmentation_contrast_gamma_0.666/img_2_page_0.jpeg,2,0,1,1,12,0,12x1
img_3_page_0.jpeg,LPAE_14009_hr,augmentation_contrast_gamma_0.666/img_3_page_0.jpeg,3,0,1,1,12,0,12x1
img_4_page_0.jpeg,LPAE_20999_hr,augmentation_contrast_gamma_0.666/img_4_page_0.jpeg,4,0,1,4,3,1,3x4+1R
img_5_page_0.jpeg,LPAE_21515_hr,augmentation_contrast_gamma_0.666/img_5_page_0.jpeg,5,0,1,2,6,0,6x2
img_6_page_0.jpeg,LPAE_02926_hr,augmentation_contrast_gamma_0.666/img_6_page_0.jpeg,6,0,1,1,12,0,12x1
img_7_page_0.jpeg,LPAE_21541_hr,augmentation_contrast_gamma_0.666/img_7_page_0.jpeg,7,0,1,2,6,0,6x2
img_8_page_0.jpeg,LPAE_05432_hr,augmentation_contrast_gamma_0.666/img_8_page_0.jpeg,8,0,1,4,3,3,3x4+3R
img_9_page_0.jpeg,LPAE_20159_hr,augmentation_contrast_gamma_0.666/img_9_page_0.jpeg,9,0,1,2,6,0,6x2
img_10_page_0.jpeg,LPAE_04827_hr,augmentation_contrast_gamma_0.666/img_10_page_0.jpeg,10,0,1,4,3,1,3x4+1R
img_11_page_0.jpeg,LPAE_06229_hr,augmentation_contrast_gamma_0.666/img_11_page_0.jpeg,11,0,1,2,6,0,6x2
img_12_page_0.jpeg,LPAE_10505_hr,augmentation_contrast_gamma_0.666/img_12_page_0.jpeg,12,0,1,4,3,3,3x4+3R
img_13_page_0.jpeg,LPAE_10300_hr,augmentation_contrast_gamma_0.666/img_13_page_0.jpeg,13,0,1,2,6,0,6x2
img_14_page_0.jpeg,LPAE_17226_hr,augmentation_contrast_gamma_0.666/img_14_page_0.jpeg,14,0,1,4,3,1,3x4+1R
img_15_page_0.jpeg,LPAE_05742_hr,augmentation_contrast_gamma_0.666/img_15_page_0.jpeg,15,0,1,4,3,1,3x4+1R
img_16_page_0.jpeg,LPAE_19550_hr,augmentation_contrast_gamma_0.666/img_16_page_0.jpeg,16,0,1,4,3,1,3x4+1R
img_17_page_0.jpeg,LPAE_06918_hr,augmentation_contrast_gamma_0.666/img_17_page_0.jpeg,17,0,1,4,3,1,3x4+1R
img_18_page_0.jpeg,LPAE_12879_hr,augmentation_contrast_gamma_0.666/img_18_page_0.jpeg,18,0,1,1,12,0,12x1
img_19_page_0.jpeg,LPAE_20790_hr,augmentation_contrast_gamma_0.666/img_19_page_0.jpeg,19,0,1,2,6,1,6x2+1R
img_20_page_0.jpeg,LPAE_20947_hr,augmentation_contrast_gamma_0.666/img_20_page_0.jpeg,20,0,1,4,3,0,3x4
img_21_page_0.jpeg,LPAE_20515_hr,augmentation_contrast_gamma_0.666/img_21_page_0.jpeg,21,0,1,2,6,0,6x2
img_22_page_0.jpeg,LPAE_06846_hr,augmentation_contrast_gamma_0.666/img_22_page_0.jpeg,22,0,1,4,3,1,3x4+1R
img_23_page_0.jpeg,LPAE_04957_hr,augmentation_contrast_gamma_0.666/img_23_page_0.jpeg,23,0,1,2,6,0,6x2
img_24_page_0.jpeg,LPAE_14819_hr,augmentation_contrast_gamma_0.666/img_24_page_0.jpeg,24,0,1,4,3,0,3x4
img_25_page_0.jpeg,LPAE_05441_hr,augmentation_contrast_gamma_0.666/img_25_page_0.jpeg,25,0,1,1,12,0,12x1
img_26_page_0.jpeg,LPAE_20971_hr,augmentation_contrast_gamma_0.666/img_26_page_0.jpeg,26,0,1,4,3,1,3x4+1R
img_27_page_0.jpeg,LPAE_20680_hr,augmentation_contrast_gamma_0.666/img_27_page_0.jpeg,27,0,1,4,3,0,3x4
img_28_page_0.jpeg,LPAE_07250_hr,augmentation_contrast_gamma_0.666/img_28_page_0.jpeg,28,0,1,4,3,1,3x4+1R
img_29_page_0.jpeg,LPAE_20748_hr,augmentation_contrast_gamma_0.666/img_29_page_0.jpeg,29,0,1,4,3,1,3x4+1R
img_30_page_0.jpeg,LPAE_06938_hr,augmentation_contrast_gamma_0.666/img_30_page_0.jpeg,30,0,1,2,6,1,6x2+1R
img_31_page_0.jpeg,LPAE_20367_hr,augmentation_contrast_gamma_0.666/img_31_page_0.jpeg,31,0,1,4,3,1,3x4+1R
img_32_page_0.jpeg,LPAE_07285_hr,augmentation_contrast_gamma_0.666/img_32_page_0.jpeg,32,0,1,4,3,0,3x4
img_33_page_0.jpeg,LPAE_07299_hr,augmentation_contrast_gamma_0.666/img_33_page_0.jpeg,33,0,1,2,6,0,6x2
img_34_page_0.jpeg,LPAE_21629_hr,augmentation_contrast_gamma_0.666/img_34_page_0.jpeg,34,0,1,2,6,0,6x2
img_35_page_0.jpeg,LPAE_07596_hr,augmentation_contrast_gamma_0.666/img_35_page_0.jpeg,35,0,1,2,6,0,6x2
img_36_page_0.jpeg,LPAE_10555_hr,augmentation_contrast_gamma_0.666/img_36_page_0.jpeg,36,0,1,4,3,0,3x4
img_37_page_0.jpeg,LPAE_21468_hr,augmentation_contrast_gamma_0.666/img_37_page_0.jpeg,37,0,1,4,3,1,3x4+1R
img_38_page_0.jpeg,LPAE_08885_hr,augmentation_contrast_gamma_0.666/img_38_page_0.jpeg,38,0,1,4,3,3,3x4+3R
img_39_page_0.jpeg,LPAE_09331_hr,augmentation_contrast_gamma_0.666/img_39_page_0.jpeg,39,0,1,2,6,0,6x2
img_40_page_0.jpeg,LPAE_09275_hr,augmentation_contrast_gamma_0.666/img_40_page_0.jpeg,40,0,1,4,3,1,3x4+1R
img_41_page_0.jpeg,LPAE_20243_hr,augmentation_contrast_gamma_0.666/img_41_page_0.jpeg,41,0,1,2,6,0,6x2
img_42_page_0.jpeg,LPAE_09545_hr,augmentation_contrast_gamma_0.666/img_42_page_0.jpeg,42,0,1,4,3,1,3x4+1R
img_43_page_0.jpeg,LPAE_09754_hr,augmentation_contrast_gamma_0.666/img_43_page_0.jpeg,43,0,1,4,3,1,3x4+1R
img_44_page_0.jpeg,LPAE_17637_hr,augmentation_contrast_gamma_0.666/img_44_page_0.jpeg,44,0,1,4,3,0,3x4
img_45_page_0.jpeg,LPAE_17118_hr,augmentation_contrast_gamma_0.666/img_45_page_0.jpeg,45,0,1,2,6,0,6x2
img_46_page_0.jpeg,LPAE_10306_hr,augmentation_contrast_gamma_0.666/img_46_page_0.jpeg,46,0,1,4,3,1,3x4+1R
img_47_page_0.jpeg,LPAE_10266_hr,augmentation_contrast_gamma_0.666/img_47_page_0.jpeg,47,0,1,4,3,3,3x4+3R
img_48_page_0.jpeg,LPAE_08007_hr,augmentation_contrast_gamma_0.666/img_48_page_0.jpeg,48,0,1,2,6,0,6x2
img_49_page_0.jpeg,LPAE_08962_hr,augmentation_contrast_gamma_0.666/img_49_page_0.jpeg,49,0,1,2,6,0,6x2
img_50_page_0.jpeg,LPAE_16895_hr,augmentation_contrast_gamma_0.666/img_50_page_0.jpeg,50,0,1,4,3,0,3x4
img_51_page_0.jpeg,LPAE_05359_hr,augmentation_contrast_gamma_0.666/img_51_page_0.jpeg,51,0,1,4,3,0,3x4
img_52_page_0.jpeg,LPAE_10554_hr,augmentation_contrast_gamma_0.666/img_52_page_0.jpeg,52,0,1,2,6,1,6x2+1R
img_53_page_0.jpeg,LPAE_10598_hr,augmentation_contrast_gamma_0.666/img_53_page_0.jpeg,53,0,1,2,6,0,6x2
img_54_page_0.jpeg,LPAE_17269_hr,augmentation_contrast_gamma_0.666/img_54_page_0.jpeg,54,0,2,2,3,0,3x4
img_54_page_1.jpeg,LPAE_17269_hr,augmentation_contrast_gamma_0.666/img_54_page_1.jpeg,54,1,2,2,3,0,3x4
img_55_page_0.jpeg,LPAE_10518_hr,augmentation_contrast_gamma_0.666/img_55_page_0.jpeg,55,0,1,2,6,0,6x2
img_56_page_0.jpeg,LPAE_10564_hr,augmentation_contrast_gamma_0.666/img_56_page_0.jpeg,56,0,1,2,6,0,6x2
img_57_page_0.jpeg,LPAE_06282_hr,augmentation_contrast_gamma_0.666/img_57_page_0.jpeg,57,0,1,1,12,0,12x1
img_58_page_0.jpeg,LPAE_10943_hr,augmentation_contrast_gamma_0.666/img_58_page_0.jpeg,58,0,1,4,3,0,3x4
img_59_page_0.jpeg,LPAE_18073_hr,augmentation_contrast_gamma_0.666/img_59_page_0.jpeg,59,0,1,2,6,0,6x2
img_60_page_0.jpeg,LPAE_11397_hr,augmentation_contrast_gamma_0.666/img_60_page_0.jpeg,60,0,1,2,6,0,6x2
img_61_page_0.jpeg,LPAE_05944_hr,augmentation_contrast_gamma_0.666/img_61_page_0.jpeg,61,0,1,2,6,1,6x2+1R
img_62_page_0.jpeg,LPAE_04733_hr,augmentation_contrast_gamma_0.666/img_62_page_0.jpeg,62,0,1,4,3,1,3x4+1R
img_63_page_0.jpeg,LPAE_10986_hr,augmentation_contrast_gamma_0.666/img_63_page_0.jpeg,63,0,1,4,3,0,3x4
img_64_page_0.jpeg,LPAE_18227_hr,augmentation_contrast_gamma_0.666/img_64_page_0.jpeg,64,0,1,2,6,0,6x2
img_65_page_0.jpeg,LPAE_18552_hr,augmentation_contrast_gamma_0.666/img_65_page_0.jpeg,65,0,1,2,6,0,6x2
img_66_page_0.jpeg,LPAE_11498_hr,augmentation_contrast_gamma_0.666/img_66_page_0.jpeg,66,0,1,4,3,1,3x4+1R
img_67_page_0.jpeg,LPAE_01805_hr,augmentation_contrast_gamma_0.666/img_67_page_0.jpeg,67,0,1,4,3,0,3x4
img_68_page_0.jpeg,LPAE_18945_hr,augmentation_contrast_gamma_0.666/img_68_page_0.jpeg,68,0,1,4,3,1,3x4+1R
img_69_page_0.jpeg,LPAE_12186_hr,augmentation_contrast_gamma_0.666/img_69_page_0.jpeg,69,0,1,4,3,0,3x4
img_70_page_0.jpeg,LPAE_04794_hr,augmentation_contrast_gamma_0.666/img_70_page_0.jpeg,70,0,1,1,12,0,12x1
img_71_page_0.jpeg,LPAE_12190_hr,augmentation_contrast_gamma_0.666/img_71_page_0.jpeg,71,0,1,4,3,1,3x4+1R
img_72_page_0.jpeg,LPAE_12432_hr,augmentation_contrast_gamma_0.666/img_72_page_0.jpeg,72,0,1,4,3,1,3x4+1R
img_73_page_0.jpeg,LPAE_19036_hr,augmentation_contrast_gamma_0.666/img_73_page_0.jpeg,73,0,1,2,6,0,6x2
img_74_page_0.jpeg,LPAE_12629_hr,augmentation_contrast_gamma_0.666/img_74_page_0.jpeg,74,0,1,4,3,1,3x4+1R
img_75_page_0.jpeg,LPAE_02444_hr,augmentation_contrast_gamma_0.666/img_75_page_0.jpeg,75,0,2,1,6,0,6x2
img_75_page_1.jpeg,LPAE_02444_hr,augmentation_contrast_gamma_0.666/img_75_page_1.jpeg,75,1,2,1,6,0,6x2
img_76_page_0.jpeg,LPAE_17345_hr,augmentation_contrast_gamma_0.666/img_76_page_0.jpeg,76,0,1,2,6,0,6x2
img_77_page_0.jpeg,LPAE_06303_hr,augmentation_contrast_gamma_0.666/img_77_page_0.jpeg,77,0,1,4,3,0,3x4
img_78_page_0.jpeg,LPAE_13851_hr,augmentation_contrast_gamma_0.666/img_78_page_0.jpeg,78,0,1,2,6,0,6x2
img_79_page_0.jpeg,LPAE_13962_hr,augmentation_contrast_gamma_0.666/img_79_page_0.jpeg,79,0,1,2,6,0,6x2
img_80_page_0.jpeg,LPAE_19394_hr,augmentation_contrast_gamma_0.666/img_80_page_0.jpeg,80,0,1,4,3,1,3x4+1R
img_81_page_0.jpeg,LPAE_00232_hr,augmentation_contrast_gamma_0.666/img_81_page_0.jpeg,81,0,1,4,3,1,3x4+1R
img_82_page_0.jpeg,LPAE_19269_hr,augmentation_contrast_gamma_0.666/img_82_page_0.jpeg,82,0,1,4,3,1,3x4+1R
img_83_page_0.jpeg,LPAE_20117_hr,augmentation_contrast_gamma_0.666/img_83_page_0.jpeg,83,0,1,4,3,3,3x4+3R
img_84_page_0.jpeg,LPAE_19164_hr,augmentation_contrast_gamma_0.666/img_84_page_0.jpeg,84,0,1,4,3,1,3x4+1R
img_85_page_0.jpeg,LPAE_19686_hr,augmentation_contrast_gamma_0.666/img_85_page_0.jpeg,85,0,1,4,3,1,3x4+1R
img_86_page_0.jpeg,LPAE_19968_hr,augmentation_contrast_gamma_0.666/img_86_page_0.jpeg,86,0,1,2,6,0,6x2
img_87_page_0.jpeg,LPAE_19288_hr,augmentation_contrast_gamma_0.666/img_87_page_0.jpeg,87,0,1,2,6,0,6x2
img_88_page_0.jpeg,LPAE_14304_hr,augmentation_contrast_gamma_0.666/img_88_page_0.jpeg,88,0,4,1,3,0,3x4
img_88_page_1.jpeg,LPAE_14304_hr,augmentation_contrast_gamma_0.666/img_88_page_1.jpeg,88,1,4,1,3,0,3x4
img_88_page_2.jpeg,LPAE_14304_hr,augmentation_contrast_gamma_0.666/img_88_page_2.jpeg,88,2,4,1,3,0,3x4
img_88_page_3.jpeg,LPAE_14304_hr,augmentation_contrast_gamma_0.666/img_88_page_3.jpeg,88,3,4,1,3,0,3x4
img_89_page_0.jpeg,LPAE_19309_hr,augmentation_contrast_gamma_0.666/img_89_page_0.jpeg,89,0,2,2,3,0,3x4
img_89_page_1.jpeg,LPAE_19309_hr,augmentation_contrast_gamma_0.666/img_89_page_1.jpeg,89,1,2,2,3,0,3x4
img_90_page_0.jpeg,LPAE_14641_hr,augmentation_contrast_gamma_0.666/img_90_page_0.jpeg,90,0,1,2,6,0,6x2
img_91_page_0.jpeg,LPAE_15477_hr,augmentation_contrast_gamma_0.666/img_91_page_0.jpeg,91,0,1,4,3,1,3x4+1R
img_92_page_0.jpeg,LPAE_14680_hr,augmentation_contrast_gamma_0.666/img_92_page_0.jpeg,92,0,1,4,3,1,3x4+1R
img_93_page_0.jpeg,LPAE_15368_hr,augmentation_contrast_gamma_0.666/img_93_page_0.jpeg,93,0,1,2,6,1,6x2+1R
img_94_page_0.jpeg,LPAE_19138_hr,augmentation_contrast_gamma_0.666/img_94_page_0.jpeg,94,0,1,1,12,0,12x1
img_95_page_0.jpeg,LPAE_15529_hr,augmentation_contrast_gamma_0.666/img_95_page_0.jpeg,95,0,1,2,6,0,6x2
img_96_page_0.jpeg,LPAE_15607_hr,augmentation_contrast_gamma_0.666/img_96_page_0.jpeg,96,0,4,1,3,0,3x4
img_96_page_1.jpeg,LPAE_15607_hr,augmentation_contrast_gamma_0.666/img_96_page_1.jpeg,96,1,4,1,3,0,3x4
img_96_page_2.jpeg,LPAE_15607_hr,augmentation_contrast_gamma_0.666/img_96_page_2.jpeg,96,2,4,1,3,0,3x4
img_96_page_3.jpeg,LPAE_15607_hr,augmentation_contrast_gamma_0.666/img_96_page_3.jpeg,96,3,4,1,3,0,3x4
img_97_page_0.jpeg,LPAE_19202_hr,augmentation_contrast_gamma_0.666/img_97_page_0.jpeg,97,0,1,1,12,0,12x1
img_98_page_0.jpeg,LPAE_16212_hr,augmentation_contrast_gamma_0.666/img_98_page_0.jpeg,98,0,1,4,3,3,3x4+3R
img_99_page_0.jpeg,LPAE_19326_hr,augmentation_contrast_gamma_0.666/img_99_page_0.jpeg,99,0,1,2,6,0,6x2
img_100_page_0.jpeg,LPAE_20139_hr,augmentation_contrast_gamma_0.666/img_100_page_0.jpeg,100,0,1,4,3,3,3x4+3R
img_1_page_0.jpeg,LPAE_11666_hr,augmentation_contrast_gamma_1.5/img_1_page_0.jpeg,1,0,2,1,6,0,6x2
img_1_page_1.jpeg,LPAE_11666_hr,augmentation_contrast_gamma_1.5/img_1_page_1.jpeg,1,1,2,1,6,0,6x2
img_2_page_0.jpeg,LPAE_11209_hr,augmentation_contrast_gamma_1.5/img_2_page_0.jpeg,2,0,1,1,12,0,12x1
img_3_page_0.jpeg,LPAE_14009_hr,augmentation_contrast_gamma_1.5/img_3_page_0.jpeg,3,0,1,1,12,0,12x1
img_4_page_0.jpeg,LPAE_20999_hr,augmentation_contrast_gamma_1.5/img_4_page_0.jpeg,4,0,1,4,3,1,3x4+1R
img_5_page_0.jpeg,LPAE_21515_hr,augmentation_contrast_gamma_1.5/img_5_page_0.jpeg,5,0,1,2,6,0,6x2
img_6_page_0.jpeg,LPAE_02926_hr,augmentation_contrast_gamma_1.5/img_6_page_0.jpeg,6,0,1,1,12,0,12x1
img_7_page_0.jpeg,LPAE_21541_hr,augmentation_contrast_gamma_1.5/img_7_page_0.jpeg,7,0,1,2,6,0,6x2
img_8_page_0.jpeg,LPAE_05432_hr,augmentation_contrast_gamma_1.5/img_8_page_0.jpeg,8,0,1,4,3,3,3x4+3R
img_9_page_0.jpeg,LPAE_20159_hr,augmentation_contrast_gamma_1.5/img_9_page_0.jpeg,9,0,1,2,6,0,6x2
img_10_page_0.jpeg,LPAE_04827_hr,augmentation_contrast_gamma_1.5/img_10_page_0.jpeg,10,0,1,4,3,1,3x4+1R
img_11_page_0.jpeg,LPAE_06229_hr,augmentation_contrast_gamma_1.5/img_11_page_0.jpeg,11,0,1,2,6,0,6x2
img_12_page_0.jpeg,LPAE_10505_hr,augmentation_contrast_gamma_1.5/img_12_page_0.jpeg,12,0,1,4,3,3,3x4+3R
img_13_page_0.jpeg,LPAE_10300_hr,augmentation_contrast_gamma_1.5/img_13_page_0.jpeg,13,0,1,2,6,0,6x2
img_14_page_0.jpeg,LPAE_17226_hr,augmentation_contrast_gamma_1.5/img_14_page_0.jpeg,14,0,1,4,3,1,3x4+1R
img_15_page_0.jpeg,LPAE_05742_hr,augmentation_contrast_gamma_1.5/img_15_page_0.jpeg,15,0,1,4,3,1,3x4+1R
img_16_page_0.jpeg,LPAE_19550_hr,augmentation_contrast_gamma_1.5/img_16_page_0.jpeg,16,0,1,4,3,1,3x4+1R
img_17_page_0.jpeg,LPAE_06918_hr,augmentation_contrast_gamma_1.5/img_17_page_0.jpeg,17,0,1,4,3,1,3x4+1R
img_18_page_0.jpeg,LPAE_12879_hr,augmentation_contrast_gamma_1.5/img_18_page_0.jpeg,18,0,1,1,12,0,12x1
img_19_page_0.jpeg,LPAE_20790_hr,augmentation_contrast_gamma_1.5/img_19_page_0.jpeg,19,0,1,2,6,1,6x2+1R
img_20_page_0.jpeg,LPAE_20947_hr,augmentation_contrast_gamma_1.5/img_20_page_0.jpeg,20,0,1,4,3,0,3x4
img_21_page_0.jpeg,LPAE_20515_hr,augmentation_contrast_gamma_1.5/img_21_page_0.jpeg,21,0,1,2,6,0,6x2
img_22_page_0.jpeg,LPAE_06846_hr,augmentation_contrast_gamma_1.5/img_22_page_0.jpeg,22,0,1,4,3,1,3x4+1R
img_23_page_0.jpeg,LPAE_04957_hr,augmentation_contrast_gamma_1.5/img_23_page_0.jpeg,23,0,1,2,6,0,6x2
img_24_page_0.jpeg,LPAE_14819_hr,augmentation_contrast_gamma_1.5/img_24_page_0.jpeg,24,0,1,4,3,0,3x4
img_25_page_0.jpeg,LPAE_05441_hr,augmentation_contrast_gamma_1.5/img_25_page_0.jpeg,25,0,1,1,12,0,12x1
img_26_page_0.jpeg,LPAE_20971_hr,augmentation_contrast_gamma_1.5/img_26_page_0.jpeg,26,0,1,4,3,1,3x4+1R
img_27_page_0.jpeg,LPAE_20680_hr,augmentation_contrast_gamma_1.5/img_27_page_0.jpeg,27,0,1,4,3,0,3x4
img_28_page_0.jpeg,LPAE_07250_hr,augmentation_contrast_gamma_1.5/img_28_page_0.jpeg,28,0,1,4,3,1,3x4+1R
img_29_page_0.jpeg,LPAE_20748_hr,augmentation_contrast_gamma_1.5/img_29_page_0.jpeg,29,0,1,4,3,1,3x4+1R
img_30_page_0.jpeg,LPAE_06938_hr,augmentation_contrast_gamma_1.5/img_30_page_0.jpeg,30,0,1,2,6,1,6x2+1R
img_31_page_0.jpeg,LPAE_20367_hr,augmentation_contrast_gamma_1.5/img_31_page_0.jpeg,31,0,1,4,3,1,3x4+1R
img_32_page_0.jpeg,LPAE_07285_hr,augmentation_contrast_gamma_1.5/img_32_page_0.jpeg,32,0,1,4,3,0,3x4
img_33_page_0.jpeg,LPAE_07299_hr,augmentation_contrast_gamma_1.5/img_33_page_0.jpeg,33,0,1,2,6,0,6x2
img_34_page_0.jpeg,LPAE_21629_hr,augmentation_contrast_gamma_1.5/img_34_page_0.jpeg,34,0,1,2,6,0,6x2
img_35_page_0.jpeg,LPAE_07596_hr,augmentation_contrast_gamma_1.5/img_35_page_0.jpeg,35,0,1,2,6,0,6x2
img_36_page_0.jpeg,LPAE_10555_hr,augmentation_contrast_gamma_1.5/img_36_page_0.jpeg,36,0,1,4,3,0,3x4
img_37_page_0.jpeg,LPAE_21468_hr,augmentation_contrast_gamma_1.5/img_37_page_0.jpeg,37,0,1,4,3,1,3x4+1R
img_38_page_0.jpeg,LPAE_08885_hr,augmentation_contrast_gamma_1.5/img_38_page_0.jpeg,38,0,1,4,3,3,3x4+3R
img_39_page_0.jpeg,LPAE_09331_hr,augmentation_contrast_gamma_1.5/img_39_page_0.jpeg,39,0,1,2,6,0,6x2
img_40_page_0.jpeg,LPAE_09275_hr,augmentation_contrast_gamma_1.5/img_40_page_0.jpeg,40,0,1,4,3,1,3x4+1R
img_41_page_0.jpeg,LPAE_20243_hr,augmentation_contrast_gamma_1.5/img_41_page_0.jpeg,41,0,1,2,6,0,6x2
img_42_page_0.jpeg,LPAE_09545_hr,augmentation_contrast_gamma_1.5/img_42_page_0.jpeg,42,0,1,4,3,1,3x4+1R
img_43_page_0.jpeg,LPAE_09754_hr,augmentation_contrast_gamma_1.5/img_43_page_0.jpeg,43,0,1,4,3,1,3x4+1R
img_44_page_0.jpeg,LPAE_17637_hr,augmentation_contrast_gamma_1.5/img_44_page_0.jpeg,44,0,1,4,3,0,3x4
img_45_page_0.jpeg,LPAE_17118_hr,augmentation_contrast_gamma_1.5/img_45_page_0.jpeg,45,0,1,2,6,0,6x2
img_46_page_0.jpeg,LPAE_10306_hr,augmentation_contrast_gamma_1.5/img_46_page_0.jpeg,46,0,1,4,3,1,3x4+1R
img_47_page_0.jpeg,LPAE_10266_hr,augmentation_contrast_gamma_1.5/img_47_page_0.jpeg,47,0,1,4,3,3,3x4+3R
img_48_page_0.jpeg,LPAE_08007_hr,augmentation_contrast_gamma_1.5/img_48_page_0.jpeg,48,0,1,2,6,0,6x2
img_49_page_0.jpeg,LPAE_08962_hr,augmentation_contrast_gamma_1.5/img_49_page_0.jpeg,49,0,1,2,6,0,6x2
img_50_page_0.jpeg,LPAE_16895_hr,augmentation_contrast_gamma_1.5/img_50_page_0.jpeg,50,0,1,4,3,0,3x4
img_51_page_0.jpeg,LPAE_05359_hr,augmentation_contrast_gamma_1.5/img_51_page_0.jpeg,51,0,1,4,3,0,3x4
img_52_page_0.jpeg,LPAE_10554_hr,augmentation_contrast_gamma_1.5/img_52_page_0.jpeg,52,0,1,2,6,1,6x2+1R
img_53_page_0.jpeg,LPAE_10598_hr,augmentation_contrast_gamma_1.5/img_53_page_0.jpeg,53,0,1,2,6,0,6x2
img_54_page_0.jpeg,LPAE_17269_hr,augmentation_contrast_gamma_1.5/img_54_page_0.jpeg,54,0,2,2,3,0,3x4
img_54_page_1.jpeg,LPAE_17269_hr,augmentation_contrast_gamma_1.5/img_54_page_1.jpeg,54,1,2,2,3,0,3x4
img_55_page_0.jpeg,LPAE_10518_hr,augmentation_contrast_gamma_1.5/img_55_page_0.jpeg,55,0,1,2,6,0,6x2
img_56_page_0.jpeg,LPAE_10564_hr,augmentation_contrast_gamma_1.5/img_56_page_0.jpeg,56,0,1,2,6,0,6x2
img_57_page_0.jpeg,LPAE_06282_hr,augmentation_contrast_gamma_1.5/img_57_page_0.jpeg,57,0,1,1,12,0,12x1
img_58_page_0.jpeg,LPAE_10943_hr,augmentation_contrast_gamma_1.5/img_58_page_0.jpeg,58,0,1,4,3,0,3x4
img_59_page_0.jpeg,LPAE_18073_hr,augmentation_contrast_gamma_1.5/img_59_page_0.jpeg,59,0,1,2,6,0,6x2
img_60_page_0.jpeg,LPAE_11397_hr,augmentation_contrast_gamma_1.5/img_60_page_0.jpeg,60,0,1,2,6,0,6x2
img_61_page_0.jpeg,LPAE_05944_hr,augmentation_contrast_gamma_1.5/img_61_page_0.jpeg,61,0,1,2,6,1,6x2+1R
img_62_page_0.jpeg,LPAE_04733_hr,augmentation_contrast_gamma_1.5/img_62_page_0.jpeg,62,0,1,4,3,1,3x4+1R
img_63_page_0.jpeg,LPAE_10986_hr,augmentation_contrast_gamma_1.5/img_63_page_0.jpeg,63,0,1,4,3,0,3x4
img_64_page_0.jpeg,LPAE_18227_hr,augmentation_contrast_gamma_1.5/img_64_page_0.jpeg,64,0,1,2,6,0,6x2
img_65_page_0.jpeg,LPAE_18552_hr,augmentation_contrast_gamma_1.5/img_65_page_0.jpeg,65,0,1,2,6,0,6x2
img_66_page_0.jpeg,LPAE_11498_hr,augmentation_contrast_gamma_1.5/img_66_page_0.jpeg,66,0,1,4,3,1,3x4+1R
img_67_page_0.jpeg,LPAE_01805_hr,augmentation_contrast_gamma_1.5/img_67_page_0.jpeg,67,0,1,4,3,0,3x4
img_68_page_0.jpeg,LPAE_18945_hr,augmentation_contrast_gamma_1.5/img_68_page_0.jpeg,68,0,1,4,3,1,3x4+1R
img_69_page_0.jpeg,LPAE_12186_hr,augmentation_contrast_gamma_1.5/img_69_page_0.jpeg,69,0,1,4,3,0,3x4
img_70_page_0.jpeg,LPAE_04794_hr,augmentation_contrast_gamma_1.5/img_70_page_0.jpeg,70,0,1,1,12,0,12x1
img_71_page_0.jpeg,LPAE_12190_hr,augmentation_contrast_gamma_1.5/img_71_page_0.jpeg,71,0,1,4,3,1,3x4+1R
img_72_page_0.jpeg,LPAE_12432_hr,augmentation_contrast_gamma_1.5/img_72_page_0.jpeg,72,0,1,4,3,1,3x4+1R
img_73_page_0.jpeg,LPAE_19036_hr,augmentation_contrast_gamma_1.5/img_73_page_0.jpeg,73,0,1,2,6,0,6x2
img_74_page_0.jpeg,LPAE_12629_hr,augmentation_contrast_gamma_1.5/img_74_page_0.jpeg,74,0,1,4,3,1,3x4+1R
img_75_page_0.jpeg,LPAE_02444_hr,augmentation_contrast_gamma_1.5/img_75_page_0.jpeg,75,0,2,1,6,0,6x2
img_75_page_1.jpeg,LPAE_02444_hr,augmentation_contrast_gamma_1.5/img_75_page_1.jpeg,75,1,2,1,6,0,6x2
img_76_page_0.jpeg,LPAE_17345_hr,augmentation_contrast_gamma_1.5/img_76_page_0.jpeg,76,0,1,2,6,0,6x2
img_77_page_0.jpeg,LPAE_06303_hr,augmentation_contrast_gamma_1.5/img_77_page_0.jpeg,77,0,1,4,3,0,3x4
img_78_page_0.jpeg,LPAE_13851_hr,augmentation_contrast_gamma_1.5/img_78_page_0.jpeg,78,0,1,2,6,0,6x2
img_79_page_0.jpeg,LPAE_13962_hr,augmentation_contrast_gamma_1.5/img_79_page_0.jpeg,79,0,1,2,6,0,6x2
img_80_page_0.jpeg,LPAE_19394_hr,augmentation_contrast_gamma_1.5/img_80_page_0.jpeg,80,0,1,4,3,1,3x4+1R
img_81_page_0.jpeg,LPAE_00232_hr,augmentation_contrast_gamma_1.5/img_81_page_0.jpeg,81,0,1,4,3,1,3x4+1R
img_82_page_0.jpeg,LPAE_19269_hr,augmentation_contrast_gamma_1.5/img_82_page_0.jpeg,82,0,1,4,3,1,3x4+1R
img_83_page_0.jpeg,LPAE_20117_hr,augmentation_contrast_gamma_1.5/img_83_page_0.jpeg,83,0,1,4,3,3,3x4+3R
img_84_page_0.jpeg,LPAE_19164_hr,augmentation_contrast_gamma_1.5/img_84_page_0.jpeg,84,0,1,4,3,1,3x4+1R
img_85_page_0.jpeg,LPAE_19686_hr,augmentation_contrast_gamma_1.5/img_85_page_0.jpeg,85,0,1,4,3,1,3x4+1R
img_86_page_0.jpeg,LPAE_19968_hr,augmentation_contrast_gamma_1.5/img_86_page_0.jpeg,86,0,1,2,6,0,6x2
img_87_page_0.jpeg,LPAE_19288_hr,augmentation_contrast_gamma_1.5/img_87_page_0.jpeg,87,0,1,2,6,0,6x2
img_88_page_0.jpeg,LPAE_14304_hr,augmentation_contrast_gamma_1.5/img_88_page_0.jpeg,88,0,4,1,3,0,3x4
img_88_page_1.jpeg,LPAE_14304_hr,augmentation_contrast_gamma_1.5/img_88_page_1.jpeg,88,1,4,1,3,0,3x4
img_88_page_2.jpeg,LPAE_14304_hr,augmentation_contrast_gamma_1.5/img_88_page_2.jpeg,88,2,4,1,3,0,3x4
img_88_page_3.jpeg,LPAE_14304_hr,augmentation_contrast_gamma_1.5/img_88_page_3.jpeg,88,3,4,1,3,0,3x4
img_89_page_0.jpeg,LPAE_19309_hr,augmentation_contrast_gamma_1.5/img_89_page_0.jpeg,89,0,2,2,3,0,3x4
img_89_page_1.jpeg,LPAE_19309_hr,augmentation_contrast_gamma_1.5/img_89_page_1.jpeg,89,1,2,2,3,0,3x4
img_90_page_0.jpeg,LPAE_14641_hr,augmentation_contrast_gamma_1.5/img_90_page_0.jpeg,90,0,1,2,6,0,6x2
img_91_page_0.jpeg,LPAE_15477_hr,augmentation_contrast_gamma_1.5/img_91_page_0.jpeg,91,0,1,4,3,1,3x4+1R
img_92_page_0.jpeg,LPAE_14680_hr,augmentation_contrast_gamma_1.5/img_92_page_0.jpeg,92,0,1,4,3,1,3x4+1R
img_93_page_0.jpeg,LPAE_15368_hr,augmentation_contrast_gamma_1.5/img_93_page_0.jpeg,93,0,1,2,6,1,6x2+1R
img_94_page_0.jpeg,LPAE_19138_hr,augmentation_contrast_gamma_1.5/img_94_page_0.jpeg,94,0,1,1,12,0,12x1
img_95_page_0.jpeg,LPAE_15529_hr,augmentation_contrast_gamma_1.5/img_95_page_0.jpeg,95,0,1,2,6,0,6x2
img_96_page_0.jpeg,LPAE_15607_hr,augmentation_contrast_gamma_1.5/img_96_page_0.jpeg,96,0,4,1,3,0,3x4
img_96_page_1.jpeg,LPAE_15607_hr,augmentation_contrast_gamma_1.5/img_96_page_1.jpeg,96,1,4,1,3,0,3x4
img_96_page_2.jpeg,LPAE_15607_hr,augmentation_contrast_gamma_1.5/img_96_page_2.jpeg,96,2,4,1,3,0,3x4
img_96_page_3.jpeg,LPAE_15607_hr,augmentation_contrast_gamma_1.5/img_96_page_3.jpeg,96,3,4,1,3,0,3x4
img_97_page_0.jpeg,LPAE_19202_hr,augmentation_contrast_gamma_1.5/img_97_page_0.jpeg,97,0,1,1,12,0,12x1
img_98_page_0.jpeg,LPAE_16212_hr,augmentation_contrast_gamma_1.5/img_98_page_0.jpeg,98,0,1,4,3,3,3x4+3R
img_99_page_0.jpeg,LPAE_19326_hr,augmentation_contrast_gamma_1.5/img_99_page_0.jpeg,99,0,1,2,6,0,6x2
img_100_page_0.jpeg,LPAE_20139_hr,augmentation_contrast_gamma_1.5/img_100_page_0.jpeg,100,0,1,4,3,3,3x4+3R
img_1_page_0.jpeg,LPAE_11666_hr,augmentation_contrast_gamma_2/img_1_page_0.jpeg,1,0,2,1,6,0,6x2
img_1_page_1.jpeg,LPAE_11666_hr,augmentation_contrast_gamma_2/img_1_page_1.jpeg,1,1,2,1,6,0,6x2
img_2_page_0.jpeg,LPAE_11209_hr,augmentation_contrast_gamma_2/img_2_page_0.jpeg,2,0,1,1,12,0,12x1
img_3_page_0.jpeg,LPAE_14009_hr,augmentation_contrast_gamma_2/img_3_page_0.jpeg,3,0,1,1,12,0,12x1
img_4_page_0.jpeg,LPAE_20999_hr,augmentation_contrast_gamma_2/img_4_page_0.jpeg,4,0,1,4,3,1,3x4+1R
img_5_page_0.jpeg,LPAE_21515_hr,augmentation_contrast_gamma_2/img_5_page_0.jpeg,5,0,1,2,6,0,6x2
img_6_page_0.jpeg,LPAE_02926_hr,augmentation_contrast_gamma_2/img_6_page_0.jpeg,6,0,1,1,12,0,12x1
img_7_page_0.jpeg,LPAE_21541_hr,augmentation_contrast_gamma_2/img_7_page_0.jpeg,7,0,1,2,6,0,6x2
img_8_page_0.jpeg,LPAE_05432_hr,augmentation_contrast_gamma_2/img_8_page_0.jpeg,8,0,1,4,3,3,3x4+3R
img_9_page_0.jpeg,LPAE_20159_hr,augmentation_contrast_gamma_2/img_9_page_0.jpeg,9,0,1,2,6,0,6x2
img_10_page_0.jpeg,LPAE_04827_hr,augmentation_contrast_gamma_2/img_10_page_0.jpeg,10,0,1,4,3,1,3x4+1R
img_11_page_0.jpeg,LPAE_06229_hr,augmentation_contrast_gamma_2/img_11_page_0.jpeg,11,0,1,2,6,0,6x2
img_12_page_0.jpeg,LPAE_10505_hr,augmentation_contrast_gamma_2/img_12_page_0.jpeg,12,0,1,4,3,3,3x4+3R
img_13_page_0.jpeg,LPAE_10300_hr,augmentation_contrast_gamma_2/img_13_page_0.jpeg,13,0,1,2,6,0,6x2
img_14_page_0.jpeg,LPAE_17226_hr,augmentation_contrast_gamma_2/img_14_page_0.jpeg,14,0,1,4,3,1,3x4+1R
img_15_page_0.jpeg,LPAE_05742_hr,augmentation_contrast_gamma_2/img_15_page_0.jpeg,15,0,1,4,3,1,3x4+1R
img_16_page_0.jpeg,LPAE_19550_hr,augmentation_contrast_gamma_2/img_16_page_0.jpeg,16,0,1,4,3,1,3x4+1R
img_17_page_0.jpeg,LPAE_06918_hr,augmentation_contrast_gamma_2/img_17_page_0.jpeg,17,0,1,4,3,1,3x4+1R
img_18_page_0.jpeg,LPAE_12879_hr,augmentation_contrast_gamma_2/img_18_page_0.jpeg,18,0,1,1,12,0,12x1
img_19_page_0.jpeg,LPAE_20790_hr,augmentation_contrast_gamma_2/img_19_page_0.jpeg,19,0,1,2,6,1,6x2+1R
img_20_page_0.jpeg,LPAE_20947_hr,augmentation_contrast_gamma_2/img_20_page_0.jpeg,20,0,1,4,3,0,3x4
img_21_page_0.jpeg,LPAE_20515_hr,augmentation_contrast_gamma_2/img_21_page_0.jpeg,21,0,1,2,6,0,6x2
img_22_page_0.jpeg,LPAE_06846_hr,augmentation_contrast_gamma_2/img_22_page_0.jpeg,22,0,1,4,3,1,3x4+1R
img_23_page_0.jpeg,LPAE_04957_hr,augmentation_contrast_gamma_2/img_23_page_0.jpeg,23,0,1,2,6,0,6x2
img_24_page_0.jpeg,LPAE_14819_hr,augmentation_contrast_gamma_2/img_24_page_0.jpeg,24,0,1,4,3,0,3x4
img_25_page_0.jpeg,LPAE_05441_hr,augmentation_contrast_gamma_2/img_25_page_0.jpeg,25,0,1,1,12,0,12x1
img_26_page_0.jpeg,LPAE_20971_hr,augmentation_contrast_gamma_2/img_26_page_0.jpeg,26,0,1,4,3,1,3x4+1R
img_27_page_0.jpeg,LPAE_20680_hr,augmentation_contrast_gamma_2/img_27_page_0.jpeg,27,0,1,4,3,0,3x4
img_28_page_0.jpeg,LPAE_07250_hr,augmentation_contrast_gamma_2/img_28_page_0.jpeg,28,0,1,4,3,1,3x4+1R
img_29_page_0.jpeg,LPAE_20748_hr,augmentation_contrast_gamma_2/img_29_page_0.jpeg,29,0,1,4,3,1,3x4+1R
img_30_page_0.jpeg,LPAE_06938_hr,augmentation_contrast_gamma_2/img_30_page_0.jpeg,30,0,1,2,6,1,6x2+1R
img_31_page_0.jpeg,LPAE_20367_hr,augmentation_contrast_gamma_2/img_31_page_0.jpeg,31,0,1,4,3,1,3x4+1R
img_32_page_0.jpeg,LPAE_07285_hr,augmentation_contrast_gamma_2/img_32_page_0.jpeg,32,0,1,4,3,0,3x4
img_33_page_0.jpeg,LPAE_07299_hr,augmentation_contrast_gamma_2/img_33_page_0.jpeg,33,0,1,2,6,0,6x2
img_34_page_0.jpeg,LPAE_21629_hr,augmentation_contrast_gamma_2/img_34_page_0.jpeg,34,0,1,2,6,0,6x2
img_35_page_0.jpeg,LPAE_07596_hr,augmentation_contrast_gamma_2/img_35_page_0.jpeg,35,0,1,2,6,0,6x2
img_36_page_0.jpeg,LPAE_10555_hr,augmentation_contrast_gamma_2/img_36_page_0.jpeg,36,0,1,4,3,0,3x4
img_37_page_0.jpeg,LPAE_21468_hr,augmentation_contrast_gamma_2/img_37_page_0.jpeg,37,0,1,4,3,1,3x4+1R
img_38_page_0.jpeg,LPAE_08885_hr,augmentation_contrast_gamma_2/img_38_page_0.jpeg,38,0,1,4,3,3,3x4+3R
img_39_page_0.jpeg,LPAE_09331_hr,augmentation_contrast_gamma_2/img_39_page_0.jpeg,39,0,1,2,6,0,6x2
img_40_page_0.jpeg,LPAE_09275_hr,augmentation_contrast_gamma_2/img_40_page_0.jpeg,40,0,1,4,3,1,3x4+1R
img_41_page_0.jpeg,LPAE_20243_hr,augmentation_contrast_gamma_2/img_41_page_0.jpeg,41,0,1,2,6,0,6x2
img_42_page_0.jpeg,LPAE_09545_hr,augmentation_contrast_gamma_2/img_42_page_0.jpeg,42,0,1,4,3,1,3x4+1R
img_43_page_0.jpeg,LPAE_09754_hr,augmentation_contrast_gamma_2/img_43_page_0.jpeg,43,0,1,4,3,1,3x4+1R
img_44_page_0.jpeg,LPAE_17637_hr,augmentation_contrast_gamma_2/img_44_page_0.jpeg,44,0,1,4,3,0,3x4
img_45_page_0.jpeg,LPAE_17118_hr,augmentation_contrast_gamma_2/img_45_page_0.jpeg,45,0,1,2,6,0,6x2
img_46_page_0.jpeg,LPAE_10306_hr,augmentation_contrast_gamma_2/img_46_page_0.jpeg,46,0,1,4,3,1,3x4+1R
img_47_page_0.jpeg,LPAE_10266_hr,augmentation_contrast_gamma_2/img_47_page_0.jpeg,47,0,1,4,3,3,3x4+3R
img_48_page_0.jpeg,LPAE_08007_hr,augmentation_contrast_gamma_2/img_48_page_0.jpeg,48,0,1,2,6,0,6x2
img_49_page_0.jpeg,LPAE_08962_hr,augmentation_contrast_gamma_2/img_49_page_0.jpeg,49,0,1,2,6,0,6x2
img_50_page_0.jpeg,LPAE_16895_hr,augmentation_contrast_gamma_2/img_50_page_0.jpeg,50,0,1,4,3,0,3x4
img_51_page_0.jpeg,LPAE_05359_hr,augmentation_contrast_gamma_2/img_51_page_0.jpeg,51,0,1,4,3,0,3x4
img_52_page_0.jpeg,LPAE_10554_hr,augmentation_contrast_gamma_2/img_52_page_0.jpeg,52,0,1,2,6,1,6x2+1R
img_53_page_0.jpeg,LPAE_10598_hr,augmentation_contrast_gamma_2/img_53_page_0.jpeg,53,0,1,2,6,0,6x2
img_54_page_0.jpeg,LPAE_17269_hr,augmentation_contrast_gamma_2/img_54_page_0.jpeg,54,0,2,2,3,0,3x4
img_54_page_1.jpeg,LPAE_17269_hr,augmentation_contrast_gamma_2/img_54_page_1.jpeg,54,1,2,2,3,0,3x4
img_55_page_0.jpeg,LPAE_10518_hr,augmentation_contrast_gamma_2/img_55_page_0.jpeg,55,0,1,2,6,0,6x2
img_56_page_0.jpeg,LPAE_10564_hr,augmentation_contrast_gamma_2/img_56_page_0.jpeg,56,0,1,2,6,0,6x2
img_57_page_0.jpeg,LPAE_06282_hr,augmentation_contrast_gamma_2/img_57_page_0.jpeg,57,0,1,1,12,0,12x1
img_58_page_0.jpeg,LPAE_10943_hr,augmentation_contrast_gamma_2/img_58_page_0.jpeg,58,0,1,4,3,0,3x4
img_59_page_0.jpeg,LPAE_18073_hr,augmentation_contrast_gamma_2/img_59_page_0.jpeg,59,0,1,2,6,0,6x2
img_60_page_0.jpeg,LPAE_11397_hr,augmentation_contrast_gamma_2/img_60_page_0.jpeg,60,0,1,2,6,0,6x2
img_61_page_0.jpeg,LPAE_05944_hr,augmentation_contrast_gamma_2/img_61_page_0.jpeg,61,0,1,2,6,1,6x2+1R
img_62_page_0.jpeg,LPAE_04733_hr,augmentation_contrast_gamma_2/img_62_page_0.jpeg,62,0,1,4,3,1,3x4+1R
img_63_page_0.jpeg,LPAE_10986_hr,augmentation_contrast_gamma_2/img_63_page_0.jpeg,63,0,1,4,3,0,3x4
img_64_page_0.jpeg,LPAE_18227_hr,augmentation_contrast_gamma_2/img_64_page_0.jpeg,64,0,1,2,6,0,6x2
img_65_page_0.jpeg,LPAE_18552_hr,augmentation_contrast_gamma_2/img_65_page_0.jpeg,65,0,1,2,6,0,6x2
img_66_page_0.jpeg,LPAE_11498_hr,augmentation_contrast_gamma_2/img_66_page_0.jpeg,66,0,1,4,3,1,3x4+1R
img_67_page_0.jpeg,LPAE_01805_hr,augmentation_contrast_gamma_2/img_67_page_0.jpeg,67,0,1,4,3,0,3x4
img_68_page_0.jpeg,LPAE_18945_hr,augmentation_contrast_gamma_2/img_68_page_0.jpeg,68,0,1,4,3,1,3x4+1R
img_69_page_0.jpeg,LPAE_12186_hr,augmentation_contrast_gamma_2/img_69_page_0.jpeg,69,0,1,4,3,0,3x4
img_70_page_0.jpeg,LPAE_04794_hr,augmentation_contrast_gamma_2/img_70_page_0.jpeg,70,0,1,1,12,0,12x1
img_71_page_0.jpeg,LPAE_12190_hr,augmentation_contrast_gamma_2/img_71_page_0.jpeg,71,0,1,4,3,1,3x4+1R
img_72_page_0.jpeg,LPAE_12432_hr,augmentation_contrast_gamma_2/img_72_page_0.jpeg,72,0,1,4,3,1,3x4+1R
img_73_page_0.jpeg,LPAE_19036_hr,augmentation_contrast_gamma_2/img_73_page_0.jpeg,73,0,1,2,6,0,6x2
img_74_page_0.jpeg,LPAE_12629_hr,augmentation_contrast_gamma_2/img_74_page_0.jpeg,74,0,1,4,3,1,3x4+1R
img_75_page_0.jpeg,LPAE_02444_hr,augmentation_contrast_gamma_2/img_75_page_0.jpeg,75,0,2,1,6,0,6x2
img_75_page_1.jpeg,LPAE_02444_hr,augmentation_contrast_gamma_2/img_75_page_1.jpeg,75,1,2,1,6,0,6x2
img_76_page_0.jpeg,LPAE_17345_hr,augmentation_contrast_gamma_2/img_76_page_0.jpeg,76,0,1,2,6,0,6x2
img_77_page_0.jpeg,LPAE_06303_hr,augmentation_contrast_gamma_2/img_77_page_0.jpeg,77,0,1,4,3,0,3x4
img_78_page_0.jpeg,LPAE_13851_hr,augmentation_contrast_gamma_2/img_78_page_0.jpeg,78,0,1,2,6,0,6x2
img_79_page_0.jpeg,LPAE_13962_hr,augmentation_contrast_gamma_2/img_79_page_0.jpeg,79,0,1,2,6,0,6x2
img_80_page_0.jpeg,LPAE_19394_hr,augmentation_contrast_gamma_2/img_80_page_0.jpeg,80,0,1,4,3,1,3x4+1R
img_81_page_0.jpeg,LPAE_00232_hr,augmentation_contrast_gamma_2/img_81_page_0.jpeg,81,0,1,4,3,1,3x4+1R
img_82_page_0.jpeg,LPAE_19269_hr,augmentation_contrast_gamma_2/img_82_page_0.jpeg,82,0,1,4,3,1,3x4+1R
img_83_page_0.jpeg,LPAE_20117_hr,augmentation_contrast_gamma_2/img_83_page_0.jpeg,83,0,1,4,3,3,3x4+3R
img_84_page_0.jpeg,LPAE_19164_hr,augmentation_contrast_gamma_2/img_84_page_0.jpeg,84,0,1,4,3,1,3x4+1R
img_85_page_0.jpeg,LPAE_19686_hr,augmentation_contrast_gamma_2/img_85_page_0.jpeg,85,0,1,4,3,1,3x4+1R
img_86_page_0.jpeg,LPAE_19968_hr,augmentation_contrast_gamma_2/img_86_page_0.jpeg,86,0,1,2,6,0,6x2
img_87_page_0.jpeg,LPAE_19288_hr,augmentation_contrast_gamma_2/img_87_page_0.jpeg,87,0,1,2,6,0,6x2
img_88_page_0.jpeg,LPAE_14304_hr,augmentation_contrast_gamma_2/img_88_page_0.jpeg,88,0,4,1,3,0,3x4
img_88_page_1.jpeg,LPAE_14304_hr,augmentation_contrast_gamma_2/img_88_page_1.jpeg,88,1,4,1,3,0,3x4
img_88_page_2.jpeg,LPAE_14304_hr,augmentation_contrast_gamma_2/img_88_page_2.jpeg,88,2,4,1,3,0,3x4
img_88_page_3.jpeg,LPAE_14304_hr,augmentation_contrast_gamma_2/img_88_page_3.jpeg,88,3,4,1,3,0,3x4
img_89_page_0.jpeg,LPAE_19309_hr,augmentation_contrast_gamma_2/img_89_page_0.jpeg,89,0,2,2,3,0,3x4
img_89_page_1.jpeg,LPAE_19309_hr,augmentation_contrast_gamma_2/img_89_page_1.jpeg,89,1,2,2,3,0,3x4
img_90_page_0.jpeg,LPAE_14641_hr,augmentation_contrast_gamma_2/img_90_page_0.jpeg,90,0,1,2,6,0,6x2
img_91_page_0.jpeg,LPAE_15477_hr,augmentation_contrast_gamma_2/img_91_page_0.jpeg,91,0,1,4,3,1,3x4+1R
img_92_page_0.jpeg,LPAE_14680_hr,augmentation_contrast_gamma_2/img_92_page_0.jpeg,92,0,1,4,3,1,3x4+1R
img_93_page_0.jpeg,LPAE_15368_hr,augmentation_contrast_gamma_2/img_93_page_0.jpeg,93,0,1,2,6,1,6x2+1R
img_94_page_0.jpeg,LPAE_19138_hr,augmentation_contrast_gamma_2/img_94_page_0.jpeg,94,0,1,1,12,0,12x1
img_95_page_0.jpeg,LPAE_15529_hr,augmentation_contrast_gamma_2/img_95_page_0.jpeg,95,0,1,2,6,0,6x2
img_96_page_0.jpeg,LPAE_15607_hr,augmentation_contrast_gamma_2/img_96_page_0.jpeg,96,0,4,1,3,0,3x4
img_96_page_1.jpeg,LPAE_15607_hr,augmentation_contrast_gamma_2/img_96_page_1.jpeg,96,1,4,1,3,0,3x4
img_96_page_2.jpeg,LPAE_15607_hr,augmentation_contrast_gamma_2/img_96_page_2.jpeg,96,2,4,1,3,0,3x4
img_96_page_3.jpeg,LPAE_15607_hr,augmentation_contrast_gamma_2/img_96_page_3.jpeg,96,3,4,1,3,0,3x4
img_97_page_0.jpeg,LPAE_19202_hr,augmentation_contrast_gamma_2/img_97_page_0.jpeg,97,0,1,1,12,0,12x1
img_98_page_0.jpeg,LPAE_16212_hr,augmentation_contrast_gamma_2/img_98_page_0.jpeg,98,0,1,4,3,3,3x4+3R
img_99_page_0.jpeg,LPAE_19326_hr,augmentation_contrast_gamma_2/img_99_page_0.jpeg,99,0,1,2,6,0,6x2
img_100_page_0.jpeg,LPAE_20139_hr,augmentation_contrast_gamma_2/img_100_page_0.jpeg,100,0,1,4,3,3,3x4+3R
img_1_page_0.jpeg,LPAE_11666_hr,augmentation_contrast_gamma_4/img_1_page_0.jpeg,1,0,2,1,6,0,6x2
img_1_page_1.jpeg,LPAE_11666_hr,augmentation_contrast_gamma_4/img_1_page_1.jpeg,1,1,2,1,6,0,6x2
img_2_page_0.jpeg,LPAE_11209_hr,augmentation_contrast_gamma_4/img_2_page_0.jpeg,2,0,1,1,12,0,12x1
img_3_page_0.jpeg,LPAE_14009_hr,augmentation_contrast_gamma_4/img_3_page_0.jpeg,3,0,1,1,12,0,12x1
img_4_page_0.jpeg,LPAE_20999_hr,augmentation_contrast_gamma_4/img_4_page_0.jpeg,4,0,1,4,3,1,3x4+1R
img_5_page_0.jpeg,LPAE_21515_hr,augmentation_contrast_gamma_4/img_5_page_0.jpeg,5,0,1,2,6,0,6x2
img_6_page_0.jpeg,LPAE_02926_hr,augmentation_contrast_gamma_4/img_6_page_0.jpeg,6,0,1,1,12,0,12x1
img_7_page_0.jpeg,LPAE_21541_hr,augmentation_contrast_gamma_4/img_7_page_0.jpeg,7,0,1,2,6,0,6x2
img_8_page_0.jpeg,LPAE_05432_hr,augmentation_contrast_gamma_4/img_8_page_0.jpeg,8,0,1,4,3,3,3x4+3R
img_9_page_0.jpeg,LPAE_20159_hr,augmentation_contrast_gamma_4/img_9_page_0.jpeg,9,0,1,2,6,0,6x2
img_10_page_0.jpeg,LPAE_04827_hr,augmentation_contrast_gamma_4/img_10_page_0.jpeg,10,0,1,4,3,1,3x4+1R
img_11_page_0.jpeg,LPAE_06229_hr,augmentation_contrast_gamma_4/img_11_page_0.jpeg,11,0,1,2,6,0,6x2
img_12_page_0.jpeg,LPAE_10505_hr,augmentation_contrast_gamma_4/img_12_page_0.jpeg,12,0,1,4,3,3,3x4+3R
img_13_page_0.jpeg,LPAE_10300_hr,augmentation_contrast_gamma_4/img_13_page_0.jpeg,13,0,1,2,6,0,6x2
img_14_page_0.jpeg,LPAE_17226_hr,augmentation_contrast_gamma_4/img_14_page_0.jpeg,14,0,1,4,3,1,3x4+1R
img_15_page_0.jpeg,LPAE_05742_hr,augmentation_contrast_gamma_4/img_15_page_0.jpeg,15,0,1,4,3,1,3x4+1R
img_16_page_0.jpeg,LPAE_19550_hr,augmentation_contrast_gamma_4/img_16_page_0.jpeg,16,0,1,4,3,1,3x4+1R
img_17_page_0.jpeg,LPAE_06918_hr,augmentation_contrast_gamma_4/img_17_page_0.jpeg,17,0,1,4,3,1,3x4+1R
img_18_page_0.jpeg,LPAE_12879_hr,augmentation_contrast_gamma_4/img_18_page_0.jpeg,18,0,1,1,12,0,12x1
img_19_page_0.jpeg,LPAE_20790_hr,augmentation_contrast_gamma_4/img_19_page_0.jpeg,19,0,1,2,6,1,6x2+1R
img_20_page_0.jpeg,LPAE_20947_hr,augmentation_contrast_gamma_4/img_20_page_0.jpeg,20,0,1,4,3,0,3x4
img_21_page_0.jpeg,LPAE_20515_hr,augmentation_contrast_gamma_4/img_21_page_0.jpeg,21,0,1,2,6,0,6x2
img_22_page_0.jpeg,LPAE_06846_hr,augmentation_contrast_gamma_4/img_22_page_0.jpeg,22,0,1,4,3,1,3x4+1R
img_23_page_0.jpeg,LPAE_04957_hr,augmentation_contrast_gamma_4/img_23_page_0.jpeg,23,0,1,2,6,0,6x2
img_24_page_0.jpeg,LPAE_14819_hr,augmentation_contrast_gamma_4/img_24_page_0.jpeg,24,0,1,4,3,0,3x4
img_25_page_0.jpeg,LPAE_05441_hr,augmentation_contrast_gamma_4/img_25_page_0.jpeg,25,0,1,1,12,0,12x1
img_26_page_0.jpeg,LPAE_20971_hr,augmentation_contrast_gamma_4/img_26_page_0.jpeg,26,0,1,4,3,1,3x4+1R
img_27_page_0.jpeg,LPAE_20680_hr,augmentation_contrast_gamma_4/img_27_page_0.jpeg,27,0,1,4,3,0,3x4
img_28_page_0.jpeg,LPAE_07250_hr,augmentation_contrast_gamma_4/img_28_page_0.jpeg,28,0,1,4,3,1,3x4+1R
img_29_page_0.jpeg,LPAE_20748_hr,augmentation_contrast_gamma_4/img_29_page_0.jpeg,29,0,1,4,3,1,3x4+1R
img_30_page_0.jpeg,LPAE_06938_hr,augmentation_contrast_gamma_4/img_30_page_0.jpeg,30,0,1,2,6,1,6x2+1R
img_31_page_0.jpeg,LPAE_20367_hr,augmentation_contrast_gamma_4/img_31_page_0.jpeg,31,0,1,4,3,1,3x4+1R
img_32_page_0.jpeg,LPAE_07285_hr,augmentation_contrast_gamma_4/img_32_page_0.jpeg,32,0,1,4,3,0,3x4
img_33_page_0.jpeg,LPAE_07299_hr,augmentation_contrast_gamma_4/img_33_page_0.jpeg,33,0,1,2,6,0,6x2
img_34_page_0.jpeg,LPAE_21629_hr,augmentation_contrast_gamma_4/img_34_page_0.jpeg,34,0,1,2,6,0,6x2
img_35_page_0.jpeg,LPAE_07596_hr,augmentation_contrast_gamma_4/img_35_page_0.jpeg,35,0,1,2,6,0,6x2
img_36_page_0.jpeg,LPAE_10555_hr,augmentation_contrast_gamma_4/img_36_page_0.jpeg,36,0,1,4,3,0,3x4
img_37_page_0.jpeg,LPAE_21468_hr,augmentation_contrast_gamma_4/img_37_page_0.jpeg,37,0,1,4,3,1,3x4+1R
img_38_page_0.jpeg,LPAE_08885_hr,augmentation_contrast_gamma_4/img_38_page_0.jpeg,38,0,1,4,3,3,3x4+3R
img_39_page_0.jpeg,LPAE_09331_hr,augmentation_contrast_gamma_4/img_39_page_0.jpeg,39,0,1,2,6,0,6x2
img_40_page_0.jpeg,LPAE_09275_hr,augmentation_contrast_gamma_4/img_40_page_0.jpeg,40,0,1,4,3,1,3x4+1R
img_41_page_0.jpeg,LPAE_20243_hr,augmentation_contrast_gamma_4/img_41_page_0.jpeg,41,0,1,2,6,0,6x2
img_42_page_0.jpeg,LPAE_09545_hr,augmentation_contrast_gamma_4/img_42_page_0.jpeg,42,0,1,4,3,1,3x4+1R
img_43_page_0.jpeg,LPAE_09754_hr,augmentation_contrast_gamma_4/img_43_page_0.jpeg,43,0,1,4,3,1,3x4+1R
img_44_page_0.jpeg,LPAE_17637_hr,augmentation_contrast_gamma_4/img_44_page_0.jpeg,44,0,1,4,3,0,3x4
img_45_page_0.jpeg,LPAE_17118_hr,augmentation_contrast_gamma_4/img_45_page_0.jpeg,45,0,1,2,6,0,6x2
img_46_page_0.jpeg,LPAE_10306_hr,augmentation_contrast_gamma_4/img_46_page_0.jpeg,46,0,1,4,3,1,3x4+1R
img_47_page_0.jpeg,LPAE_10266_hr,augmentation_contrast_gamma_4/img_47_page_0.jpeg,47,0,1,4,3,3,3x4+3R
img_48_page_0.jpeg,LPAE_08007_hr,augmentation_contrast_gamma_4/img_48_page_0.jpeg,48,0,1,2,6,0,6x2
img_49_page_0.jpeg,LPAE_08962_hr,augmentation_contrast_gamma_4/img_49_page_0.jpeg,49,0,1,2,6,0,6x2
img_50_page_0.jpeg,LPAE_16895_hr,augmentation_contrast_gamma_4/img_50_page_0.jpeg,50,0,1,4,3,0,3x4
img_51_page_0.jpeg,LPAE_05359_hr,augmentation_contrast_gamma_4/img_51_page_0.jpeg,51,0,1,4,3,0,3x4
img_52_page_0.jpeg,LPAE_10554_hr,augmentation_contrast_gamma_4/img_52_page_0.jpeg,52,0,1,2,6,1,6x2+1R
img_53_page_0.jpeg,LPAE_10598_hr,augmentation_contrast_gamma_4/img_53_page_0.jpeg,53,0,1,2,6,0,6x2
img_54_page_0.jpeg,LPAE_17269_hr,augmentation_contrast_gamma_4/img_54_page_0.jpeg,54,0,2,2,3,0,3x4
img_54_page_1.jpeg,LPAE_17269_hr,augmentation_contrast_gamma_4/img_54_page_1.jpeg,54,1,2,2,3,0,3x4
img_55_page_0.jpeg,LPAE_10518_hr,augmentation_contrast_gamma_4/img_55_page_0.jpeg,55,0,1,2,6,0,6x2
img_56_page_0.jpeg,LPAE_10564_hr,augmentation_contrast_gamma_4/img_56_page_0.jpeg,56,0,1,2,6,0,6x2
img_57_page_0.jpeg,LPAE_06282_hr,augmentation_contrast_gamma_4/img_57_page_0.jpeg,57,0,1,1,12,0,12x1
img_58_page_0.jpeg,LPAE_10943_hr,augmentation_contrast_gamma_4/img_58_page_0.jpeg,58,0,1,4,3,0,3x4
img_59_page_0.jpeg,LPAE_18073_hr,augmentation_contrast_gamma_4/img_59_page_0.jpeg,59,0,1,2,6,0,6x2
img_60_page_0.jpeg,LPAE_11397_hr,augmentation_contrast_gamma_4/img_60_page_0.jpeg,60,0,1,2,6,0,6x2
img_61_page_0.jpeg,LPAE_05944_hr,augmentation_contrast_gamma_4/img_61_page_0.jpeg,61,0,1,2,6,1,6x2+1R
img_62_page_0.jpeg,LPAE_04733_hr,augmentation_contrast_gamma_4/img_62_page_0.jpeg,62,0,1,4,3,1,3x4+1R
img_63_page_0.jpeg,LPAE_10986_hr,augmentation_contrast_gamma_4/img_63_page_0.jpeg,63,0,1,4,3,0,3x4
img_64_page_0.jpeg,LPAE_18227_hr,augmentation_contrast_gamma_4/img_64_page_0.jpeg,64,0,1,2,6,0,6x2
img_65_page_0.jpeg,LPAE_18552_hr,augmentation_contrast_gamma_4/img_65_page_0.jpeg,65,0,1,2,6,0,6x2
img_66_page_0.jpeg,LPAE_11498_hr,augmentation_contrast_gamma_4/img_66_page_0.jpeg,66,0,1,4,3,1,3x4+1R
img_67_page_0.jpeg,LPAE_01805_hr,augmentation_contrast_gamma_4/img_67_page_0.jpeg,67,0,1,4,3,0,3x4
img_68_page_0.jpeg,LPAE_18945_hr,augmentation_contrast_gamma_4/img_68_page_0.jpeg,68,0,1,4,3,1,3x4+1R
img_69_page_0.jpeg,LPAE_12186_hr,augmentation_contrast_gamma_4/img_69_page_0.jpeg,69,0,1,4,3,0,3x4
img_70_page_0.jpeg,LPAE_04794_hr,augmentation_contrast_gamma_4/img_70_page_0.jpeg,70,0,1,1,12,0,12x1
img_71_page_0.jpeg,LPAE_12190_hr,augmentation_contrast_gamma_4/img_71_page_0.jpeg,71,0,1,4,3,1,3x4+1R
img_72_page_0.jpeg,LPAE_12432_hr,augmentation_contrast_gamma_4/img_72_page_0.jpeg,72,0,1,4,3,1,3x4+1R
img_73_page_0.jpeg,LPAE_19036_hr,augmentation_contrast_gamma_4/img_73_page_0.jpeg,73,0,1,2,6,0,6x2
img_74_page_0.jpeg,LPAE_12629_hr,augmentation_contrast_gamma_4/img_74_page_0.jpeg,74,0,1,4,3,1,3x4+1R
img_75_page_0.jpeg,LPAE_02444_hr,augmentation_contrast_gamma_4/img_75_page_0.jpeg,75,0,2,1,6,0,6x2
img_75_page_1.jpeg,LPAE_02444_hr,augmentation_contrast_gamma_4/img_75_page_1.jpeg,75,1,2,1,6,0,6x2
img_76_page_0.jpeg,LPAE_17345_hr,augmentation_contrast_gamma_4/img_76_page_0.jpeg,76,0,1,2,6,0,6x2
img_77_page_0.jpeg,LPAE_06303_hr,augmentation_contrast_gamma_4/img_77_page_0.jpeg,77,0,1,4,3,0,3x4
img_78_page_0.jpeg,LPAE_13851_hr,augmentation_contrast_gamma_4/img_78_page_0.jpeg,78,0,1,2,6,0,6x2
img_79_page_0.jpeg,LPAE_13962_hr,augmentation_contrast_gamma_4/img_79_page_0.jpeg,79,0,1,2,6,0,6x2
img_80_page_0.jpeg,LPAE_19394_hr,augmentation_contrast_gamma_4/img_80_page_0.jpeg,80,0,1,4,3,1,3x4+1R
img_81_page_0.jpeg,LPAE_00232_hr,augmentation_contrast_gamma_4/img_81_page_0.jpeg,81,0,1,4,3,1,3x4+1R
img_82_page_0.jpeg,LPAE_19269_hr,augmentation_contrast_gamma_4/img_82_page_0.jpeg,82,0,1,4,3,1,3x4+1R
img_83_page_0.jpeg,LPAE_20117_hr,augmentation_contrast_gamma_4/img_83_page_0.jpeg,83,0,1,4,3,3,3x4+3R
img_84_page_0.jpeg,LPAE_19164_hr,augmentation_contrast_gamma_4/img_84_page_0.jpeg,84,0,1,4,3,1,3x4+1R
img_85_page_0.jpeg,LPAE_19686_hr,augmentation_contrast_gamma_4/img_85_page_0.jpeg,85,0,1,4,3,1,3x4+1R
img_86_page_0.jpeg,LPAE_19968_hr,augmentation_contrast_gamma_4/img_86_page_0.jpeg,86,0,1,2,6,0,6x2
img_87_page_0.jpeg,LPAE_19288_hr,augmentation_contrast_gamma_4/img_87_page_0.jpeg,87,0,1,2,6,0,6x2
img_88_page_0.jpeg,LPAE_14304_hr,augmentation_contrast_gamma_4/img_88_page_0.jpeg,88,0,4,1,3,0,3x4
img_88_page_1.jpeg,LPAE_14304_hr,augmentation_contrast_gamma_4/img_88_page_1.jpeg,88,1,4,1,3,0,3x4
img_88_page_2.jpeg,LPAE_14304_hr,augmentation_contrast_gamma_4/img_88_page_2.jpeg,88,2,4,1,3,0,3x4
img_88_page_3.jpeg,LPAE_14304_hr,augmentation_contrast_gamma_4/img_88_page_3.jpeg,88,3,4,1,3,0,3x4
img_89_page_0.jpeg,LPAE_19309_hr,augmentation_contrast_gamma_4/img_89_page_0.jpeg,89,0,2,2,3,0,3x4
img_89_page_1.jpeg,LPAE_19309_hr,augmentation_contrast_gamma_4/img_89_page_1.jpeg,89,1,2,2,3,0,3x4
img_90_page_0.jpeg,LPAE_14641_hr,augmentation_contrast_gamma_4/img_90_page_0.jpeg,90,0,1,2,6,0,6x2
img_91_page_0.jpeg,LPAE_15477_hr,augmentation_contrast_gamma_4/img_91_page_0.jpeg,91,0,1,4,3,1,3x4+1R
img_92_page_0.jpeg,LPAE_14680_hr,augmentation_contrast_gamma_4/img_92_page_0.jpeg,92,0,1,4,3,1,3x4+1R
img_93_page_0.jpeg,LPAE_15368_hr,augmentation_contrast_gamma_4/img_93_page_0.jpeg,93,0,1,2,6,1,6x2+1R
img_94_page_0.jpeg,LPAE_19138_hr,augmentation_contrast_gamma_4/img_94_page_0.jpeg,94,0,1,1,12,0,12x1
img_95_page_0.jpeg,LPAE_15529_hr,augmentation_contrast_gamma_4/img_95_page_0.jpeg,95,0,1,2,6,0,6x2
img_96_page_0.jpeg,LPAE_15607_hr,augmentation_contrast_gamma_4/img_96_page_0.jpeg,96,0,4,1,3,0,3x4
img_96_page_1.jpeg,LPAE_15607_hr,augmentation_contrast_gamma_4/img_96_page_1.jpeg,96,1,4,1,3,0,3x4
img_96_page_2.jpeg,LPAE_15607_hr,augmentation_contrast_gamma_4/img_96_page_2.jpeg,96,2,4,1,3,0,3x4
img_96_page_3.jpeg,LPAE_15607_hr,augmentation_contrast_gamma_4/img_96_page_3.jpeg,96,3,4,1,3,0,3x4
img_97_page_0.jpeg,LPAE_19202_hr,augmentation_contrast_gamma_4/img_97_page_0.jpeg,97,0,1,1,12,0,12x1
img_98_page_0.jpeg,LPAE_16212_hr,augmentation_contrast_gamma_4/img_98_page_0.jpeg,98,0,1,4,3,3,3x4+3R
img_99_page_0.jpeg,LPAE_19326_hr,augmentation_contrast_gamma_4/img_99_page_0.jpeg,99,0,1,2,6,0,6x2
img_100_page_0.jpeg,LPAE_20139_hr,augmentation_contrast_gamma_4/img_100_page_0.jpeg,100,0,1,4,3,3,3x4+3R
img_1_page_0.jpeg,LPAE_11666_hr,augmentation_contrast_gamma_8/img_1_page_0.jpeg,1,0,2,1,6,0,6x2
img_1_page_1.jpeg,LPAE_11666_hr,augmentation_contrast_gamma_8/img_1_page_1.jpeg,1,1,2,1,6,0,6x2
img_2_page_0.jpeg,LPAE_11209_hr,augmentation_contrast_gamma_8/img_2_page_0.jpeg,2,0,1,1,12,0,12x1
img_3_page_0.jpeg,LPAE_14009_hr,augmentation_contrast_gamma_8/img_3_page_0.jpeg,3,0,1,1,12,0,12x1
img_4_page_0.jpeg,LPAE_20999_hr,augmentation_contrast_gamma_8/img_4_page_0.jpeg,4,0,1,4,3,1,3x4+1R
img_5_page_0.jpeg,LPAE_21515_hr,augmentation_contrast_gamma_8/img_5_page_0.jpeg,5,0,1,2,6,0,6x2
img_6_page_0.jpeg,LPAE_02926_hr,augmentation_contrast_gamma_8/img_6_page_0.jpeg,6,0,1,1,12,0,12x1
img_7_page_0.jpeg,LPAE_21541_hr,augmentation_contrast_gamma_8/img_7_page_0.jpeg,7,0,1,2,6,0,6x2
img_8_page_0.jpeg,LPAE_05432_hr,augmentation_contrast_gamma_8/img_8_page_0.jpeg,8,0,1,4,3,3,3x4+3R
img_9_page_0.jpeg,LPAE_20159_hr,augmentation_contrast_gamma_8/img_9_page_0.jpeg,9,0,1,2,6,0,6x2
img_10_page_0.jpeg,LPAE_04827_hr,augmentation_contrast_gamma_8/img_10_page_0.jpeg,10,0,1,4,3,1,3x4+1R
img_11_page_0.jpeg,LPAE_06229_hr,augmentation_contrast_gamma_8/img_11_page_0.jpeg,11,0,1,2,6,0,6x2
img_12_page_0.jpeg,LPAE_10505_hr,augmentation_contrast_gamma_8/img_12_page_0.jpeg,12,0,1,4,3,3,3x4+3R
img_13_page_0.jpeg,LPAE_10300_hr,augmentation_contrast_gamma_8/img_13_page_0.jpeg,13,0,1,2,6,0,6x2
img_14_page_0.jpeg,LPAE_17226_hr,augmentation_contrast_gamma_8/img_14_page_0.jpeg,14,0,1,4,3,1,3x4+1R
img_15_page_0.jpeg,LPAE_05742_hr,augmentation_contrast_gamma_8/img_15_page_0.jpeg,15,0,1,4,3,1,3x4+1R
img_16_page_0.jpeg,LPAE_19550_hr,augmentation_contrast_gamma_8/img_16_page_0.jpeg,16,0,1,4,3,1,3x4+1R
img_17_page_0.jpeg,LPAE_06918_hr,augmentation_contrast_gamma_8/img_17_page_0.jpeg,17,0,1,4,3,1,3x4+1R
img_18_page_0.jpeg,LPAE_12879_hr,augmentation_contrast_gamma_8/img_18_page_0.jpeg,18,0,1,1,12,0,12x1
img_19_page_0.jpeg,LPAE_20790_hr,augmentation_contrast_gamma_8/img_19_page_0.jpeg,19,0,1,2,6,1,6x2+1R
img_20_page_0.jpeg,LPAE_20947_hr,augmentation_contrast_gamma_8/img_20_page_0.jpeg,20,0,1,4,3,0,3x4
img_21_page_0.jpeg,LPAE_20515_hr,augmentation_contrast_gamma_8/img_21_page_0.jpeg,21,0,1,2,6,0,6x2
img_22_page_0.jpeg,LPAE_06846_hr,augmentation_contrast_gamma_8/img_22_page_0.jpeg,22,0,1,4,3,1,3x4+1R
img_23_page_0.jpeg,LPAE_04957_hr,augmentation_contrast_gamma_8/img_23_page_0.jpeg,23,0,1,2,6,0,6x2
img_24_page_0.jpeg,LPAE_14819_hr,augmentation_contrast_gamma_8/img_24_page_0.jpeg,24,0,1,4,3,0,3x4
img_25_page_0.jpeg,LPAE_05441_hr,augmentation_contrast_gamma_8/img_25_page_0.jpeg,25,0,1,1,12,0,12x1
img_26_page_0.jpeg,LPAE_20971_hr,augmentation_contrast_gamma_8/img_26_page_0.jpeg,26,0,1,4,3,1,3x4+1R
img_27_page_0.jpeg,LPAE_20680_hr,augmentation_contrast_gamma_8/img_27_page_0.jpeg,27,0,1,4,3,0,3x4
img_28_page_0.jpeg,LPAE_07250_hr,augmentation_contrast_gamma_8/img_28_page_0.jpeg,28,0,1,4,3,1,3x4+1R
img_29_page_0.jpeg,LPAE_20748_hr,augmentation_contrast_gamma_8/img_29_page_0.jpeg,29,0,1,4,3,1,3x4+1R
img_30_page_0.jpeg,LPAE_06938_hr,augmentation_contrast_gamma_8/img_30_page_0.jpeg,30,0,1,2,6,1,6x2+1R
img_31_page_0.jpeg,LPAE_20367_hr,augmentation_contrast_gamma_8/img_31_page_0.jpeg,31,0,1,4,3,1,3x4+1R
img_32_page_0.jpeg,LPAE_07285_hr,augmentation_contrast_gamma_8/img_32_page_0.jpeg,32,0,1,4,3,0,3x4
img_33_page_0.jpeg,LPAE_07299_hr,augmentation_contrast_gamma_8/img_33_page_0.jpeg,33,0,1,2,6,0,6x2
img_34_page_0.jpeg,LPAE_21629_hr,augmentation_contrast_gamma_8/img_34_page_0.jpeg,34,0,1,2,6,0,6x2
img_35_page_0.jpeg,LPAE_07596_hr,augmentation_contrast_gamma_8/img_35_page_0.jpeg,35,0,1,2,6,0,6x2
img_36_page_0.jpeg,LPAE_10555_hr,augmentation_contrast_gamma_8/img_36_page_0.jpeg,36,0,1,4,3,0,3x4
img_37_page_0.jpeg,LPAE_21468_hr,augmentation_contrast_gamma_8/img_37_page_0.jpeg,37,0,1,4,3,1,3x4+1R
img_38_page_0.jpeg,LPAE_08885_hr,augmentation_contrast_gamma_8/img_38_page_0.jpeg,38,0,1,4,3,3,3x4+3R
img_39_page_0.jpeg,LPAE_09331_hr,augmentation_contrast_gamma_8/img_39_page_0.jpeg,39,0,1,2,6,0,6x2
img_40_page_0.jpeg,LPAE_09275_hr,augmentation_contrast_gamma_8/img_40_page_0.jpeg,40,0,1,4,3,1,3x4+1R
img_41_page_0.jpeg,LPAE_20243_hr,augmentation_contrast_gamma_8/img_41_page_0.jpeg,41,0,1,2,6,0,6x2
img_42_page_0.jpeg,LPAE_09545_hr,augmentation_contrast_gamma_8/img_42_page_0.jpeg,42,0,1,4,3,1,3x4+1R
img_43_page_0.jpeg,LPAE_09754_hr,augmentation_contrast_gamma_8/img_43_page_0.jpeg,43,0,1,4,3,1,3x4+1R
img_44_page_0.jpeg,LPAE_17637_hr,augmentation_contrast_gamma_8/img_44_page_0.jpeg,44,0,1,4,3,0,3x4
img_45_page_0.jpeg,LPAE_17118_hr,augmentation_contrast_gamma_8/img_45_page_0.jpeg,45,0,1,2,6,0,6x2
img_46_page_0.jpeg,LPAE_10306_hr,augmentation_contrast_gamma_8/img_46_page_0.jpeg,46,0,1,4,3,1,3x4+1R
img_47_page_0.jpeg,LPAE_10266_hr,augmentation_contrast_gamma_8/img_47_page_0.jpeg,47,0,1,4,3,3,3x4+3R
img_48_page_0.jpeg,LPAE_08007_hr,augmentation_contrast_gamma_8/img_48_page_0.jpeg,48,0,1,2,6,0,6x2
img_49_page_0.jpeg,LPAE_08962_hr,augmentation_contrast_gamma_8/img_49_page_0.jpeg,49,0,1,2,6,0,6x2
img_50_page_0.jpeg,LPAE_16895_hr,augmentation_contrast_gamma_8/img_50_page_0.jpeg,50,0,1,4,3,0,3x4
img_51_page_0.jpeg,LPAE_05359_hr,augmentation_contrast_gamma_8/img_51_page_0.jpeg,51,0,1,4,3,0,3x4
img_52_page_0.jpeg,LPAE_10554_hr,augmentation_contrast_gamma_8/img_52_page_0.jpeg,52,0,1,2,6,1,6x2+1R
img_53_page_0.jpeg,LPAE_10598_hr,augmentation_contrast_gamma_8/img_53_page_0.jpeg,53,0,1,2,6,0,6x2
img_54_page_0.jpeg,LPAE_17269_hr,augmentation_contrast_gamma_8/img_54_page_0.jpeg,54,0,2,2,3,0,3x4
img_54_page_1.jpeg,LPAE_17269_hr,augmentation_contrast_gamma_8/img_54_page_1.jpeg,54,1,2,2,3,0,3x4
img_55_page_0.jpeg,LPAE_10518_hr,augmentation_contrast_gamma_8/img_55_page_0.jpeg,55,0,1,2,6,0,6x2
img_56_page_0.jpeg,LPAE_10564_hr,augmentation_contrast_gamma_8/img_56_page_0.jpeg,56,0,1,2,6,0,6x2
img_57_page_0.jpeg,LPAE_06282_hr,augmentation_contrast_gamma_8/img_57_page_0.jpeg,57,0,1,1,12,0,12x1
img_58_page_0.jpeg,LPAE_10943_hr,augmentation_contrast_gamma_8/img_58_page_0.jpeg,58,0,1,4,3,0,3x4
img_59_page_0.jpeg,LPAE_18073_hr,augmentation_contrast_gamma_8/img_59_page_0.jpeg,59,0,1,2,6,0,6x2
img_60_page_0.jpeg,LPAE_11397_hr,augmentation_contrast_gamma_8/img_60_page_0.jpeg,60,0,1,2,6,0,6x2
img_61_page_0.jpeg,LPAE_05944_hr,augmentation_contrast_gamma_8/img_61_page_0.jpeg,61,0,1,2,6,1,6x2+1R
img_62_page_0.jpeg,LPAE_04733_hr,augmentation_contrast_gamma_8/img_62_page_0.jpeg,62,0,1,4,3,1,3x4+1R
img_63_page_0.jpeg,LPAE_10986_hr,augmentation_contrast_gamma_8/img_63_page_0.jpeg,63,0,1,4,3,0,3x4
img_64_page_0.jpeg,LPAE_18227_hr,augmentation_contrast_gamma_8/img_64_page_0.jpeg,64,0,1,2,6,0,6x2
img_65_page_0.jpeg,LPAE_18552_hr,augmentation_contrast_gamma_8/img_65_page_0.jpeg,65,0,1,2,6,0,6x2
img_66_page_0.jpeg,LPAE_11498_hr,augmentation_contrast_gamma_8/img_66_page_0.jpeg,66,0,1,4,3,1,3x4+1R
img_67_page_0.jpeg,LPAE_01805_hr,augmentation_contrast_gamma_8/img_67_page_0.jpeg,67,0,1,4,3,0,3x4
img_68_page_0.jpeg,LPAE_18945_hr,augmentation_contrast_gamma_8/img_68_page_0.jpeg,68,0,1,4,3,1,3x4+1R
img_69_page_0.jpeg,LPAE_12186_hr,augmentation_contrast_gamma_8/img_69_page_0.jpeg,69,0,1,4,3,0,3x4
img_70_page_0.jpeg,LPAE_04794_hr,augmentation_contrast_gamma_8/img_70_page_0.jpeg,70,0,1,1,12,0,12x1
img_71_page_0.jpeg,LPAE_12190_hr,augmentation_contrast_gamma_8/img_71_page_0.jpeg,71,0,1,4,3,1,3x4+1R
img_72_page_0.jpeg,LPAE_12432_hr,augmentation_contrast_gamma_8/img_72_page_0.jpeg,72,0,1,4,3,1,3x4+1R
img_73_page_0.jpeg,LPAE_19036_hr,augmentation_contrast_gamma_8/img_73_page_0.jpeg,73,0,1,2,6,0,6x2
img_74_page_0.jpeg,LPAE_12629_hr,augmentation_contrast_gamma_8/img_74_page_0.jpeg,74,0,1,4,3,1,3x4+1R
img_75_page_0.jpeg,LPAE_02444_hr,augmentation_contrast_gamma_8/img_75_page_0.jpeg,75,0,2,1,6,0,6x2
img_75_page_1.jpeg,LPAE_02444_hr,augmentation_contrast_gamma_8/img_75_page_1.jpeg,75,1,2,1,6,0,6x2
img_76_page_0.jpeg,LPAE_17345_hr,augmentation_contrast_gamma_8/img_76_page_0.jpeg,76,0,1,2,6,0,6x2
img_77_page_0.jpeg,LPAE_06303_hr,augmentation_contrast_gamma_8/img_77_page_0.jpeg,77,0,1,4,3,0,3x4
img_78_page_0.jpeg,LPAE_13851_hr,augmentation_contrast_gamma_8/img_78_page_0.jpeg,78,0,1,2,6,0,6x2
img_79_page_0.jpeg,LPAE_13962_hr,augmentation_contrast_gamma_8/img_79_page_0.jpeg,79,0,1,2,6,0,6x2
img_80_page_0.jpeg,LPAE_19394_hr,augmentation_contrast_gamma_8/img_80_page_0.jpeg,80,0,1,4,3,1,3x4+1R
img_81_page_0.jpeg,LPAE_00232_hr,augmentation_contrast_gamma_8/img_81_page_0.jpeg,81,0,1,4,3,1,3x4+1R
img_82_page_0.jpeg,LPAE_19269_hr,augmentation_contrast_gamma_8/img_82_page_0.jpeg,82,0,1,4,3,1,3x4+1R
img_83_page_0.jpeg,LPAE_20117_hr,augmentation_contrast_gamma_8/img_83_page_0.jpeg,83,0,1,4,3,3,3x4+3R
img_84_page_0.jpeg,LPAE_19164_hr,augmentation_contrast_gamma_8/img_84_page_0.jpeg,84,0,1,4,3,1,3x4+1R
img_85_page_0.jpeg,LPAE_19686_hr,augmentation_contrast_gamma_8/img_85_page_0.jpeg,85,0,1,4,3,1,3x4+1R
img_86_page_0.jpeg,LPAE_19968_hr,augmentation_contrast_gamma_8/img_86_page_0.jpeg,86,0,1,2,6,0,6x2
img_87_page_0.jpeg,LPAE_19288_hr,augmentation_contrast_gamma_8/img_87_page_0.jpeg,87,0,1,2,6,0,6x2
img_88_page_0.jpeg,LPAE_14304_hr,augmentation_contrast_gamma_8/img_88_page_0.jpeg,88,0,4,1,3,0,3x4
img_88_page_1.jpeg,LPAE_14304_hr,augmentation_contrast_gamma_8/img_88_page_1.jpeg,88,1,4,1,3,0,3x4
img_88_page_2.jpeg,LPAE_14304_hr,augmentation_contrast_gamma_8/img_88_page_2.jpeg,88,2,4,1,3,0,3x4
img_88_page_3.jpeg,LPAE_14304_hr,augmentation_contrast_gamma_8/img_88_page_3.jpeg,88,3,4,1,3,0,3x4
img_89_page_0.jpeg,LPAE_19309_hr,augmentation_contrast_gamma_8/img_89_page_0.jpeg,89,0,2,2,3,0,3x4
img_89_page_1.jpeg,LPAE_19309_hr,augmentation_contrast_gamma_8/img_89_page_1.jpeg,89,1,2,2,3,0,3x4
img_90_page_0.jpeg,LPAE_14641_hr,augmentation_contrast_gamma_8/img_90_page_0.jpeg,90,0,1,2,6,0,6x2
img_91_page_0.jpeg,LPAE_15477_hr,augmentation_contrast_gamma_8/img_91_page_0.jpeg,91,0,1,4,3,1,3x4+1R
img_92_page_0.jpeg,LPAE_14680_hr,augmentation_contrast_gamma_8/img_92_page_0.jpeg,92,0,1,4,3,1,3x4+1R
img_93_page_0.jpeg,LPAE_15368_hr,augmentation_contrast_gamma_8/img_93_page_0.jpeg,93,0,1,2,6,1,6x2+1R
img_94_page_0.jpeg,LPAE_19138_hr,augmentation_contrast_gamma_8/img_94_page_0.jpeg,94,0,1,1,12,0,12x1
img_95_page_0.jpeg,LPAE_15529_hr,augmentation_contrast_gamma_8/img_95_page_0.jpeg,95,0,1,2,6,0,6x2
img_96_page_0.jpeg,LPAE_15607_hr,augmentation_contrast_gamma_8/img_96_page_0.jpeg,96,0,4,1,3,0,3x4
img_96_page_1.jpeg,LPAE_15607_hr,augmentation_contrast_gamma_8/img_96_page_1.jpeg,96,1,4,1,3,0,3x4
img_96_page_2.jpeg,LPAE_15607_hr,augmentation_contrast_gamma_8/img_96_page_2.jpeg,96,2,4,1,3,0,3x4
img_96_page_3.jpeg,LPAE_15607_hr,augmentation_contrast_gamma_8/img_96_page_3.jpeg,96,3,4,1,3,0,3x4
img_97_page_0.jpeg,LPAE_19202_hr,augmentation_contrast_gamma_8/img_97_page_0.jpeg,97,0,1,1,12,0,12x1
img_98_page_0.jpeg,LPAE_16212_hr,augmentation_contrast_gamma_8/img_98_page_0.jpeg,98,0,1,4,3,3,3x4+3R
img_99_page_0.jpeg,LPAE_19326_hr,augmentation_contrast_gamma_8/img_99_page_0.jpeg,99,0,1,2,6,0,6x2
img_100_page_0.jpeg,LPAE_20139_hr,augmentation_contrast_gamma_8/img_100_page_0.jpeg,100,0,1,4,3,3,3x4+3R
img_1_page_0.jpeg,LPAE_11666_hr,augmentation_padding_extra_large/img_1_page_0.jpeg,1,0,2,1,6,0,6x2
img_1_page_1.jpeg,LPAE_11666_hr,augmentation_padding_extra_large/img_1_page_1.jpeg,1,1,2,1,6,0,6x2
img_2_page_0.jpeg,LPAE_11209_hr,augmentation_padding_extra_large/img_2_page_0.jpeg,2,0,1,1,12,0,12x1
img_3_page_0.jpeg,LPAE_14009_hr,augmentation_padding_extra_large/img_3_page_0.jpeg,3,0,1,1,12,0,12x1
img_4_page_0.jpeg,LPAE_20999_hr,augmentation_padding_extra_large/img_4_page_0.jpeg,4,0,1,4,3,1,3x4+1R
img_5_page_0.jpeg,LPAE_21515_hr,augmentation_padding_extra_large/img_5_page_0.jpeg,5,0,1,2,6,0,6x2
img_6_page_0.jpeg,LPAE_02926_hr,augmentation_padding_extra_large/img_6_page_0.jpeg,6,0,1,1,12,0,12x1
img_7_page_0.jpeg,LPAE_21541_hr,augmentation_padding_extra_large/img_7_page_0.jpeg,7,0,1,2,6,0,6x2
img_8_page_0.jpeg,LPAE_05432_hr,augmentation_padding_extra_large/img_8_page_0.jpeg,8,0,1,4,3,3,3x4+3R
img_9_page_0.jpeg,LPAE_20159_hr,augmentation_padding_extra_large/img_9_page_0.jpeg,9,0,1,2,6,0,6x2
img_10_page_0.jpeg,LPAE_04827_hr,augmentation_padding_extra_large/img_10_page_0.jpeg,10,0,1,4,3,1,3x4+1R
img_11_page_0.jpeg,LPAE_06229_hr,augmentation_padding_extra_large/img_11_page_0.jpeg,11,0,1,2,6,0,6x2
img_12_page_0.jpeg,LPAE_10505_hr,augmentation_padding_extra_large/img_12_page_0.jpeg,12,0,1,4,3,3,3x4+3R
img_13_page_0.jpeg,LPAE_10300_hr,augmentation_padding_extra_large/img_13_page_0.jpeg,13,0,1,2,6,0,6x2
img_14_page_0.jpeg,LPAE_17226_hr,augmentation_padding_extra_large/img_14_page_0.jpeg,14,0,1,4,3,1,3x4+1R
img_15_page_0.jpeg,LPAE_05742_hr,augmentation_padding_extra_large/img_15_page_0.jpeg,15,0,1,4,3,1,3x4+1R
img_16_page_0.jpeg,LPAE_19550_hr,augmentation_padding_extra_large/img_16_page_0.jpeg,16,0,1,4,3,1,3x4+1R
img_17_page_0.jpeg,LPAE_06918_hr,augmentation_padding_extra_large/img_17_page_0.jpeg,17,0,1,4,3,1,3x4+1R
img_18_page_0.jpeg,LPAE_12879_hr,augmentation_padding_extra_large/img_18_page_0.jpeg,18,0,1,1,12,0,12x1
img_19_page_0.jpeg,LPAE_20790_hr,augmentation_padding_extra_large/img_19_page_0.jpeg,19,0,1,2,6,1,6x2+1R
img_20_page_0.jpeg,LPAE_20947_hr,augmentation_padding_extra_large/img_20_page_0.jpeg,20,0,1,4,3,0,3x4
img_21_page_0.jpeg,LPAE_20515_hr,augmentation_padding_extra_large/img_21_page_0.jpeg,21,0,1,2,6,0,6x2
img_22_page_0.jpeg,LPAE_06846_hr,augmentation_padding_extra_large/img_22_page_0.jpeg,22,0,1,4,3,1,3x4+1R
img_23_page_0.jpeg,LPAE_04957_hr,augmentation_padding_extra_large/img_23_page_0.jpeg,23,0,1,2,6,0,6x2
img_24_page_0.jpeg,LPAE_14819_hr,augmentation_padding_extra_large/img_24_page_0.jpeg,24,0,1,4,3,0,3x4
img_25_page_0.jpeg,LPAE_05441_hr,augmentation_padding_extra_large/img_25_page_0.jpeg,25,0,1,1,12,0,12x1
img_26_page_0.jpeg,LPAE_20971_hr,augmentation_padding_extra_large/img_26_page_0.jpeg,26,0,1,4,3,1,3x4+1R
img_27_page_0.jpeg,LPAE_20680_hr,augmentation_padding_extra_large/img_27_page_0.jpeg,27,0,1,4,3,0,3x4
img_28_page_0.jpeg,LPAE_07250_hr,augmentation_padding_extra_large/img_28_page_0.jpeg,28,0,1,4,3,1,3x4+1R
img_29_page_0.jpeg,LPAE_20748_hr,augmentation_padding_extra_large/img_29_page_0.jpeg,29,0,1,4,3,1,3x4+1R
img_30_page_0.jpeg,LPAE_06938_hr,augmentation_padding_extra_large/img_30_page_0.jpeg,30,0,1,2,6,1,6x2+1R
img_31_page_0.jpeg,LPAE_20367_hr,augmentation_padding_extra_large/img_31_page_0.jpeg,31,0,1,4,3,1,3x4+1R
img_32_page_0.jpeg,LPAE_07285_hr,augmentation_padding_extra_large/img_32_page_0.jpeg,32,0,1,4,3,0,3x4
img_33_page_0.jpeg,LPAE_07299_hr,augmentation_padding_extra_large/img_33_page_0.jpeg,33,0,1,2,6,0,6x2
img_34_page_0.jpeg,LPAE_21629_hr,augmentation_padding_extra_large/img_34_page_0.jpeg,34,0,1,2,6,0,6x2
img_35_page_0.jpeg,LPAE_07596_hr,augmentation_padding_extra_large/img_35_page_0.jpeg,35,0,1,2,6,0,6x2
img_36_page_0.jpeg,LPAE_10555_hr,augmentation_padding_extra_large/img_36_page_0.jpeg,36,0,1,4,3,0,3x4
img_37_page_0.jpeg,LPAE_21468_hr,augmentation_padding_extra_large/img_37_page_0.jpeg,37,0,1,4,3,1,3x4+1R
img_38_page_0.jpeg,LPAE_08885_hr,augmentation_padding_extra_large/img_38_page_0.jpeg,38,0,1,4,3,3,3x4+3R
img_39_page_0.jpeg,LPAE_09331_hr,augmentation_padding_extra_large/img_39_page_0.jpeg,39,0,1,2,6,0,6x2
img_40_page_0.jpeg,LPAE_09275_hr,augmentation_padding_extra_large/img_40_page_0.jpeg,40,0,1,4,3,1,3x4+1R
img_41_page_0.jpeg,LPAE_20243_hr,augmentation_padding_extra_large/img_41_page_0.jpeg,41,0,1,2,6,0,6x2
img_42_page_0.jpeg,LPAE_09545_hr,augmentation_padding_extra_large/img_42_page_0.jpeg,42,0,1,4,3,1,3x4+1R
img_43_page_0.jpeg,LPAE_09754_hr,augmentation_padding_extra_large/img_43_page_0.jpeg,43,0,1,4,3,1,3x4+1R
img_44_page_0.jpeg,LPAE_17637_hr,augmentation_padding_extra_large/img_44_page_0.jpeg,44,0,1,4,3,0,3x4
img_45_page_0.jpeg,LPAE_17118_hr,augmentation_padding_extra_large/img_45_page_0.jpeg,45,0,1,2,6,0,6x2
img_46_page_0.jpeg,LPAE_10306_hr,augmentation_padding_extra_large/img_46_page_0.jpeg,46,0,1,4,3,1,3x4+1R
img_47_page_0.jpeg,LPAE_10266_hr,augmentation_padding_extra_large/img_47_page_0.jpeg,47,0,1,4,3,3,3x4+3R
img_48_page_0.jpeg,LPAE_08007_hr,augmentation_padding_extra_large/img_48_page_0.jpeg,48,0,1,2,6,0,6x2
img_49_page_0.jpeg,LPAE_08962_hr,augmentation_padding_extra_large/img_49_page_0.jpeg,49,0,1,2,6,0,6x2
img_50_page_0.jpeg,LPAE_16895_hr,augmentation_padding_extra_large/img_50_page_0.jpeg,50,0,1,4,3,0,3x4
img_51_page_0.jpeg,LPAE_05359_hr,augmentation_padding_extra_large/img_51_page_0.jpeg,51,0,1,4,3,0,3x4
img_52_page_0.jpeg,LPAE_10554_hr,augmentation_padding_extra_large/img_52_page_0.jpeg,52,0,1,2,6,1,6x2+1R
img_53_page_0.jpeg,LPAE_10598_hr,augmentation_padding_extra_large/img_53_page_0.jpeg,53,0,1,2,6,0,6x2
img_54_page_0.jpeg,LPAE_17269_hr,augmentation_padding_extra_large/img_54_page_0.jpeg,54,0,2,2,3,0,3x4
img_54_page_1.jpeg,LPAE_17269_hr,augmentation_padding_extra_large/img_54_page_1.jpeg,54,1,2,2,3,0,3x4
img_55_page_0.jpeg,LPAE_10518_hr,augmentation_padding_extra_large/img_55_page_0.jpeg,55,0,1,2,6,0,6x2
img_56_page_0.jpeg,LPAE_10564_hr,augmentation_padding_extra_large/img_56_page_0.jpeg,56,0,1,2,6,0,6x2
img_57_page_0.jpeg,LPAE_06282_hr,augmentation_padding_extra_large/img_57_page_0.jpeg,57,0,1,1,12,0,12x1
img_58_page_0.jpeg,LPAE_10943_hr,augmentation_padding_extra_large/img_58_page_0.jpeg,58,0,1,4,3,0,3x4
img_59_page_0.jpeg,LPAE_18073_hr,augmentation_padding_extra_large/img_59_page_0.jpeg,59,0,1,2,6,0,6x2
img_60_page_0.jpeg,LPAE_11397_hr,augmentation_padding_extra_large/img_60_page_0.jpeg,60,0,1,2,6,0,6x2
img_61_page_0.jpeg,LPAE_05944_hr,augmentation_padding_extra_large/img_61_page_0.jpeg,61,0,1,2,6,1,6x2+1R
img_62_page_0.jpeg,LPAE_04733_hr,augmentation_padding_extra_large/img_62_page_0.jpeg,62,0,1,4,3,1,3x4+1R
img_63_page_0.jpeg,LPAE_10986_hr,augmentation_padding_extra_large/img_63_page_0.jpeg,63,0,1,4,3,0,3x4
img_64_page_0.jpeg,LPAE_18227_hr,augmentation_padding_extra_large/img_64_page_0.jpeg,64,0,1,2,6,0,6x2
img_65_page_0.jpeg,LPAE_18552_hr,augmentation_padding_extra_large/img_65_page_0.jpeg,65,0,1,2,6,0,6x2
img_66_page_0.jpeg,LPAE_11498_hr,augmentation_padding_extra_large/img_66_page_0.jpeg,66,0,1,4,3,1,3x4+1R
img_67_page_0.jpeg,LPAE_01805_hr,augmentation_padding_extra_large/img_67_page_0.jpeg,67,0,1,4,3,0,3x4
img_68_page_0.jpeg,LPAE_18945_hr,augmentation_padding_extra_large/img_68_page_0.jpeg,68,0,1,4,3,1,3x4+1R
img_69_page_0.jpeg,LPAE_12186_hr,augmentation_padding_extra_large/img_69_page_0.jpeg,69,0,1,4,3,0,3x4
img_70_page_0.jpeg,LPAE_04794_hr,augmentation_padding_extra_large/img_70_page_0.jpeg,70,0,1,1,12,0,12x1
img_71_page_0.jpeg,LPAE_12190_hr,augmentation_padding_extra_large/img_71_page_0.jpeg,71,0,1,4,3,1,3x4+1R
img_72_page_0.jpeg,LPAE_12432_hr,augmentation_padding_extra_large/img_72_page_0.jpeg,72,0,1,4,3,1,3x4+1R
img_73_page_0.jpeg,LPAE_19036_hr,augmentation_padding_extra_large/img_73_page_0.jpeg,73,0,1,2,6,0,6x2
img_74_page_0.jpeg,LPAE_12629_hr,augmentation_padding_extra_large/img_74_page_0.jpeg,74,0,1,4,3,1,3x4+1R
img_75_page_0.jpeg,LPAE_02444_hr,augmentation_padding_extra_large/img_75_page_0.jpeg,75,0,2,1,6,0,6x2
img_75_page_1.jpeg,LPAE_02444_hr,augmentation_padding_extra_large/img_75_page_1.jpeg,75,1,2,1,6,0,6x2
img_76_page_0.jpeg,LPAE_17345_hr,augmentation_padding_extra_large/img_76_page_0.jpeg,76,0,1,2,6,0,6x2
img_77_page_0.jpeg,LPAE_06303_hr,augmentation_padding_extra_large/img_77_page_0.jpeg,77,0,1,4,3,0,3x4
img_78_page_0.jpeg,LPAE_13851_hr,augmentation_padding_extra_large/img_78_page_0.jpeg,78,0,1,2,6,0,6x2
img_79_page_0.jpeg,LPAE_13962_hr,augmentation_padding_extra_large/img_79_page_0.jpeg,79,0,1,2,6,0,6x2
img_80_page_0.jpeg,LPAE_19394_hr,augmentation_padding_extra_large/img_80_page_0.jpeg,80,0,1,4,3,1,3x4+1R
img_81_page_0.jpeg,LPAE_00232_hr,augmentation_padding_extra_large/img_81_page_0.jpeg,81,0,1,4,3,1,3x4+1R
img_82_page_0.jpeg,LPAE_19269_hr,augmentation_padding_extra_large/img_82_page_0.jpeg,82,0,1,4,3,1,3x4+1R
img_83_page_0.jpeg,LPAE_20117_hr,augmentation_padding_extra_large/img_83_page_0.jpeg,83,0,1,4,3,3,3x4+3R
img_84_page_0.jpeg,LPAE_19164_hr,augmentation_padding_extra_large/img_84_page_0.jpeg,84,0,1,4,3,1,3x4+1R
img_85_page_0.jpeg,LPAE_19686_hr,augmentation_padding_extra_large/img_85_page_0.jpeg,85,0,1,4,3,1,3x4+1R
img_86_page_0.jpeg,LPAE_19968_hr,augmentation_padding_extra_large/img_86_page_0.jpeg,86,0,1,2,6,0,6x2
img_87_page_0.jpeg,LPAE_19288_hr,augmentation_padding_extra_large/img_87_page_0.jpeg,87,0,1,2,6,0,6x2
img_88_page_0.jpeg,LPAE_14304_hr,augmentation_padding_extra_large/img_88_page_0.jpeg,88,0,4,1,3,0,3x4
img_88_page_1.jpeg,LPAE_14304_hr,augmentation_padding_extra_large/img_88_page_1.jpeg,88,1,4,1,3,0,3x4
img_88_page_2.jpeg,LPAE_14304_hr,augmentation_padding_extra_large/img_88_page_2.jpeg,88,2,4,1,3,0,3x4
img_88_page_3.jpeg,LPAE_14304_hr,augmentation_padding_extra_large/img_88_page_3.jpeg,88,3,4,1,3,0,3x4
img_89_page_0.jpeg,LPAE_19309_hr,augmentation_padding_extra_large/img_89_page_0.jpeg,89,0,2,2,3,0,3x4
img_89_page_1.jpeg,LPAE_19309_hr,augmentation_padding_extra_large/img_89_page_1.jpeg,89,1,2,2,3,0,3x4
img_90_page_0.jpeg,LPAE_14641_hr,augmentation_padding_extra_large/img_90_page_0.jpeg,90,0,1,2,6,0,6x2
img_91_page_0.jpeg,LPAE_15477_hr,augmentation_padding_extra_large/img_91_page_0.jpeg,91,0,1,4,3,1,3x4+1R
img_92_page_0.jpeg,LPAE_14680_hr,augmentation_padding_extra_large/img_92_page_0.jpeg,92,0,1,4,3,1,3x4+1R
img_93_page_0.jpeg,LPAE_15368_hr,augmentation_padding_extra_large/img_93_page_0.jpeg,93,0,1,2,6,1,6x2+1R
img_94_page_0.jpeg,LPAE_19138_hr,augmentation_padding_extra_large/img_94_page_0.jpeg,94,0,1,1,12,0,12x1
img_95_page_0.jpeg,LPAE_15529_hr,augmentation_padding_extra_large/img_95_page_0.jpeg,95,0,1,2,6,0,6x2
img_96_page_0.jpeg,LPAE_15607_hr,augmentation_padding_extra_large/img_96_page_0.jpeg,96,0,4,1,3,0,3x4
img_96_page_1.jpeg,LPAE_15607_hr,augmentation_padding_extra_large/img_96_page_1.jpeg,96,1,4,1,3,0,3x4
img_96_page_2.jpeg,LPAE_15607_hr,augmentation_padding_extra_large/img_96_page_2.jpeg,96,2,4,1,3,0,3x4
img_96_page_3.jpeg,LPAE_15607_hr,augmentation_padding_extra_large/img_96_page_3.jpeg,96,3,4,1,3,0,3x4
img_97_page_0.jpeg,LPAE_19202_hr,augmentation_padding_extra_large/img_97_page_0.jpeg,97,0,1,1,12,0,12x1
img_98_page_0.jpeg,LPAE_16212_hr,augmentation_padding_extra_large/img_98_page_0.jpeg,98,0,1,4,3,3,3x4+3R
img_99_page_0.jpeg,LPAE_19326_hr,augmentation_padding_extra_large/img_99_page_0.jpeg,99,0,1,2,6,0,6x2
img_100_page_0.jpeg,LPAE_20139_hr,augmentation_padding_extra_large/img_100_page_0.jpeg,100,0,1,4,3,3,3x4+3R
img_1_page_0.jpeg,LPAE_11666_hr,augmentation_padding_large/img_1_page_0.jpeg,1,0,2,1,6,0,6x2
img_1_page_1.jpeg,LPAE_11666_hr,augmentation_padding_large/img_1_page_1.jpeg,1,1,2,1,6,0,6x2
img_2_page_0.jpeg,LPAE_11209_hr,augmentation_padding_large/img_2_page_0.jpeg,2,0,1,1,12,0,12x1
img_3_page_0.jpeg,LPAE_14009_hr,augmentation_padding_large/img_3_page_0.jpeg,3,0,1,1,12,0,12x1
img_4_page_0.jpeg,LPAE_20999_hr,augmentation_padding_large/img_4_page_0.jpeg,4,0,1,4,3,1,3x4+1R
img_5_page_0.jpeg,LPAE_21515_hr,augmentation_padding_large/img_5_page_0.jpeg,5,0,1,2,6,0,6x2
img_6_page_0.jpeg,LPAE_02926_hr,augmentation_padding_large/img_6_page_0.jpeg,6,0,1,1,12,0,12x1
img_7_page_0.jpeg,LPAE_21541_hr,augmentation_padding_large/img_7_page_0.jpeg,7,0,1,2,6,0,6x2
img_8_page_0.jpeg,LPAE_05432_hr,augmentation_padding_large/img_8_page_0.jpeg,8,0,1,4,3,3,3x4+3R
img_9_page_0.jpeg,LPAE_20159_hr,augmentation_padding_large/img_9_page_0.jpeg,9,0,1,2,6,0,6x2
img_10_page_0.jpeg,LPAE_04827_hr,augmentation_padding_large/img_10_page_0.jpeg,10,0,1,4,3,1,3x4+1R
img_11_page_0.jpeg,LPAE_06229_hr,augmentation_padding_large/img_11_page_0.jpeg,11,0,1,2,6,0,6x2
img_12_page_0.jpeg,LPAE_10505_hr,augmentation_padding_large/img_12_page_0.jpeg,12,0,1,4,3,3,3x4+3R
img_13_page_0.jpeg,LPAE_10300_hr,augmentation_padding_large/img_13_page_0.jpeg,13,0,1,2,6,0,6x2
img_14_page_0.jpeg,LPAE_17226_hr,augmentation_padding_large/img_14_page_0.jpeg,14,0,1,4,3,1,3x4+1R
img_15_page_0.jpeg,LPAE_05742_hr,augmentation_padding_large/img_15_page_0.jpeg,15,0,1,4,3,1,3x4+1R
img_16_page_0.jpeg,LPAE_19550_hr,augmentation_padding_large/img_16_page_0.jpeg,16,0,1,4,3,1,3x4+1R
img_17_page_0.jpeg,LPAE_06918_hr,augmentation_padding_large/img_17_page_0.jpeg,17,0,1,4,3,1,3x4+1R
img_18_page_0.jpeg,LPAE_12879_hr,augmentation_padding_large/img_18_page_0.jpeg,18,0,1,1,12,0,12x1
img_19_page_0.jpeg,LPAE_20790_hr,augmentation_padding_large/img_19_page_0.jpeg,19,0,1,2,6,1,6x2+1R
img_20_page_0.jpeg,LPAE_20947_hr,augmentation_padding_large/img_20_page_0.jpeg,20,0,1,4,3,0,3x4
img_21_page_0.jpeg,LPAE_20515_hr,augmentation_padding_large/img_21_page_0.jpeg,21,0,1,2,6,0,6x2
img_22_page_0.jpeg,LPAE_06846_hr,augmentation_padding_large/img_22_page_0.jpeg,22,0,1,4,3,1,3x4+1R
img_23_page_0.jpeg,LPAE_04957_hr,augmentation_padding_large/img_23_page_0.jpeg,23,0,1,2,6,0,6x2
img_24_page_0.jpeg,LPAE_14819_hr,augmentation_padding_large/img_24_page_0.jpeg,24,0,1,4,3,0,3x4
img_25_page_0.jpeg,LPAE_05441_hr,augmentation_padding_large/img_25_page_0.jpeg,25,0,1,1,12,0,12x1
img_26_page_0.jpeg,LPAE_20971_hr,augmentation_padding_large/img_26_page_0.jpeg,26,0,1,4,3,1,3x4+1R
img_27_page_0.jpeg,LPAE_20680_hr,augmentation_padding_large/img_27_page_0.jpeg,27,0,1,4,3,0,3x4
img_28_page_0.jpeg,LPAE_07250_hr,augmentation_padding_large/img_28_page_0.jpeg,28,0,1,4,3,1,3x4+1R
img_29_page_0.jpeg,LPAE_20748_hr,augmentation_padding_large/img_29_page_0.jpeg,29,0,1,4,3,1,3x4+1R
img_30_page_0.jpeg,LPAE_06938_hr,augmentation_padding_large/img_30_page_0.jpeg,30,0,1,2,6,1,6x2+1R
img_31_page_0.jpeg,LPAE_20367_hr,augmentation_padding_large/img_31_page_0.jpeg,31,0,1,4,3,1,3x4+1R
img_32_page_0.jpeg,LPAE_07285_hr,augmentation_padding_large/img_32_page_0.jpeg,32,0,1,4,3,0,3x4
img_33_page_0.jpeg,LPAE_07299_hr,augmentation_padding_large/img_33_page_0.jpeg,33,0,1,2,6,0,6x2
img_34_page_0.jpeg,LPAE_21629_hr,augmentation_padding_large/img_34_page_0.jpeg,34,0,1,2,6,0,6x2
img_35_page_0.jpeg,LPAE_07596_hr,augmentation_padding_large/img_35_page_0.jpeg,35,0,1,2,6,0,6x2
img_36_page_0.jpeg,LPAE_10555_hr,augmentation_padding_large/img_36_page_0.jpeg,36,0,1,4,3,0,3x4
img_37_page_0.jpeg,LPAE_21468_hr,augmentation_padding_large/img_37_page_0.jpeg,37,0,1,4,3,1,3x4+1R
img_38_page_0.jpeg,LPAE_08885_hr,augmentation_padding_large/img_38_page_0.jpeg,38,0,1,4,3,3,3x4+3R
img_39_page_0.jpeg,LPAE_09331_hr,augmentation_padding_large/img_39_page_0.jpeg,39,0,1,2,6,0,6x2
img_40_page_0.jpeg,LPAE_09275_hr,augmentation_padding_large/img_40_page_0.jpeg,40,0,1,4,3,1,3x4+1R
img_41_page_0.jpeg,LPAE_20243_hr,augmentation_padding_large/img_41_page_0.jpeg,41,0,1,2,6,0,6x2
img_42_page_0.jpeg,LPAE_09545_hr,augmentation_padding_large/img_42_page_0.jpeg,42,0,1,4,3,1,3x4+1R
img_43_page_0.jpeg,LPAE_09754_hr,augmentation_padding_large/img_43_page_0.jpeg,43,0,1,4,3,1,3x4+1R
img_44_page_0.jpeg,LPAE_17637_hr,augmentation_padding_large/img_44_page_0.jpeg,44,0,1,4,3,0,3x4
img_45_page_0.jpeg,LPAE_17118_hr,augmentation_padding_large/img_45_page_0.jpeg,45,0,1,2,6,0,6x2
img_46_page_0.jpeg,LPAE_10306_hr,augmentation_padding_large/img_46_page_0.jpeg,46,0,1,4,3,1,3x4+1R
img_47_page_0.jpeg,LPAE_10266_hr,augmentation_padding_large/img_47_page_0.jpeg,47,0,1,4,3,3,3x4+3R
img_48_page_0.jpeg,LPAE_08007_hr,augmentation_padding_large/img_48_page_0.jpeg,48,0,1,2,6,0,6x2
img_49_page_0.jpeg,LPAE_08962_hr,augmentation_padding_large/img_49_page_0.jpeg,49,0,1,2,6,0,6x2
img_50_page_0.jpeg,LPAE_16895_hr,augmentation_padding_large/img_50_page_0.jpeg,50,0,1,4,3,0,3x4
img_51_page_0.jpeg,LPAE_05359_hr,augmentation_padding_large/img_51_page_0.jpeg,51,0,1,4,3,0,3x4
img_52_page_0.jpeg,LPAE_10554_hr,augmentation_padding_large/img_52_page_0.jpeg,52,0,1,2,6,1,6x2+1R
img_53_page_0.jpeg,LPAE_10598_hr,augmentation_padding_large/img_53_page_0.jpeg,53,0,1,2,6,0,6x2
img_54_page_0.jpeg,LPAE_17269_hr,augmentation_padding_large/img_54_page_0.jpeg,54,0,2,2,3,0,3x4
img_54_page_1.jpeg,LPAE_17269_hr,augmentation_padding_large/img_54_page_1.jpeg,54,1,2,2,3,0,3x4
img_55_page_0.jpeg,LPAE_10518_hr,augmentation_padding_large/img_55_page_0.jpeg,55,0,1,2,6,0,6x2
img_56_page_0.jpeg,LPAE_10564_hr,augmentation_padding_large/img_56_page_0.jpeg,56,0,1,2,6,0,6x2
img_57_page_0.jpeg,LPAE_06282_hr,augmentation_padding_large/img_57_page_0.jpeg,57,0,1,1,12,0,12x1
img_58_page_0.jpeg,LPAE_10943_hr,augmentation_padding_large/img_58_page_0.jpeg,58,0,1,4,3,0,3x4
img_59_page_0.jpeg,LPAE_18073_hr,augmentation_padding_large/img_59_page_0.jpeg,59,0,1,2,6,0,6x2
img_60_page_0.jpeg,LPAE_11397_hr,augmentation_padding_large/img_60_page_0.jpeg,60,0,1,2,6,0,6x2
img_61_page_0.jpeg,LPAE_05944_hr,augmentation_padding_large/img_61_page_0.jpeg,61,0,1,2,6,1,6x2+1R
img_62_page_0.jpeg,LPAE_04733_hr,augmentation_padding_large/img_62_page_0.jpeg,62,0,1,4,3,1,3x4+1R
img_63_page_0.jpeg,LPAE_10986_hr,augmentation_padding_large/img_63_page_0.jpeg,63,0,1,4,3,0,3x4
img_64_page_0.jpeg,LPAE_18227_hr,augmentation_padding_large/img_64_page_0.jpeg,64,0,1,2,6,0,6x2
img_65_page_0.jpeg,LPAE_18552_hr,augmentation_padding_large/img_65_page_0.jpeg,65,0,1,2,6,0,6x2
img_66_page_0.jpeg,LPAE_11498_hr,augmentation_padding_large/img_66_page_0.jpeg,66,0,1,4,3,1,3x4+1R
img_67_page_0.jpeg,LPAE_01805_hr,augmentation_padding_large/img_67_page_0.jpeg,67,0,1,4,3,0,3x4
img_68_page_0.jpeg,LPAE_18945_hr,augmentation_padding_large/img_68_page_0.jpeg,68,0,1,4,3,1,3x4+1R
img_69_page_0.jpeg,LPAE_12186_hr,augmentation_padding_large/img_69_page_0.jpeg,69,0,1,4,3,0,3x4
img_70_page_0.jpeg,LPAE_04794_hr,augmentation_padding_large/img_70_page_0.jpeg,70,0,1,1,12,0,12x1
img_71_page_0.jpeg,LPAE_12190_hr,augmentation_padding_large/img_71_page_0.jpeg,71,0,1,4,3,1,3x4+1R
img_72_page_0.jpeg,LPAE_12432_hr,augmentation_padding_large/img_72_page_0.jpeg,72,0,1,4,3,1,3x4+1R
img_73_page_0.jpeg,LPAE_19036_hr,augmentation_padding_large/img_73_page_0.jpeg,73,0,1,2,6,0,6x2
img_74_page_0.jpeg,LPAE_12629_hr,augmentation_padding_large/img_74_page_0.jpeg,74,0,1,4,3,1,3x4+1R
img_75_page_0.jpeg,LPAE_02444_hr,augmentation_padding_large/img_75_page_0.jpeg,75,0,2,1,6,0,6x2
img_75_page_1.jpeg,LPAE_02444_hr,augmentation_padding_large/img_75_page_1.jpeg,75,1,2,1,6,0,6x2
img_76_page_0.jpeg,LPAE_17345_hr,augmentation_padding_large/img_76_page_0.jpeg,76,0,1,2,6,0,6x2
img_77_page_0.jpeg,LPAE_06303_hr,augmentation_padding_large/img_77_page_0.jpeg,77,0,1,4,3,0,3x4
img_78_page_0.jpeg,LPAE_13851_hr,augmentation_padding_large/img_78_page_0.jpeg,78,0,1,2,6,0,6x2
img_79_page_0.jpeg,LPAE_13962_hr,augmentation_padding_large/img_79_page_0.jpeg,79,0,1,2,6,0,6x2
img_80_page_0.jpeg,LPAE_19394_hr,augmentation_padding_large/img_80_page_0.jpeg,80,0,1,4,3,1,3x4+1R
img_81_page_0.jpeg,LPAE_00232_hr,augmentation_padding_large/img_81_page_0.jpeg,81,0,1,4,3,1,3x4+1R
img_82_page_0.jpeg,LPAE_19269_hr,augmentation_padding_large/img_82_page_0.jpeg,82,0,1,4,3,1,3x4+1R
img_83_page_0.jpeg,LPAE_20117_hr,augmentation_padding_large/img_83_page_0.jpeg,83,0,1,4,3,3,3x4+3R
img_84_page_0.jpeg,LPAE_19164_hr,augmentation_padding_large/img_84_page_0.jpeg,84,0,1,4,3,1,3x4+1R
img_85_page_0.jpeg,LPAE_19686_hr,augmentation_padding_large/img_85_page_0.jpeg,85,0,1,4,3,1,3x4+1R
img_86_page_0.jpeg,LPAE_19968_hr,augmentation_padding_large/img_86_page_0.jpeg,86,0,1,2,6,0,6x2
img_87_page_0.jpeg,LPAE_19288_hr,augmentation_padding_large/img_87_page_0.jpeg,87,0,1,2,6,0,6x2
img_88_page_0.jpeg,LPAE_14304_hr,augmentation_padding_large/img_88_page_0.jpeg,88,0,4,1,3,0,3x4
img_88_page_1.jpeg,LPAE_14304_hr,augmentation_padding_large/img_88_page_1.jpeg,88,1,4,1,3,0,3x4
img_88_page_2.jpeg,LPAE_14304_hr,augmentation_padding_large/img_88_page_2.jpeg,88,2,4,1,3,0,3x4
img_88_page_3.jpeg,LPAE_14304_hr,augmentation_padding_large/img_88_page_3.jpeg,88,3,4,1,3,0,3x4
img_89_page_0.jpeg,LPAE_19309_hr,augmentation_padding_large/img_89_page_0.jpeg,89,0,2,2,3,0,3x4
img_89_page_1.jpeg,LPAE_19309_hr,augmentation_padding_large/img_89_page_1.jpeg,89,1,2,2,3,0,3x4
img_90_page_0.jpeg,LPAE_14641_hr,augmentation_padding_large/img_90_page_0.jpeg,90,0,1,2,6,0,6x2
img_91_page_0.jpeg,LPAE_15477_hr,augmentation_padding_large/img_91_page_0.jpeg,91,0,1,4,3,1,3x4+1R
img_92_page_0.jpeg,LPAE_14680_hr,augmentation_padding_large/img_92_page_0.jpeg,92,0,1,4,3,1,3x4+1R
img_93_page_0.jpeg,LPAE_15368_hr,augmentation_padding_large/img_93_page_0.jpeg,93,0,1,2,6,1,6x2+1R
img_94_page_0.jpeg,LPAE_19138_hr,augmentation_padding_large/img_94_page_0.jpeg,94,0,1,1,12,0,12x1
img_95_page_0.jpeg,LPAE_15529_hr,augmentation_padding_large/img_95_page_0.jpeg,95,0,1,2,6,0,6x2
img_96_page_0.jpeg,LPAE_15607_hr,augmentation_padding_large/img_96_page_0.jpeg,96,0,4,1,3,0,3x4
img_96_page_1.jpeg,LPAE_15607_hr,augmentation_padding_large/img_96_page_1.jpeg,96,1,4,1,3,0,3x4
img_96_page_2.jpeg,LPAE_15607_hr,augmentation_padding_large/img_96_page_2.jpeg,96,2,4,1,3,0,3x4
img_96_page_3.jpeg,LPAE_15607_hr,augmentation_padding_large/img_96_page_3.jpeg,96,3,4,1,3,0,3x4
img_97_page_0.jpeg,LPAE_19202_hr,augmentation_padding_large/img_97_page_0.jpeg,97,0,1,1,12,0,12x1
img_98_page_0.jpeg,LPAE_16212_hr,augmentation_padding_large/img_98_page_0.jpeg,98,0,1,4,3,3,3x4+3R
img_99_page_0.jpeg,LPAE_19326_hr,augmentation_padding_large/img_99_page_0.jpeg,99,0,1,2,6,0,6x2
img_100_page_0.jpeg,LPAE_20139_hr,augmentation_padding_large/img_100_page_0.jpeg,100,0,1,4,3,3,3x4+3R
img_1_page_0.jpeg,LPAE_11666_hr,augmentation_padding_medium/img_1_page_0.jpeg,1,0,2,1,6,0,6x2
img_1_page_1.jpeg,LPAE_11666_hr,augmentation_padding_medium/img_1_page_1.jpeg,1,1,2,1,6,0,6x2
img_2_page_0.jpeg,LPAE_11209_hr,augmentation_padding_medium/img_2_page_0.jpeg,2,0,1,1,12,0,12x1
img_3_page_0.jpeg,LPAE_14009_hr,augmentation_padding_medium/img_3_page_0.jpeg,3,0,1,1,12,0,12x1
img_4_page_0.jpeg,LPAE_20999_hr,augmentation_padding_medium/img_4_page_0.jpeg,4,0,1,4,3,1,3x4+1R
img_5_page_0.jpeg,LPAE_21515_hr,augmentation_padding_medium/img_5_page_0.jpeg,5,0,1,2,6,0,6x2
img_6_page_0.jpeg,LPAE_02926_hr,augmentation_padding_medium/img_6_page_0.jpeg,6,0,1,1,12,0,12x1
img_7_page_0.jpeg,LPAE_21541_hr,augmentation_padding_medium/img_7_page_0.jpeg,7,0,1,2,6,0,6x2
img_8_page_0.jpeg,LPAE_05432_hr,augmentation_padding_medium/img_8_page_0.jpeg,8,0,1,4,3,3,3x4+3R
img_9_page_0.jpeg,LPAE_20159_hr,augmentation_padding_medium/img_9_page_0.jpeg,9,0,1,2,6,0,6x2
img_10_page_0.jpeg,LPAE_04827_hr,augmentation_padding_medium/img_10_page_0.jpeg,10,0,1,4,3,1,3x4+1R
img_11_page_0.jpeg,LPAE_06229_hr,augmentation_padding_medium/img_11_page_0.jpeg,11,0,1,2,6,0,6x2
img_12_page_0.jpeg,LPAE_10505_hr,augmentation_padding_medium/img_12_page_0.jpeg,12,0,1,4,3,3,3x4+3R
img_13_page_0.jpeg,LPAE_10300_hr,augmentation_padding_medium/img_13_page_0.jpeg,13,0,1,2,6,0,6x2
img_14_page_0.jpeg,LPAE_17226_hr,augmentation_padding_medium/img_14_page_0.jpeg,14,0,1,4,3,1,3x4+1R
img_15_page_0.jpeg,LPAE_05742_hr,augmentation_padding_medium/img_15_page_0.jpeg,15,0,1,4,3,1,3x4+1R
img_16_page_0.jpeg,LPAE_19550_hr,augmentation_padding_medium/img_16_page_0.jpeg,16,0,1,4,3,1,3x4+1R
img_17_page_0.jpeg,LPAE_06918_hr,augmentation_padding_medium/img_17_page_0.jpeg,17,0,1,4,3,1,3x4+1R
img_18_page_0.jpeg,LPAE_12879_hr,augmentation_padding_medium/img_18_page_0.jpeg,18,0,1,1,12,0,12x1
img_19_page_0.jpeg,LPAE_20790_hr,augmentation_padding_medium/img_19_page_0.jpeg,19,0,1,2,6,1,6x2+1R
img_20_page_0.jpeg,LPAE_20947_hr,augmentation_padding_medium/img_20_page_0.jpeg,20,0,1,4,3,0,3x4
img_21_page_0.jpeg,LPAE_20515_hr,augmentation_padding_medium/img_21_page_0.jpeg,21,0,1,2,6,0,6x2
img_22_page_0.jpeg,LPAE_06846_hr,augmentation_padding_medium/img_22_page_0.jpeg,22,0,1,4,3,1,3x4+1R
img_23_page_0.jpeg,LPAE_04957_hr,augmentation_padding_medium/img_23_page_0.jpeg,23,0,1,2,6,0,6x2
img_24_page_0.jpeg,LPAE_14819_hr,augmentation_padding_medium/img_24_page_0.jpeg,24,0,1,4,3,0,3x4
img_25_page_0.jpeg,LPAE_05441_hr,augmentation_padding_medium/img_25_page_0.jpeg,25,0,1,1,12,0,12x1
img_26_page_0.jpeg,LPAE_20971_hr,augmentation_padding_medium/img_26_page_0.jpeg,26,0,1,4,3,1,3x4+1R
img_27_page_0.jpeg,LPAE_20680_hr,augmentation_padding_medium/img_27_page_0.jpeg,27,0,1,4,3,0,3x4
img_28_page_0.jpeg,LPAE_07250_hr,augmentation_padding_medium/img_28_page_0.jpeg,28,0,1,4,3,1,3x4+1R
img_29_page_0.jpeg,LPAE_20748_hr,augmentation_padding_medium/img_29_page_0.jpeg,29,0,1,4,3,1,3x4+1R
img_30_page_0.jpeg,LPAE_06938_hr,augmentation_padding_medium/img_30_page_0.jpeg,30,0,1,2,6,1,6x2+1R
img_31_page_0.jpeg,LPAE_20367_hr,augmentation_padding_medium/img_31_page_0.jpeg,31,0,1,4,3,1,3x4+1R
img_32_page_0.jpeg,LPAE_07285_hr,augmentation_padding_medium/img_32_page_0.jpeg,32,0,1,4,3,0,3x4
img_33_page_0.jpeg,LPAE_07299_hr,augmentation_padding_medium/img_33_page_0.jpeg,33,0,1,2,6,0,6x2
img_34_page_0.jpeg,LPAE_21629_hr,augmentation_padding_medium/img_34_page_0.jpeg,34,0,1,2,6,0,6x2
img_35_page_0.jpeg,LPAE_07596_hr,augmentation_padding_medium/img_35_page_0.jpeg,35,0,1,2,6,0,6x2
img_36_page_0.jpeg,LPAE_10555_hr,augmentation_padding_medium/img_36_page_0.jpeg,36,0,1,4,3,0,3x4
img_37_page_0.jpeg,LPAE_21468_hr,augmentation_padding_medium/img_37_page_0.jpeg,37,0,1,4,3,1,3x4+1R
img_38_page_0.jpeg,LPAE_08885_hr,augmentation_padding_medium/img_38_page_0.jpeg,38,0,1,4,3,3,3x4+3R
img_39_page_0.jpeg,LPAE_09331_hr,augmentation_padding_medium/img_39_page_0.jpeg,39,0,1,2,6,0,6x2
img_40_page_0.jpeg,LPAE_09275_hr,augmentation_padding_medium/img_40_page_0.jpeg,40,0,1,4,3,1,3x4+1R
img_41_page_0.jpeg,LPAE_20243_hr,augmentation_padding_medium/img_41_page_0.jpeg,41,0,1,2,6,0,6x2
img_42_page_0.jpeg,LPAE_09545_hr,augmentation_padding_medium/img_42_page_0.jpeg,42,0,1,4,3,1,3x4+1R
img_43_page_0.jpeg,LPAE_09754_hr,augmentation_padding_medium/img_43_page_0.jpeg,43,0,1,4,3,1,3x4+1R
img_44_page_0.jpeg,LPAE_17637_hr,augmentation_padding_medium/img_44_page_0.jpeg,44,0,1,4,3,0,3x4
img_45_page_0.jpeg,LPAE_17118_hr,augmentation_padding_medium/img_45_page_0.jpeg,45,0,1,2,6,0,6x2
img_46_page_0.jpeg,LPAE_10306_hr,augmentation_padding_medium/img_46_page_0.jpeg,46,0,1,4,3,1,3x4+1R
img_47_page_0.jpeg,LPAE_10266_hr,augmentation_padding_medium/img_47_page_0.jpeg,47,0,1,4,3,3,3x4+3R
img_48_page_0.jpeg,LPAE_08007_hr,augmentation_padding_medium/img_48_page_0.jpeg,48,0,1,2,6,0,6x2
img_49_page_0.jpeg,LPAE_08962_hr,augmentation_padding_medium/img_49_page_0.jpeg,49,0,1,2,6,0,6x2
img_50_page_0.jpeg,LPAE_16895_hr,augmentation_padding_medium/img_50_page_0.jpeg,50,0,1,4,3,0,3x4
img_51_page_0.jpeg,LPAE_05359_hr,augmentation_padding_medium/img_51_page_0.jpeg,51,0,1,4,3,0,3x4
img_52_page_0.jpeg,LPAE_10554_hr,augmentation_padding_medium/img_52_page_0.jpeg,52,0,1,2,6,1,6x2+1R
img_53_page_0.jpeg,LPAE_10598_hr,augmentation_padding_medium/img_53_page_0.jpeg,53,0,1,2,6,0,6x2
img_54_page_0.jpeg,LPAE_17269_hr,augmentation_padding_medium/img_54_page_0.jpeg,54,0,2,2,3,0,3x4
img_54_page_1.jpeg,LPAE_17269_hr,augmentation_padding_medium/img_54_page_1.jpeg,54,1,2,2,3,0,3x4
img_55_page_0.jpeg,LPAE_10518_hr,augmentation_padding_medium/img_55_page_0.jpeg,55,0,1,2,6,0,6x2
img_56_page_0.jpeg,LPAE_10564_hr,augmentation_padding_medium/img_56_page_0.jpeg,56,0,1,2,6,0,6x2
img_57_page_0.jpeg,LPAE_06282_hr,augmentation_padding_medium/img_57_page_0.jpeg,57,0,1,1,12,0,12x1
img_58_page_0.jpeg,LPAE_10943_hr,augmentation_padding_medium/img_58_page_0.jpeg,58,0,1,4,3,0,3x4
img_59_page_0.jpeg,LPAE_18073_hr,augmentation_padding_medium/img_59_page_0.jpeg,59,0,1,2,6,0,6x2
img_60_page_0.jpeg,LPAE_11397_hr,augmentation_padding_medium/img_60_page_0.jpeg,60,0,1,2,6,0,6x2
img_61_page_0.jpeg,LPAE_05944_hr,augmentation_padding_medium/img_61_page_0.jpeg,61,0,1,2,6,1,6x2+1R
img_62_page_0.jpeg,LPAE_04733_hr,augmentation_padding_medium/img_62_page_0.jpeg,62,0,1,4,3,1,3x4+1R
img_63_page_0.jpeg,LPAE_10986_hr,augmentation_padding_medium/img_63_page_0.jpeg,63,0,1,4,3,0,3x4
img_64_page_0.jpeg,LPAE_18227_hr,augmentation_padding_medium/img_64_page_0.jpeg,64,0,1,2,6,0,6x2
img_65_page_0.jpeg,LPAE_18552_hr,augmentation_padding_medium/img_65_page_0.jpeg,65,0,1,2,6,0,6x2
img_66_page_0.jpeg,LPAE_11498_hr,augmentation_padding_medium/img_66_page_0.jpeg,66,0,1,4,3,1,3x4+1R
img_67_page_0.jpeg,LPAE_01805_hr,augmentation_padding_medium/img_67_page_0.jpeg,67,0,1,4,3,0,3x4
img_68_page_0.jpeg,LPAE_18945_hr,augmentation_padding_medium/img_68_page_0.jpeg,68,0,1,4,3,1,3x4+1R
img_69_page_0.jpeg,LPAE_12186_hr,augmentation_padding_medium/img_69_page_0.jpeg,69,0,1,4,3,0,3x4
img_70_page_0.jpeg,LPAE_04794_hr,augmentation_padding_medium/img_70_page_0.jpeg,70,0,1,1,12,0,12x1
img_71_page_0.jpeg,LPAE_12190_hr,augmentation_padding_medium/img_71_page_0.jpeg,71,0,1,4,3,1,3x4+1R
img_72_page_0.jpeg,LPAE_12432_hr,augmentation_padding_medium/img_72_page_0.jpeg,72,0,1,4,3,1,3x4+1R
img_73_page_0.jpeg,LPAE_19036_hr,augmentation_padding_medium/img_73_page_0.jpeg,73,0,1,2,6,0,6x2
img_74_page_0.jpeg,LPAE_12629_hr,augmentation_padding_medium/img_74_page_0.jpeg,74,0,1,4,3,1,3x4+1R
img_75_page_0.jpeg,LPAE_02444_hr,augmentation_padding_medium/img_75_page_0.jpeg,75,0,2,1,6,0,6x2
img_75_page_1.jpeg,LPAE_02444_hr,augmentation_padding_medium/img_75_page_1.jpeg,75,1,2,1,6,0,6x2
img_76_page_0.jpeg,LPAE_17345_hr,augmentation_padding_medium/img_76_page_0.jpeg,76,0,1,2,6,0,6x2
img_77_page_0.jpeg,LPAE_06303_hr,augmentation_padding_medium/img_77_page_0.jpeg,77,0,1,4,3,0,3x4
img_78_page_0.jpeg,LPAE_13851_hr,augmentation_padding_medium/img_78_page_0.jpeg,78,0,1,2,6,0,6x2
img_79_page_0.jpeg,LPAE_13962_hr,augmentation_padding_medium/img_79_page_0.jpeg,79,0,1,2,6,0,6x2
img_80_page_0.jpeg,LPAE_19394_hr,augmentation_padding_medium/img_80_page_0.jpeg,80,0,1,4,3,1,3x4+1R
img_81_page_0.jpeg,LPAE_00232_hr,augmentation_padding_medium/img_81_page_0.jpeg,81,0,1,4,3,1,3x4+1R
img_82_page_0.jpeg,LPAE_19269_hr,augmentation_padding_medium/img_82_page_0.jpeg,82,0,1,4,3,1,3x4+1R
img_83_page_0.jpeg,LPAE_20117_hr,augmentation_padding_medium/img_83_page_0.jpeg,83,0,1,4,3,3,3x4+3R
img_84_page_0.jpeg,LPAE_19164_hr,augmentation_padding_medium/img_84_page_0.jpeg,84,0,1,4,3,1,3x4+1R
img_85_page_0.jpeg,LPAE_19686_hr,augmentation_padding_medium/img_85_page_0.jpeg,85,0,1,4,3,1,3x4+1R
img_86_page_0.jpeg,LPAE_19968_hr,augmentation_padding_medium/img_86_page_0.jpeg,86,0,1,2,6,0,6x2
img_87_page_0.jpeg,LPAE_19288_hr,augmentation_padding_medium/img_87_page_0.jpeg,87,0,1,2,6,0,6x2
img_88_page_0.jpeg,LPAE_14304_hr,augmentation_padding_medium/img_88_page_0.jpeg,88,0,4,1,3,0,3x4
img_88_page_1.jpeg,LPAE_14304_hr,augmentation_padding_medium/img_88_page_1.jpeg,88,1,4,1,3,0,3x4
img_88_page_2.jpeg,LPAE_14304_hr,augmentation_padding_medium/img_88_page_2.jpeg,88,2,4,1,3,0,3x4
img_88_page_3.jpeg,LPAE_14304_hr,augmentation_padding_medium/img_88_page_3.jpeg,88,3,4,1,3,0,3x4
img_89_page_0.jpeg,LPAE_19309_hr,augmentation_padding_medium/img_89_page_0.jpeg,89,0,2,2,3,0,3x4
img_89_page_1.jpeg,LPAE_19309_hr,augmentation_padding_medium/img_89_page_1.jpeg,89,1,2,2,3,0,3x4
img_90_page_0.jpeg,LPAE_14641_hr,augmentation_padding_medium/img_90_page_0.jpeg,90,0,1,2,6,0,6x2
img_91_page_0.jpeg,LPAE_15477_hr,augmentation_padding_medium/img_91_page_0.jpeg,91,0,1,4,3,1,3x4+1R
img_92_page_0.jpeg,LPAE_14680_hr,augmentation_padding_medium/img_92_page_0.jpeg,92,0,1,4,3,1,3x4+1R
img_93_page_0.jpeg,LPAE_15368_hr,augmentation_padding_medium/img_93_page_0.jpeg,93,0,1,2,6,1,6x2+1R
img_94_page_0.jpeg,LPAE_19138_hr,augmentation_padding_medium/img_94_page_0.jpeg,94,0,1,1,12,0,12x1
img_95_page_0.jpeg,LPAE_15529_hr,augmentation_padding_medium/img_95_page_0.jpeg,95,0,1,2,6,0,6x2
img_96_page_0.jpeg,LPAE_15607_hr,augmentation_padding_medium/img_96_page_0.jpeg,96,0,4,1,3,0,3x4
img_96_page_1.jpeg,LPAE_15607_hr,augmentation_padding_medium/img_96_page_1.jpeg,96,1,4,1,3,0,3x4
img_96_page_2.jpeg,LPAE_15607_hr,augmentation_padding_medium/img_96_page_2.jpeg,96,2,4,1,3,0,3x4
img_96_page_3.jpeg,LPAE_15607_hr,augmentation_padding_medium/img_96_page_3.jpeg,96,3,4,1,3,0,3x4
img_97_page_0.jpeg,LPAE_19202_hr,augmentation_padding_medium/img_97_page_0.jpeg,97,0,1,1,12,0,12x1
img_98_page_0.jpeg,LPAE_16212_hr,augmentation_padding_medium/img_98_page_0.jpeg,98,0,1,4,3,3,3x4+3R
img_99_page_0.jpeg,LPAE_19326_hr,augmentation_padding_medium/img_99_page_0.jpeg,99,0,1,2,6,0,6x2
img_100_page_0.jpeg,LPAE_20139_hr,augmentation_padding_medium/img_100_page_0.jpeg,100,0,1,4,3,3,3x4+3R
img_1_page_0.jpeg,LPAE_11666_hr,augmentation_padding_small/img_1_page_0.jpeg,1,0,2,1,6,0,6x2
img_1_page_1.jpeg,LPAE_11666_hr,augmentation_padding_small/img_1_page_1.jpeg,1,1,2,1,6,0,6x2
img_2_page_0.jpeg,LPAE_11209_hr,augmentation_padding_small/img_2_page_0.jpeg,2,0,1,1,12,0,12x1
img_3_page_0.jpeg,LPAE_14009_hr,augmentation_padding_small/img_3_page_0.jpeg,3,0,1,1,12,0,12x1
img_4_page_0.jpeg,LPAE_20999_hr,augmentation_padding_small/img_4_page_0.jpeg,4,0,1,4,3,1,3x4+1R
img_5_page_0.jpeg,LPAE_21515_hr,augmentation_padding_small/img_5_page_0.jpeg,5,0,1,2,6,0,6x2
img_6_page_0.jpeg,LPAE_02926_hr,augmentation_padding_small/img_6_page_0.jpeg,6,0,1,1,12,0,12x1
img_7_page_0.jpeg,LPAE_21541_hr,augmentation_padding_small/img_7_page_0.jpeg,7,0,1,2,6,0,6x2
img_8_page_0.jpeg,LPAE_05432_hr,augmentation_padding_small/img_8_page_0.jpeg,8,0,1,4,3,3,3x4+3R
img_9_page_0.jpeg,LPAE_20159_hr,augmentation_padding_small/img_9_page_0.jpeg,9,0,1,2,6,0,6x2
img_10_page_0.jpeg,LPAE_04827_hr,augmentation_padding_small/img_10_page_0.jpeg,10,0,1,4,3,1,3x4+1R
img_11_page_0.jpeg,LPAE_06229_hr,augmentation_padding_small/img_11_page_0.jpeg,11,0,1,2,6,0,6x2
img_12_page_0.jpeg,LPAE_10505_hr,augmentation_padding_small/img_12_page_0.jpeg,12,0,1,4,3,3,3x4+3R
img_13_page_0.jpeg,LPAE_10300_hr,augmentation_padding_small/img_13_page_0.jpeg,13,0,1,2,6,0,6x2
img_14_page_0.jpeg,LPAE_17226_hr,augmentation_padding_small/img_14_page_0.jpeg,14,0,1,4,3,1,3x4+1R
img_15_page_0.jpeg,LPAE_05742_hr,augmentation_padding_small/img_15_page_0.jpeg,15,0,1,4,3,1,3x4+1R
img_16_page_0.jpeg,LPAE_19550_hr,augmentation_padding_small/img_16_page_0.jpeg,16,0,1,4,3,1,3x4+1R
img_17_page_0.jpeg,LPAE_06918_hr,augmentation_padding_small/img_17_page_0.jpeg,17,0,1,4,3,1,3x4+1R
img_18_page_0.jpeg,LPAE_12879_hr,augmentation_padding_small/img_18_page_0.jpeg,18,0,1,1,12,0,12x1
img_19_page_0.jpeg,LPAE_20790_hr,augmentation_padding_small/img_19_page_0.jpeg,19,0,1,2,6,1,6x2+1R
img_20_page_0.jpeg,LPAE_20947_hr,augmentation_padding_small/img_20_page_0.jpeg,20,0,1,4,3,0,3x4
img_21_page_0.jpeg,LPAE_20515_hr,augmentation_padding_small/img_21_page_0.jpeg,21,0,1,2,6,0,6x2
img_22_page_0.jpeg,LPAE_06846_hr,augmentation_padding_small/img_22_page_0.jpeg,22,0,1,4,3,1,3x4+1R
img_23_page_0.jpeg,LPAE_04957_hr,augmentation_padding_small/img_23_page_0.jpeg,23,0,1,2,6,0,6x2
img_24_page_0.jpeg,LPAE_14819_hr,augmentation_padding_small/img_24_page_0.jpeg,24,0,1,4,3,0,3x4
img_25_page_0.jpeg,LPAE_05441_hr,augmentation_padding_small/img_25_page_0.jpeg,25,0,1,1,12,0,12x1
img_26_page_0.jpeg,LPAE_20971_hr,augmentation_padding_small/img_26_page_0.jpeg,26,0,1,4,3,1,3x4+1R
img_27_page_0.jpeg,LPAE_20680_hr,augmentation_padding_small/img_27_page_0.jpeg,27,0,1,4,3,0,3x4
img_28_page_0.jpeg,LPAE_07250_hr,augmentation_padding_small/img_28_page_0.jpeg,28,0,1,4,3,1,3x4+1R
img_29_page_0.jpeg,LPAE_20748_hr,augmentation_padding_small/img_29_page_0.jpeg,29,0,1,4,3,1,3x4+1R
img_30_page_0.jpeg,LPAE_06938_hr,augmentation_padding_small/img_30_page_0.jpeg,30,0,1,2,6,1,6x2+1R
img_31_page_0.jpeg,LPAE_20367_hr,augmentation_padding_small/img_31_page_0.jpeg,31,0,1,4,3,1,3x4+1R
img_32_page_0.jpeg,LPAE_07285_hr,augmentation_padding_small/img_32_page_0.jpeg,32,0,1,4,3,0,3x4
img_33_page_0.jpeg,LPAE_07299_hr,augmentation_padding_small/img_33_page_0.jpeg,33,0,1,2,6,0,6x2
img_34_page_0.jpeg,LPAE_21629_hr,augmentation_padding_small/img_34_page_0.jpeg,34,0,1,2,6,0,6x2
img_35_page_0.jpeg,LPAE_07596_hr,augmentation_padding_small/img_35_page_0.jpeg,35,0,1,2,6,0,6x2
img_36_page_0.jpeg,LPAE_10555_hr,augmentation_padding_small/img_36_page_0.jpeg,36,0,1,4,3,0,3x4
img_37_page_0.jpeg,LPAE_21468_hr,augmentation_padding_small/img_37_page_0.jpeg,37,0,1,4,3,1,3x4+1R
img_38_page_0.jpeg,LPAE_08885_hr,augmentation_padding_small/img_38_page_0.jpeg,38,0,1,4,3,3,3x4+3R
img_39_page_0.jpeg,LPAE_09331_hr,augmentation_padding_small/img_39_page_0.jpeg,39,0,1,2,6,0,6x2
img_40_page_0.jpeg,LPAE_09275_hr,augmentation_padding_small/img_40_page_0.jpeg,40,0,1,4,3,1,3x4+1R
img_41_page_0.jpeg,LPAE_20243_hr,augmentation_padding_small/img_41_page_0.jpeg,41,0,1,2,6,0,6x2
img_42_page_0.jpeg,LPAE_09545_hr,augmentation_padding_small/img_42_page_0.jpeg,42,0,1,4,3,1,3x4+1R
img_43_page_0.jpeg,LPAE_09754_hr,augmentation_padding_small/img_43_page_0.jpeg,43,0,1,4,3,1,3x4+1R
img_44_page_0.jpeg,LPAE_17637_hr,augmentation_padding_small/img_44_page_0.jpeg,44,0,1,4,3,0,3x4
img_45_page_0.jpeg,LPAE_17118_hr,augmentation_padding_small/img_45_page_0.jpeg,45,0,1,2,6,0,6x2
img_46_page_0.jpeg,LPAE_10306_hr,augmentation_padding_small/img_46_page_0.jpeg,46,0,1,4,3,1,3x4+1R
img_47_page_0.jpeg,LPAE_10266_hr,augmentation_padding_small/img_47_page_0.jpeg,47,0,1,4,3,3,3x4+3R
img_48_page_0.jpeg,LPAE_08007_hr,augmentation_padding_small/img_48_page_0.jpeg,48,0,1,2,6,0,6x2
img_49_page_0.jpeg,LPAE_08962_hr,augmentation_padding_small/img_49_page_0.jpeg,49,0,1,2,6,0,6x2
img_50_page_0.jpeg,LPAE_16895_hr,augmentation_padding_small/img_50_page_0.jpeg,50,0,1,4,3,0,3x4
img_51_page_0.jpeg,LPAE_05359_hr,augmentation_padding_small/img_51_page_0.jpeg,51,0,1,4,3,0,3x4
img_52_page_0.jpeg,LPAE_10554_hr,augmentation_padding_small/img_52_page_0.jpeg,52,0,1,2,6,1,6x2+1R
img_53_page_0.jpeg,LPAE_10598_hr,augmentation_padding_small/img_53_page_0.jpeg,53,0,1,2,6,0,6x2
img_54_page_0.jpeg,LPAE_17269_hr,augmentation_padding_small/img_54_page_0.jpeg,54,0,2,2,3,0,3x4
img_54_page_1.jpeg,LPAE_17269_hr,augmentation_padding_small/img_54_page_1.jpeg,54,1,2,2,3,0,3x4
img_55_page_0.jpeg,LPAE_10518_hr,augmentation_padding_small/img_55_page_0.jpeg,55,0,1,2,6,0,6x2
img_56_page_0.jpeg,LPAE_10564_hr,augmentation_padding_small/img_56_page_0.jpeg,56,0,1,2,6,0,6x2
img_57_page_0.jpeg,LPAE_06282_hr,augmentation_padding_small/img_57_page_0.jpeg,57,0,1,1,12,0,12x1
img_58_page_0.jpeg,LPAE_10943_hr,augmentation_padding_small/img_58_page_0.jpeg,58,0,1,4,3,0,3x4
img_59_page_0.jpeg,LPAE_18073_hr,augmentation_padding_small/img_59_page_0.jpeg,59,0,1,2,6,0,6x2
img_60_page_0.jpeg,LPAE_11397_hr,augmentation_padding_small/img_60_page_0.jpeg,60,0,1,2,6,0,6x2
img_61_page_0.jpeg,LPAE_05944_hr,augmentation_padding_small/img_61_page_0.jpeg,61,0,1,2,6,1,6x2+1R
img_62_page_0.jpeg,LPAE_04733_hr,augmentation_padding_small/img_62_page_0.jpeg,62,0,1,4,3,1,3x4+1R
img_63_page_0.jpeg,LPAE_10986_hr,augmentation_padding_small/img_63_page_0.jpeg,63,0,1,4,3,0,3x4
img_64_page_0.jpeg,LPAE_18227_hr,augmentation_padding_small/img_64_page_0.jpeg,64,0,1,2,6,0,6x2
img_65_page_0.jpeg,LPAE_18552_hr,augmentation_padding_small/img_65_page_0.jpeg,65,0,1,2,6,0,6x2
img_66_page_0.jpeg,LPAE_11498_hr,augmentation_padding_small/img_66_page_0.jpeg,66,0,1,4,3,1,3x4+1R
img_67_page_0.jpeg,LPAE_01805_hr,augmentation_padding_small/img_67_page_0.jpeg,67,0,1,4,3,0,3x4
img_68_page_0.jpeg,LPAE_18945_hr,augmentation_padding_small/img_68_page_0.jpeg,68,0,1,4,3,1,3x4+1R
img_69_page_0.jpeg,LPAE_12186_hr,augmentation_padding_small/img_69_page_0.jpeg,69,0,1,4,3,0,3x4
img_70_page_0.jpeg,LPAE_04794_hr,augmentation_padding_small/img_70_page_0.jpeg,70,0,1,1,12,0,12x1
img_71_page_0.jpeg,LPAE_12190_hr,augmentation_padding_small/img_71_page_0.jpeg,71,0,1,4,3,1,3x4+1R
img_72_page_0.jpeg,LPAE_12432_hr,augmentation_padding_small/img_72_page_0.jpeg,72,0,1,4,3,1,3x4+1R
img_73_page_0.jpeg,LPAE_19036_hr,augmentation_padding_small/img_73_page_0.jpeg,73,0,1,2,6,0,6x2
img_74_page_0.jpeg,LPAE_12629_hr,augmentation_padding_small/img_74_page_0.jpeg,74,0,1,4,3,1,3x4+1R
img_75_page_0.jpeg,LPAE_02444_hr,augmentation_padding_small/img_75_page_0.jpeg,75,0,2,1,6,0,6x2
img_75_page_1.jpeg,LPAE_02444_hr,augmentation_padding_small/img_75_page_1.jpeg,75,1,2,1,6,0,6x2
img_76_page_0.jpeg,LPAE_17345_hr,augmentation_padding_small/img_76_page_0.jpeg,76,0,1,2,6,0,6x2
img_77_page_0.jpeg,LPAE_06303_hr,augmentation_padding_small/img_77_page_0.jpeg,77,0,1,4,3,0,3x4
img_78_page_0.jpeg,LPAE_13851_hr,augmentation_padding_small/img_78_page_0.jpeg,78,0,1,2,6,0,6x2
img_79_page_0.jpeg,LPAE_13962_hr,augmentation_padding_small/img_79_page_0.jpeg,79,0,1,2,6,0,6x2
img_80_page_0.jpeg,LPAE_19394_hr,augmentation_padding_small/img_80_page_0.jpeg,80,0,1,4,3,1,3x4+1R
img_81_page_0.jpeg,LPAE_00232_hr,augmentation_padding_small/img_81_page_0.jpeg,81,0,1,4,3,1,3x4+1R
img_82_page_0.jpeg,LPAE_19269_hr,augmentation_padding_small/img_82_page_0.jpeg,82,0,1,4,3,1,3x4+1R
img_83_page_0.jpeg,LPAE_20117_hr,augmentation_padding_small/img_83_page_0.jpeg,83,0,1,4,3,3,3x4+3R
img_84_page_0.jpeg,LPAE_19164_hr,augmentation_padding_small/img_84_page_0.jpeg,84,0,1,4,3,1,3x4+1R
img_85_page_0.jpeg,LPAE_19686_hr,augmentation_padding_small/img_85_page_0.jpeg,85,0,1,4,3,1,3x4+1R
img_86_page_0.jpeg,LPAE_19968_hr,augmentation_padding_small/img_86_page_0.jpeg,86,0,1,2,6,0,6x2
img_87_page_0.jpeg,LPAE_19288_hr,augmentation_padding_small/img_87_page_0.jpeg,87,0,1,2,6,0,6x2
img_88_page_0.jpeg,LPAE_14304_hr,augmentation_padding_small/img_88_page_0.jpeg,88,0,4,1,3,0,3x4
img_88_page_1.jpeg,LPAE_14304_hr,augmentation_padding_small/img_88_page_1.jpeg,88,1,4,1,3,0,3x4
img_88_page_2.jpeg,LPAE_14304_hr,augmentation_padding_small/img_88_page_2.jpeg,88,2,4,1,3,0,3x4
img_88_page_3.jpeg,LPAE_14304_hr,augmentation_padding_small/img_88_page_3.jpeg,88,3,4,1,3,0,3x4
img_89_page_0.jpeg,LPAE_19309_hr,augmentation_padding_small/img_89_page_0.jpeg,89,0,2,2,3,0,3x4
img_89_page_1.jpeg,LPAE_19309_hr,augmentation_padding_small/img_89_page_1.jpeg,89,1,2,2,3,0,3x4
img_90_page_0.jpeg,LPAE_14641_hr,augmentation_padding_small/img_90_page_0.jpeg,90,0,1,2,6,0,6x2
img_91_page_0.jpeg,LPAE_15477_hr,augmentation_padding_small/img_91_page_0.jpeg,91,0,1,4,3,1,3x4+1R
img_92_page_0.jpeg,LPAE_14680_hr,augmentation_padding_small/img_92_page_0.jpeg,92,0,1,4,3,1,3x4+1R
img_93_page_0.jpeg,LPAE_15368_hr,augmentation_padding_small/img_93_page_0.jpeg,93,0,1,2,6,1,6x2+1R
img_94_page_0.jpeg,LPAE_19138_hr,augmentation_padding_small/img_94_page_0.jpeg,94,0,1,1,12,0,12x1
img_95_page_0.jpeg,LPAE_15529_hr,augmentation_padding_small/img_95_page_0.jpeg,95,0,1,2,6,0,6x2
img_96_page_0.jpeg,LPAE_15607_hr,augmentation_padding_small/img_96_page_0.jpeg,96,0,4,1,3,0,3x4
img_96_page_1.jpeg,LPAE_15607_hr,augmentation_padding_small/img_96_page_1.jpeg,96,1,4,1,3,0,3x4
img_96_page_2.jpeg,LPAE_15607_hr,augmentation_padding_small/img_96_page_2.jpeg,96,2,4,1,3,0,3x4
img_96_page_3.jpeg,LPAE_15607_hr,augmentation_padding_small/img_96_page_3.jpeg,96,3,4,1,3,0,3x4
img_97_page_0.jpeg,LPAE_19202_hr,augmentation_padding_small/img_97_page_0.jpeg,97,0,1,1,12,0,12x1
img_98_page_0.jpeg,LPAE_16212_hr,augmentation_padding_small/img_98_page_0.jpeg,98,0,1,4,3,3,3x4+3R
img_99_page_0.jpeg,LPAE_19326_hr,augmentation_padding_small/img_99_page_0.jpeg,99,0,1,2,6,0,6x2
img_100_page_0.jpeg,LPAE_20139_hr,augmentation_padding_small/img_100_page_0.jpeg,100,0,1,4,3,3,3x4+3R
img_1_page_0.jpeg,LPAE_11666_hr,augmentation_perspective_transformation_20/img_1_page_0.jpeg,1,0,2,1,6,0,6x2
img_1_page_1.jpeg,LPAE_11666_hr,augmentation_perspective_transformation_20/img_1_page_1.jpeg,1,1,2,1,6,0,6x2
img_2_page_0.jpeg,LPAE_11209_hr,augmentation_perspective_transformation_20/img_2_page_0.jpeg,2,0,1,1,12,0,12x1
img_3_page_0.jpeg,LPAE_14009_hr,augmentation_perspective_transformation_20/img_3_page_0.jpeg,3,0,1,1,12,0,12x1
img_4_page_0.jpeg,LPAE_20999_hr,augmentation_perspective_transformation_20/img_4_page_0.jpeg,4,0,1,4,3,1,3x4+1R
img_5_page_0.jpeg,LPAE_21515_hr,augmentation_perspective_transformation_20/img_5_page_0.jpeg,5,0,1,2,6,0,6x2
img_6_page_0.jpeg,LPAE_02926_hr,augmentation_perspective_transformation_20/img_6_page_0.jpeg,6,0,1,1,12,0,12x1
img_7_page_0.jpeg,LPAE_21541_hr,augmentation_perspective_transformation_20/img_7_page_0.jpeg,7,0,1,2,6,0,6x2
img_8_page_0.jpeg,LPAE_05432_hr,augmentation_perspective_transformation_20/img_8_page_0.jpeg,8,0,1,4,3,3,3x4+3R
img_9_page_0.jpeg,LPAE_20159_hr,augmentation_perspective_transformation_20/img_9_page_0.jpeg,9,0,1,2,6,0,6x2
img_10_page_0.jpeg,LPAE_04827_hr,augmentation_perspective_transformation_20/img_10_page_0.jpeg,10,0,1,4,3,1,3x4+1R
img_11_page_0.jpeg,LPAE_06229_hr,augmentation_perspective_transformation_20/img_11_page_0.jpeg,11,0,1,2,6,0,6x2
img_12_page_0.jpeg,LPAE_10505_hr,augmentation_perspective_transformation_20/img_12_page_0.jpeg,12,0,1,4,3,3,3x4+3R
img_13_page_0.jpeg,LPAE_10300_hr,augmentation_perspective_transformation_20/img_13_page_0.jpeg,13,0,1,2,6,0,6x2
img_14_page_0.jpeg,LPAE_17226_hr,augmentation_perspective_transformation_20/img_14_page_0.jpeg,14,0,1,4,3,1,3x4+1R
img_15_page_0.jpeg,LPAE_05742_hr,augmentation_perspective_transformation_20/img_15_page_0.jpeg,15,0,1,4,3,1,3x4+1R
img_16_page_0.jpeg,LPAE_19550_hr,augmentation_perspective_transformation_20/img_16_page_0.jpeg,16,0,1,4,3,1,3x4+1R
img_17_page_0.jpeg,LPAE_06918_hr,augmentation_perspective_transformation_20/img_17_page_0.jpeg,17,0,1,4,3,1,3x4+1R
img_18_page_0.jpeg,LPAE_12879_hr,augmentation_perspective_transformation_20/img_18_page_0.jpeg,18,0,1,1,12,0,12x1
img_19_page_0.jpeg,LPAE_20790_hr,augmentation_perspective_transformation_20/img_19_page_0.jpeg,19,0,1,2,6,1,6x2+1R
img_20_page_0.jpeg,LPAE_20947_hr,augmentation_perspective_transformation_20/img_20_page_0.jpeg,20,0,1,4,3,0,3x4
img_21_page_0.jpeg,LPAE_20515_hr,augmentation_perspective_transformation_20/img_21_page_0.jpeg,21,0,1,2,6,0,6x2
img_22_page_0.jpeg,LPAE_06846_hr,augmentation_perspective_transformation_20/img_22_page_0.jpeg,22,0,1,4,3,1,3x4+1R
img_23_page_0.jpeg,LPAE_04957_hr,augmentation_perspective_transformation_20/img_23_page_0.jpeg,23,0,1,2,6,0,6x2
img_24_page_0.jpeg,LPAE_14819_hr,augmentation_perspective_transformation_20/img_24_page_0.jpeg,24,0,1,4,3,0,3x4
img_25_page_0.jpeg,LPAE_05441_hr,augmentation_perspective_transformation_20/img_25_page_0.jpeg,25,0,1,1,12,0,12x1
img_26_page_0.jpeg,LPAE_20971_hr,augmentation_perspective_transformation_20/img_26_page_0.jpeg,26,0,1,4,3,1,3x4+1R
img_27_page_0.jpeg,LPAE_20680_hr,augmentation_perspective_transformation_20/img_27_page_0.jpeg,27,0,1,4,3,0,3x4
img_28_page_0.jpeg,LPAE_07250_hr,augmentation_perspective_transformation_20/img_28_page_0.jpeg,28,0,1,4,3,1,3x4+1R
img_29_page_0.jpeg,LPAE_20748_hr,augmentation_perspective_transformation_20/img_29_page_0.jpeg,29,0,1,4,3,1,3x4+1R
img_30_page_0.jpeg,LPAE_06938_hr,augmentation_perspective_transformation_20/img_30_page_0.jpeg,30,0,1,2,6,1,6x2+1R
img_31_page_0.jpeg,LPAE_20367_hr,augmentation_perspective_transformation_20/img_31_page_0.jpeg,31,0,1,4,3,1,3x4+1R
img_32_page_0.jpeg,LPAE_07285_hr,augmentation_perspective_transformation_20/img_32_page_0.jpeg,32,0,1,4,3,0,3x4
img_33_page_0.jpeg,LPAE_07299_hr,augmentation_perspective_transformation_20/img_33_page_0.jpeg,33,0,1,2,6,0,6x2
img_34_page_0.jpeg,LPAE_21629_hr,augmentation_perspective_transformation_20/img_34_page_0.jpeg,34,0,1,2,6,0,6x2
img_35_page_0.jpeg,LPAE_07596_hr,augmentation_perspective_transformation_20/img_35_page_0.jpeg,35,0,1,2,6,0,6x2
img_36_page_0.jpeg,LPAE_10555_hr,augmentation_perspective_transformation_20/img_36_page_0.jpeg,36,0,1,4,3,0,3x4
img_37_page_0.jpeg,LPAE_21468_hr,augmentation_perspective_transformation_20/img_37_page_0.jpeg,37,0,1,4,3,1,3x4+1R
img_38_page_0.jpeg,LPAE_08885_hr,augmentation_perspective_transformation_20/img_38_page_0.jpeg,38,0,1,4,3,3,3x4+3R
img_39_page_0.jpeg,LPAE_09331_hr,augmentation_perspective_transformation_20/img_39_page_0.jpeg,39,0,1,2,6,0,6x2
img_40_page_0.jpeg,LPAE_09275_hr,augmentation_perspective_transformation_20/img_40_page_0.jpeg,40,0,1,4,3,1,3x4+1R
img_41_page_0.jpeg,LPAE_20243_hr,augmentation_perspective_transformation_20/img_41_page_0.jpeg,41,0,1,2,6,0,6x2
img_42_page_0.jpeg,LPAE_09545_hr,augmentation_perspective_transformation_20/img_42_page_0.jpeg,42,0,1,4,3,1,3x4+1R
img_43_page_0.jpeg,LPAE_09754_hr,augmentation_perspective_transformation_20/img_43_page_0.jpeg,43,0,1,4,3,1,3x4+1R
img_44_page_0.jpeg,LPAE_17637_hr,augmentation_perspective_transformation_20/img_44_page_0.jpeg,44,0,1,4,3,0,3x4
img_45_page_0.jpeg,LPAE_17118_hr,augmentation_perspective_transformation_20/img_45_page_0.jpeg,45,0,1,2,6,0,6x2
img_46_page_0.jpeg,LPAE_10306_hr,augmentation_perspective_transformation_20/img_46_page_0.jpeg,46,0,1,4,3,1,3x4+1R
img_47_page_0.jpeg,LPAE_10266_hr,augmentation_perspective_transformation_20/img_47_page_0.jpeg,47,0,1,4,3,3,3x4+3R
img_48_page_0.jpeg,LPAE_08007_hr,augmentation_perspective_transformation_20/img_48_page_0.jpeg,48,0,1,2,6,0,6x2
img_49_page_0.jpeg,LPAE_08962_hr,augmentation_perspective_transformation_20/img_49_page_0.jpeg,49,0,1,2,6,0,6x2
img_50_page_0.jpeg,LPAE_16895_hr,augmentation_perspective_transformation_20/img_50_page_0.jpeg,50,0,1,4,3,0,3x4
img_51_page_0.jpeg,LPAE_05359_hr,augmentation_perspective_transformation_20/img_51_page_0.jpeg,51,0,1,4,3,0,3x4
img_52_page_0.jpeg,LPAE_10554_hr,augmentation_perspective_transformation_20/img_52_page_0.jpeg,52,0,1,2,6,1,6x2+1R
img_53_page_0.jpeg,LPAE_10598_hr,augmentation_perspective_transformation_20/img_53_page_0.jpeg,53,0,1,2,6,0,6x2
img_54_page_0.jpeg,LPAE_17269_hr,augmentation_perspective_transformation_20/img_54_page_0.jpeg,54,0,2,2,3,0,3x4
img_54_page_1.jpeg,LPAE_17269_hr,augmentation_perspective_transformation_20/img_54_page_1.jpeg,54,1,2,2,3,0,3x4
img_55_page_0.jpeg,LPAE_10518_hr,augmentation_perspective_transformation_20/img_55_page_0.jpeg,55,0,1,2,6,0,6x2
img_56_page_0.jpeg,LPAE_10564_hr,augmentation_perspective_transformation_20/img_56_page_0.jpeg,56,0,1,2,6,0,6x2
img_57_page_0.jpeg,LPAE_06282_hr,augmentation_perspective_transformation_20/img_57_page_0.jpeg,57,0,1,1,12,0,12x1
img_58_page_0.jpeg,LPAE_10943_hr,augmentation_perspective_transformation_20/img_58_page_0.jpeg,58,0,1,4,3,0,3x4
img_59_page_0.jpeg,LPAE_18073_hr,augmentation_perspective_transformation_20/img_59_page_0.jpeg,59,0,1,2,6,0,6x2
img_60_page_0.jpeg,LPAE_11397_hr,augmentation_perspective_transformation_20/img_60_page_0.jpeg,60,0,1,2,6,0,6x2
img_61_page_0.jpeg,LPAE_05944_hr,augmentation_perspective_transformation_20/img_61_page_0.jpeg,61,0,1,2,6,1,6x2+1R
img_62_page_0.jpeg,LPAE_04733_hr,augmentation_perspective_transformation_20/img_62_page_0.jpeg,62,0,1,4,3,1,3x4+1R
img_63_page_0.jpeg,LPAE_10986_hr,augmentation_perspective_transformation_20/img_63_page_0.jpeg,63,0,1,4,3,0,3x4
img_64_page_0.jpeg,LPAE_18227_hr,augmentation_perspective_transformation_20/img_64_page_0.jpeg,64,0,1,2,6,0,6x2
img_65_page_0.jpeg,LPAE_18552_hr,augmentation_perspective_transformation_20/img_65_page_0.jpeg,65,0,1,2,6,0,6x2
img_66_page_0.jpeg,LPAE_11498_hr,augmentation_perspective_transformation_20/img_66_page_0.jpeg,66,0,1,4,3,1,3x4+1R
img_67_page_0.jpeg,LPAE_01805_hr,augmentation_perspective_transformation_20/img_67_page_0.jpeg,67,0,1,4,3,0,3x4
img_68_page_0.jpeg,LPAE_18945_hr,augmentation_perspective_transformation_20/img_68_page_0.jpeg,68,0,1,4,3,1,3x4+1R
img_69_page_0.jpeg,LPAE_12186_hr,augmentation_perspective_transformation_20/img_69_page_0.jpeg,69,0,1,4,3,0,3x4
img_70_page_0.jpeg,LPAE_04794_hr,augmentation_perspective_transformation_20/img_70_page_0.jpeg,70,0,1,1,12,0,12x1
img_71_page_0.jpeg,LPAE_12190_hr,augmentation_perspective_transformation_20/img_71_page_0.jpeg,71,0,1,4,3,1,3x4+1R
img_72_page_0.jpeg,LPAE_12432_hr,augmentation_perspective_transformation_20/img_72_page_0.jpeg,72,0,1,4,3,1,3x4+1R
img_73_page_0.jpeg,LPAE_19036_hr,augmentation_perspective_transformation_20/img_73_page_0.jpeg,73,0,1,2,6,0,6x2
img_74_page_0.jpeg,LPAE_12629_hr,augmentation_perspective_transformation_20/img_74_page_0.jpeg,74,0,1,4,3,1,3x4+1R
img_75_page_0.jpeg,LPAE_02444_hr,augmentation_perspective_transformation_20/img_75_page_0.jpeg,75,0,2,1,6,0,6x2
img_75_page_1.jpeg,LPAE_02444_hr,augmentation_perspective_transformation_20/img_75_page_1.jpeg,75,1,2,1,6,0,6x2
img_76_page_0.jpeg,LPAE_17345_hr,augmentation_perspective_transformation_20/img_76_page_0.jpeg,76,0,1,2,6,0,6x2
img_77_page_0.jpeg,LPAE_06303_hr,augmentation_perspective_transformation_20/img_77_page_0.jpeg,77,0,1,4,3,0,3x4
img_78_page_0.jpeg,LPAE_13851_hr,augmentation_perspective_transformation_20/img_78_page_0.jpeg,78,0,1,2,6,0,6x2
img_79_page_0.jpeg,LPAE_13962_hr,augmentation_perspective_transformation_20/img_79_page_0.jpeg,79,0,1,2,6,0,6x2
img_80_page_0.jpeg,LPAE_19394_hr,augmentation_perspective_transformation_20/img_80_page_0.jpeg,80,0,1,4,3,1,3x4+1R
img_81_page_0.jpeg,LPAE_00232_hr,augmentation_perspective_transformation_20/img_81_page_0.jpeg,81,0,1,4,3,1,3x4+1R
img_82_page_0.jpeg,LPAE_19269_hr,augmentation_perspective_transformation_20/img_82_page_0.jpeg,82,0,1,4,3,1,3x4+1R
img_83_page_0.jpeg,LPAE_20117_hr,augmentation_perspective_transformation_20/img_83_page_0.jpeg,83,0,1,4,3,3,3x4+3R
img_84_page_0.jpeg,LPAE_19164_hr,augmentation_perspective_transformation_20/img_84_page_0.jpeg,84,0,1,4,3,1,3x4+1R
img_85_page_0.jpeg,LPAE_19686_hr,augmentation_perspective_transformation_20/img_85_page_0.jpeg,85,0,1,4,3,1,3x4+1R
img_86_page_0.jpeg,LPAE_19968_hr,augmentation_perspective_transformation_20/img_86_page_0.jpeg,86,0,1,2,6,0,6x2
img_87_page_0.jpeg,LPAE_19288_hr,augmentation_perspective_transformation_20/img_87_page_0.jpeg,87,0,1,2,6,0,6x2
img_88_page_0.jpeg,LPAE_14304_hr,augmentation_perspective_transformation_20/img_88_page_0.jpeg,88,0,4,1,3,0,3x4
img_88_page_1.jpeg,LPAE_14304_hr,augmentation_perspective_transformation_20/img_88_page_1.jpeg,88,1,4,1,3,0,3x4
img_88_page_2.jpeg,LPAE_14304_hr,augmentation_perspective_transformation_20/img_88_page_2.jpeg,88,2,4,1,3,0,3x4
img_88_page_3.jpeg,LPAE_14304_hr,augmentation_perspective_transformation_20/img_88_page_3.jpeg,88,3,4,1,3,0,3x4
img_89_page_0.jpeg,LPAE_19309_hr,augmentation_perspective_transformation_20/img_89_page_0.jpeg,89,0,2,2,3,0,3x4
img_89_page_1.jpeg,LPAE_19309_hr,augmentation_perspective_transformation_20/img_89_page_1.jpeg,89,1,2,2,3,0,3x4
img_90_page_0.jpeg,LPAE_14641_hr,augmentation_perspective_transformation_20/img_90_page_0.jpeg,90,0,1,2,6,0,6x2
img_91_page_0.jpeg,LPAE_15477_hr,augmentation_perspective_transformation_20/img_91_page_0.jpeg,91,0,1,4,3,1,3x4+1R
img_92_page_0.jpeg,LPAE_14680_hr,augmentation_perspective_transformation_20/img_92_page_0.jpeg,92,0,1,4,3,1,3x4+1R
img_93_page_0.jpeg,LPAE_15368_hr,augmentation_perspective_transformation_20/img_93_page_0.jpeg,93,0,1,2,6,1,6x2+1R
img_94_page_0.jpeg,LPAE_19138_hr,augmentation_perspective_transformation_20/img_94_page_0.jpeg,94,0,1,1,12,0,12x1
img_95_page_0.jpeg,LPAE_15529_hr,augmentation_perspective_transformation_20/img_95_page_0.jpeg,95,0,1,2,6,0,6x2
img_96_page_0.jpeg,LPAE_15607_hr,augmentation_perspective_transformation_20/img_96_page_0.jpeg,96,0,4,1,3,0,3x4
img_96_page_1.jpeg,LPAE_15607_hr,augmentation_perspective_transformation_20/img_96_page_1.jpeg,96,1,4,1,3,0,3x4
img_96_page_2.jpeg,LPAE_15607_hr,augmentation_perspective_transformation_20/img_96_page_2.jpeg,96,2,4,1,3,0,3x4
img_96_page_3.jpeg,LPAE_15607_hr,augmentation_perspective_transformation_20/img_96_page_3.jpeg,96,3,4,1,3,0,3x4
img_97_page_0.jpeg,LPAE_19202_hr,augmentation_perspective_transformation_20/img_97_page_0.jpeg,97,0,1,1,12,0,12x1
img_98_page_0.jpeg,LPAE_16212_hr,augmentation_perspective_transformation_20/img_98_page_0.jpeg,98,0,1,4,3,3,3x4+3R
img_99_page_0.jpeg,LPAE_19326_hr,augmentation_perspective_transformation_20/img_99_page_0.jpeg,99,0,1,2,6,0,6x2
img_100_page_0.jpeg,LPAE_20139_hr,augmentation_perspective_transformation_20/img_100_page_0.jpeg,100,0,1,4,3,3,3x4+3R
img_1_page_0.jpeg,LPAE_11666_hr,augmentation_perspective_transformation_30/img_1_page_0.jpeg,1,0,2,1,6,0,6x2
img_1_page_1.jpeg,LPAE_11666_hr,augmentation_perspective_transformation_30/img_1_page_1.jpeg,1,1,2,1,6,0,6x2
img_2_page_0.jpeg,LPAE_11209_hr,augmentation_perspective_transformation_30/img_2_page_0.jpeg,2,0,1,1,12,0,12x1
img_3_page_0.jpeg,LPAE_14009_hr,augmentation_perspective_transformation_30/img_3_page_0.jpeg,3,0,1,1,12,0,12x1
img_4_page_0.jpeg,LPAE_20999_hr,augmentation_perspective_transformation_30/img_4_page_0.jpeg,4,0,1,4,3,1,3x4+1R
img_5_page_0.jpeg,LPAE_21515_hr,augmentation_perspective_transformation_30/img_5_page_0.jpeg,5,0,1,2,6,0,6x2
img_6_page_0.jpeg,LPAE_02926_hr,augmentation_perspective_transformation_30/img_6_page_0.jpeg,6,0,1,1,12,0,12x1
img_7_page_0.jpeg,LPAE_21541_hr,augmentation_perspective_transformation_30/img_7_page_0.jpeg,7,0,1,2,6,0,6x2
img_8_page_0.jpeg,LPAE_05432_hr,augmentation_perspective_transformation_30/img_8_page_0.jpeg,8,0,1,4,3,3,3x4+3R
img_9_page_0.jpeg,LPAE_20159_hr,augmentation_perspective_transformation_30/img_9_page_0.jpeg,9,0,1,2,6,0,6x2
img_10_page_0.jpeg,LPAE_04827_hr,augmentation_perspective_transformation_30/img_10_page_0.jpeg,10,0,1,4,3,1,3x4+1R
img_11_page_0.jpeg,LPAE_06229_hr,augmentation_perspective_transformation_30/img_11_page_0.jpeg,11,0,1,2,6,0,6x2
img_12_page_0.jpeg,LPAE_10505_hr,augmentation_perspective_transformation_30/img_12_page_0.jpeg,12,0,1,4,3,3,3x4+3R
img_13_page_0.jpeg,LPAE_10300_hr,augmentation_perspective_transformation_30/img_13_page_0.jpeg,13,0,1,2,6,0,6x2
img_14_page_0.jpeg,LPAE_17226_hr,augmentation_perspective_transformation_30/img_14_page_0.jpeg,14,0,1,4,3,1,3x4+1R
img_15_page_0.jpeg,LPAE_05742_hr,augmentation_perspective_transformation_30/img_15_page_0.jpeg,15,0,1,4,3,1,3x4+1R
img_16_page_0.jpeg,LPAE_19550_hr,augmentation_perspective_transformation_30/img_16_page_0.jpeg,16,0,1,4,3,1,3x4+1R
img_17_page_0.jpeg,LPAE_06918_hr,augmentation_perspective_transformation_30/img_17_page_0.jpeg,17,0,1,4,3,1,3x4+1R
img_18_page_0.jpeg,LPAE_12879_hr,augmentation_perspective_transformation_30/img_18_page_0.jpeg,18,0,1,1,12,0,12x1
img_19_page_0.jpeg,LPAE_20790_hr,augmentation_perspective_transformation_30/img_19_page_0.jpeg,19,0,1,2,6,1,6x2+1R
img_20_page_0.jpeg,LPAE_20947_hr,augmentation_perspective_transformation_30/img_20_page_0.jpeg,20,0,1,4,3,0,3x4
img_21_page_0.jpeg,LPAE_20515_hr,augmentation_perspective_transformation_30/img_21_page_0.jpeg,21,0,1,2,6,0,6x2
img_22_page_0.jpeg,LPAE_06846_hr,augmentation_perspective_transformation_30/img_22_page_0.jpeg,22,0,1,4,3,1,3x4+1R
img_23_page_0.jpeg,LPAE_04957_hr,augmentation_perspective_transformation_30/img_23_page_0.jpeg,23,0,1,2,6,0,6x2
img_24_page_0.jpeg,LPAE_14819_hr,augmentation_perspective_transformation_30/img_24_page_0.jpeg,24,0,1,4,3,0,3x4
img_25_page_0.jpeg,LPAE_05441_hr,augmentation_perspective_transformation_30/img_25_page_0.jpeg,25,0,1,1,12,0,12x1
img_26_page_0.jpeg,LPAE_20971_hr,augmentation_perspective_transformation_30/img_26_page_0.jpeg,26,0,1,4,3,1,3x4+1R
img_27_page_0.jpeg,LPAE_20680_hr,augmentation_perspective_transformation_30/img_27_page_0.jpeg,27,0,1,4,3,0,3x4
img_28_page_0.jpeg,LPAE_07250_hr,augmentation_perspective_transformation_30/img_28_page_0.jpeg,28,0,1,4,3,1,3x4+1R
img_29_page_0.jpeg,LPAE_20748_hr,augmentation_perspective_transformation_30/img_29_page_0.jpeg,29,0,1,4,3,1,3x4+1R
img_30_page_0.jpeg,LPAE_06938_hr,augmentation_perspective_transformation_30/img_30_page_0.jpeg,30,0,1,2,6,1,6x2+1R
img_31_page_0.jpeg,LPAE_20367_hr,augmentation_perspective_transformation_30/img_31_page_0.jpeg,31,0,1,4,3,1,3x4+1R
img_32_page_0.jpeg,LPAE_07285_hr,augmentation_perspective_transformation_30/img_32_page_0.jpeg,32,0,1,4,3,0,3x4
img_33_page_0.jpeg,LPAE_07299_hr,augmentation_perspective_transformation_30/img_33_page_0.jpeg,33,0,1,2,6,0,6x2
img_34_page_0.jpeg,LPAE_21629_hr,augmentation_perspective_transformation_30/img_34_page_0.jpeg,34,0,1,2,6,0,6x2
img_35_page_0.jpeg,LPAE_07596_hr,augmentation_perspective_transformation_30/img_35_page_0.jpeg,35,0,1,2,6,0,6x2
img_36_page_0.jpeg,LPAE_10555_hr,augmentation_perspective_transformation_30/img_36_page_0.jpeg,36,0,1,4,3,0,3x4
img_37_page_0.jpeg,LPAE_21468_hr,augmentation_perspective_transformation_30/img_37_page_0.jpeg,37,0,1,4,3,1,3x4+1R
img_38_page_0.jpeg,LPAE_08885_hr,augmentation_perspective_transformation_30/img_38_page_0.jpeg,38,0,1,4,3,3,3x4+3R
img_39_page_0.jpeg,LPAE_09331_hr,augmentation_perspective_transformation_30/img_39_page_0.jpeg,39,0,1,2,6,0,6x2
img_40_page_0.jpeg,LPAE_09275_hr,augmentation_perspective_transformation_30/img_40_page_0.jpeg,40,0,1,4,3,1,3x4+1R
img_41_page_0.jpeg,LPAE_20243_hr,augmentation_perspective_transformation_30/img_41_page_0.jpeg,41,0,1,2,6,0,6x2
img_42_page_0.jpeg,LPAE_09545_hr,augmentation_perspective_transformation_30/img_42_page_0.jpeg,42,0,1,4,3,1,3x4+1R
img_43_page_0.jpeg,LPAE_09754_hr,augmentation_perspective_transformation_30/img_43_page_0.jpeg,43,0,1,4,3,1,3x4+1R
img_44_page_0.jpeg,LPAE_17637_hr,augmentation_perspective_transformation_30/img_44_page_0.jpeg,44,0,1,4,3,0,3x4
img_45_page_0.jpeg,LPAE_17118_hr,augmentation_perspective_transformation_30/img_45_page_0.jpeg,45,0,1,2,6,0,6x2
img_46_page_0.jpeg,LPAE_10306_hr,augmentation_perspective_transformation_30/img_46_page_0.jpeg,46,0,1,4,3,1,3x4+1R
img_47_page_0.jpeg,LPAE_10266_hr,augmentation_perspective_transformation_30/img_47_page_0.jpeg,47,0,1,4,3,3,3x4+3R
img_48_page_0.jpeg,LPAE_08007_hr,augmentation_perspective_transformation_30/img_48_page_0.jpeg,48,0,1,2,6,0,6x2
img_49_page_0.jpeg,LPAE_08962_hr,augmentation_perspective_transformation_30/img_49_page_0.jpeg,49,0,1,2,6,0,6x2
img_50_page_0.jpeg,LPAE_16895_hr,augmentation_perspective_transformation_30/img_50_page_0.jpeg,50,0,1,4,3,0,3x4
img_51_page_0.jpeg,LPAE_05359_hr,augmentation_perspective_transformation_30/img_51_page_0.jpeg,51,0,1,4,3,0,3x4
img_52_page_0.jpeg,LPAE_10554_hr,augmentation_perspective_transformation_30/img_52_page_0.jpeg,52,0,1,2,6,1,6x2+1R
img_53_page_0.jpeg,LPAE_10598_hr,augmentation_perspective_transformation_30/img_53_page_0.jpeg,53,0,1,2,6,0,6x2
img_54_page_0.jpeg,LPAE_17269_hr,augmentation_perspective_transformation_30/img_54_page_0.jpeg,54,0,2,2,3,0,3x4
img_54_page_1.jpeg,LPAE_17269_hr,augmentation_perspective_transformation_30/img_54_page_1.jpeg,54,1,2,2,3,0,3x4
img_55_page_0.jpeg,LPAE_10518_hr,augmentation_perspective_transformation_30/img_55_page_0.jpeg,55,0,1,2,6,0,6x2
img_56_page_0.jpeg,LPAE_10564_hr,augmentation_perspective_transformation_30/img_56_page_0.jpeg,56,0,1,2,6,0,6x2
img_57_page_0.jpeg,LPAE_06282_hr,augmentation_perspective_transformation_30/img_57_page_0.jpeg,57,0,1,1,12,0,12x1
img_58_page_0.jpeg,LPAE_10943_hr,augmentation_perspective_transformation_30/img_58_page_0.jpeg,58,0,1,4,3,0,3x4
img_59_page_0.jpeg,LPAE_18073_hr,augmentation_perspective_transformation_30/img_59_page_0.jpeg,59,0,1,2,6,0,6x2
img_60_page_0.jpeg,LPAE_11397_hr,augmentation_perspective_transformation_30/img_60_page_0.jpeg,60,0,1,2,6,0,6x2
img_61_page_0.jpeg,LPAE_05944_hr,augmentation_perspective_transformation_30/img_61_page_0.jpeg,61,0,1,2,6,1,6x2+1R
img_62_page_0.jpeg,LPAE_04733_hr,augmentation_perspective_transformation_30/img_62_page_0.jpeg,62,0,1,4,3,1,3x4+1R
img_63_page_0.jpeg,LPAE_10986_hr,augmentation_perspective_transformation_30/img_63_page_0.jpeg,63,0,1,4,3,0,3x4
img_64_page_0.jpeg,LPAE_18227_hr,augmentation_perspective_transformation_30/img_64_page_0.jpeg,64,0,1,2,6,0,6x2
img_65_page_0.jpeg,LPAE_18552_hr,augmentation_perspective_transformation_30/img_65_page_0.jpeg,65,0,1,2,6,0,6x2
img_66_page_0.jpeg,LPAE_11498_hr,augmentation_perspective_transformation_30/img_66_page_0.jpeg,66,0,1,4,3,1,3x4+1R
img_67_page_0.jpeg,LPAE_01805_hr,augmentation_perspective_transformation_30/img_67_page_0.jpeg,67,0,1,4,3,0,3x4
img_68_page_0.jpeg,LPAE_18945_hr,augmentation_perspective_transformation_30/img_68_page_0.jpeg,68,0,1,4,3,1,3x4+1R
img_69_page_0.jpeg,LPAE_12186_hr,augmentation_perspective_transformation_30/img_69_page_0.jpeg,69,0,1,4,3,0,3x4
img_70_page_0.jpeg,LPAE_04794_hr,augmentation_perspective_transformation_30/img_70_page_0.jpeg,70,0,1,1,12,0,12x1
img_71_page_0.jpeg,LPAE_12190_hr,augmentation_perspective_transformation_30/img_71_page_0.jpeg,71,0,1,4,3,1,3x4+1R
img_72_page_0.jpeg,LPAE_12432_hr,augmentation_perspective_transformation_30/img_72_page_0.jpeg,72,0,1,4,3,1,3x4+1R
img_73_page_0.jpeg,LPAE_19036_hr,augmentation_perspective_transformation_30/img_73_page_0.jpeg,73,0,1,2,6,0,6x2
img_74_page_0.jpeg,LPAE_12629_hr,augmentation_perspective_transformation_30/img_74_page_0.jpeg,74,0,1,4,3,1,3x4+1R
img_75_page_0.jpeg,LPAE_02444_hr,augmentation_perspective_transformation_30/img_75_page_0.jpeg,75,0,2,1,6,0,6x2
img_75_page_1.jpeg,LPAE_02444_hr,augmentation_perspective_transformation_30/img_75_page_1.jpeg,75,1,2,1,6,0,6x2
img_76_page_0.jpeg,LPAE_17345_hr,augmentation_perspective_transformation_30/img_76_page_0.jpeg,76,0,1,2,6,0,6x2
img_77_page_0.jpeg,LPAE_06303_hr,augmentation_perspective_transformation_30/img_77_page_0.jpeg,77,0,1,4,3,0,3x4
img_78_page_0.jpeg,LPAE_13851_hr,augmentation_perspective_transformation_30/img_78_page_0.jpeg,78,0,1,2,6,0,6x2
img_79_page_0.jpeg,LPAE_13962_hr,augmentation_perspective_transformation_30/img_79_page_0.jpeg,79,0,1,2,6,0,6x2
img_80_page_0.jpeg,LPAE_19394_hr,augmentation_perspective_transformation_30/img_80_page_0.jpeg,80,0,1,4,3,1,3x4+1R
img_81_page_0.jpeg,LPAE_00232_hr,augmentation_perspective_transformation_30/img_81_page_0.jpeg,81,0,1,4,3,1,3x4+1R
img_82_page_0.jpeg,LPAE_19269_hr,augmentation_perspective_transformation_30/img_82_page_0.jpeg,82,0,1,4,3,1,3x4+1R
img_83_page_0.jpeg,LPAE_20117_hr,augmentation_perspective_transformation_30/img_83_page_0.jpeg,83,0,1,4,3,3,3x4+3R
img_84_page_0.jpeg,LPAE_19164_hr,augmentation_perspective_transformation_30/img_84_page_0.jpeg,84,0,1,4,3,1,3x4+1R
img_85_page_0.jpeg,LPAE_19686_hr,augmentation_perspective_transformation_30/img_85_page_0.jpeg,85,0,1,4,3,1,3x4+1R
img_86_page_0.jpeg,LPAE_19968_hr,augmentation_perspective_transformation_30/img_86_page_0.jpeg,86,0,1,2,6,0,6x2
img_87_page_0.jpeg,LPAE_19288_hr,augmentation_perspective_transformation_30/img_87_page_0.jpeg,87,0,1,2,6,0,6x2
img_88_page_0.jpeg,LPAE_14304_hr,augmentation_perspective_transformation_30/img_88_page_0.jpeg,88,0,4,1,3,0,3x4
img_88_page_1.jpeg,LPAE_14304_hr,augmentation_perspective_transformation_30/img_88_page_1.jpeg,88,1,4,1,3,0,3x4
img_88_page_2.jpeg,LPAE_14304_hr,augmentation_perspective_transformation_30/img_88_page_2.jpeg,88,2,4,1,3,0,3x4
img_88_page_3.jpeg,LPAE_14304_hr,augmentation_perspective_transformation_30/img_88_page_3.jpeg,88,3,4,1,3,0,3x4
img_89_page_0.jpeg,LPAE_19309_hr,augmentation_perspective_transformation_30/img_89_page_0.jpeg,89,0,2,2,3,0,3x4
img_89_page_1.jpeg,LPAE_19309_hr,augmentation_perspective_transformation_30/img_89_page_1.jpeg,89,1,2,2,3,0,3x4
img_90_page_0.jpeg,LPAE_14641_hr,augmentation_perspective_transformation_30/img_90_page_0.jpeg,90,0,1,2,6,0,6x2
img_91_page_0.jpeg,LPAE_15477_hr,augmentation_perspective_transformation_30/img_91_page_0.jpeg,91,0,1,4,3,1,3x4+1R
img_92_page_0.jpeg,LPAE_14680_hr,augmentation_perspective_transformation_30/img_92_page_0.jpeg,92,0,1,4,3,1,3x4+1R
img_93_page_0.jpeg,LPAE_15368_hr,augmentation_perspective_transformation_30/img_93_page_0.jpeg,93,0,1,2,6,1,6x2+1R
img_94_page_0.jpeg,LPAE_19138_hr,augmentation_perspective_transformation_30/img_94_page_0.jpeg,94,0,1,1,12,0,12x1
img_95_page_0.jpeg,LPAE_15529_hr,augmentation_perspective_transformation_30/img_95_page_0.jpeg,95,0,1,2,6,0,6x2
img_96_page_0.jpeg,LPAE_15607_hr,augmentation_perspective_transformation_30/img_96_page_0.jpeg,96,0,4,1,3,0,3x4
img_96_page_1.jpeg,LPAE_15607_hr,augmentation_perspective_transformation_30/img_96_page_1.jpeg,96,1,4,1,3,0,3x4
img_96_page_2.jpeg,LPAE_15607_hr,augmentation_perspective_transformation_30/img_96_page_2.jpeg,96,2,4,1,3,0,3x4
img_96_page_3.jpeg,LPAE_15607_hr,augmentation_perspective_transformation_30/img_96_page_3.jpeg,96,3,4,1,3,0,3x4
img_97_page_0.jpeg,LPAE_19202_hr,augmentation_perspective_transformation_30/img_97_page_0.jpeg,97,0,1,1,12,0,12x1
img_98_page_0.jpeg,LPAE_16212_hr,augmentation_perspective_transformation_30/img_98_page_0.jpeg,98,0,1,4,3,3,3x4+3R
img_99_page_0.jpeg,LPAE_19326_hr,augmentation_perspective_transformation_30/img_99_page_0.jpeg,99,0,1,2,6,0,6x2
img_100_page_0.jpeg,LPAE_20139_hr,augmentation_perspective_transformation_30/img_100_page_0.jpeg,100,0,1,4,3,3,3x4+3R
img_1_page_0.jpeg,LPAE_11666_hr,augmentation_perspective_transformation_40/img_1_page_0.jpeg,1,0,2,1,6,0,6x2
img_1_page_1.jpeg,LPAE_11666_hr,augmentation_perspective_transformation_40/img_1_page_1.jpeg,1,1,2,1,6,0,6x2
img_2_page_0.jpeg,LPAE_11209_hr,augmentation_perspective_transformation_40/img_2_page_0.jpeg,2,0,1,1,12,0,12x1
img_3_page_0.jpeg,LPAE_14009_hr,augmentation_perspective_transformation_40/img_3_page_0.jpeg,3,0,1,1,12,0,12x1
img_4_page_0.jpeg,LPAE_20999_hr,augmentation_perspective_transformation_40/img_4_page_0.jpeg,4,0,1,4,3,1,3x4+1R
img_5_page_0.jpeg,LPAE_21515_hr,augmentation_perspective_transformation_40/img_5_page_0.jpeg,5,0,1,2,6,0,6x2
img_6_page_0.jpeg,LPAE_02926_hr,augmentation_perspective_transformation_40/img_6_page_0.jpeg,6,0,1,1,12,0,12x1
img_7_page_0.jpeg,LPAE_21541_hr,augmentation_perspective_transformation_40/img_7_page_0.jpeg,7,0,1,2,6,0,6x2
img_8_page_0.jpeg,LPAE_05432_hr,augmentation_perspective_transformation_40/img_8_page_0.jpeg,8,0,1,4,3,3,3x4+3R
img_9_page_0.jpeg,LPAE_20159_hr,augmentation_perspective_transformation_40/img_9_page_0.jpeg,9,0,1,2,6,0,6x2
img_10_page_0.jpeg,LPAE_04827_hr,augmentation_perspective_transformation_40/img_10_page_0.jpeg,10,0,1,4,3,1,3x4+1R
img_11_page_0.jpeg,LPAE_06229_hr,augmentation_perspective_transformation_40/img_11_page_0.jpeg,11,0,1,2,6,0,6x2
img_12_page_0.jpeg,LPAE_10505_hr,augmentation_perspective_transformation_40/img_12_page_0.jpeg,12,0,1,4,3,3,3x4+3R
img_13_page_0.jpeg,LPAE_10300_hr,augmentation_perspective_transformation_40/img_13_page_0.jpeg,13,0,1,2,6,0,6x2
img_14_page_0.jpeg,LPAE_17226_hr,augmentation_perspective_transformation_40/img_14_page_0.jpeg,14,0,1,4,3,1,3x4+1R
img_15_page_0.jpeg,LPAE_05742_hr,augmentation_perspective_transformation_40/img_15_page_0.jpeg,15,0,1,4,3,1,3x4+1R
img_16_page_0.jpeg,LPAE_19550_hr,augmentation_perspective_transformation_40/img_16_page_0.jpeg,16,0,1,4,3,1,3x4+1R
img_17_page_0.jpeg,LPAE_06918_hr,augmentation_perspective_transformation_40/img_17_page_0.jpeg,17,0,1,4,3,1,3x4+1R
img_18_page_0.jpeg,LPAE_12879_hr,augmentation_perspective_transformation_40/img_18_page_0.jpeg,18,0,1,1,12,0,12x1
img_19_page_0.jpeg,LPAE_20790_hr,augmentation_perspective_transformation_40/img_19_page_0.jpeg,19,0,1,2,6,1,6x2+1R
img_20_page_0.jpeg,LPAE_20947_hr,augmentation_perspective_transformation_40/img_20_page_0.jpeg,20,0,1,4,3,0,3x4
img_21_page_0.jpeg,LPAE_20515_hr,augmentation_perspective_transformation_40/img_21_page_0.jpeg,21,0,1,2,6,0,6x2
img_22_page_0.jpeg,LPAE_06846_hr,augmentation_perspective_transformation_40/img_22_page_0.jpeg,22,0,1,4,3,1,3x4+1R
img_23_page_0.jpeg,LPAE_04957_hr,augmentation_perspective_transformation_40/img_23_page_0.jpeg,23,0,1,2,6,0,6x2
img_24_page_0.jpeg,LPAE_14819_hr,augmentation_perspective_transformation_40/img_24_page_0.jpeg,24,0,1,4,3,0,3x4
img_25_page_0.jpeg,LPAE_05441_hr,augmentation_perspective_transformation_40/img_25_page_0.jpeg,25,0,1,1,12,0,12x1
img_26_page_0.jpeg,LPAE_20971_hr,augmentation_perspective_transformation_40/img_26_page_0.jpeg,26,0,1,4,3,1,3x4+1R
img_27_page_0.jpeg,LPAE_20680_hr,augmentation_perspective_transformation_40/img_27_page_0.jpeg,27,0,1,4,3,0,3x4
img_28_page_0.jpeg,LPAE_07250_hr,augmentation_perspective_transformation_40/img_28_page_0.jpeg,28,0,1,4,3,1,3x4+1R
img_29_page_0.jpeg,LPAE_20748_hr,augmentation_perspective_transformation_40/img_29_page_0.jpeg,29,0,1,4,3,1,3x4+1R
img_30_page_0.jpeg,LPAE_06938_hr,augmentation_perspective_transformation_40/img_30_page_0.jpeg,30,0,1,2,6,1,6x2+1R
img_31_page_0.jpeg,LPAE_20367_hr,augmentation_perspective_transformation_40/img_31_page_0.jpeg,31,0,1,4,3,1,3x4+1R
img_32_page_0.jpeg,LPAE_07285_hr,augmentation_perspective_transformation_40/img_32_page_0.jpeg,32,0,1,4,3,0,3x4
img_33_page_0.jpeg,LPAE_07299_hr,augmentation_perspective_transformation_40/img_33_page_0.jpeg,33,0,1,2,6,0,6x2
img_34_page_0.jpeg,LPAE_21629_hr,augmentation_perspective_transformation_40/img_34_page_0.jpeg,34,0,1,2,6,0,6x2
img_35_page_0.jpeg,LPAE_07596_hr,augmentation_perspective_transformation_40/img_35_page_0.jpeg,35,0,1,2,6,0,6x2
img_36_page_0.jpeg,LPAE_10555_hr,augmentation_perspective_transformation_40/img_36_page_0.jpeg,36,0,1,4,3,0,3x4
img_37_page_0.jpeg,LPAE_21468_hr,augmentation_perspective_transformation_40/img_37_page_0.jpeg,37,0,1,4,3,1,3x4+1R
img_38_page_0.jpeg,LPAE_08885_hr,augmentation_perspective_transformation_40/img_38_page_0.jpeg,38,0,1,4,3,3,3x4+3R
img_39_page_0.jpeg,LPAE_09331_hr,augmentation_perspective_transformation_40/img_39_page_0.jpeg,39,0,1,2,6,0,6x2
img_40_page_0.jpeg,LPAE_09275_hr,augmentation_perspective_transformation_40/img_40_page_0.jpeg,40,0,1,4,3,1,3x4+1R
img_41_page_0.jpeg,LPAE_20243_hr,augmentation_perspective_transformation_40/img_41_page_0.jpeg,41,0,1,2,6,0,6x2
img_42_page_0.jpeg,LPAE_09545_hr,augmentation_perspective_transformation_40/img_42_page_0.jpeg,42,0,1,4,3,1,3x4+1R
img_43_page_0.jpeg,LPAE_09754_hr,augmentation_perspective_transformation_40/img_43_page_0.jpeg,43,0,1,4,3,1,3x4+1R
img_44_page_0.jpeg,LPAE_17637_hr,augmentation_perspective_transformation_40/img_44_page_0.jpeg,44,0,1,4,3,0,3x4
img_45_page_0.jpeg,LPAE_17118_hr,augmentation_perspective_transformation_40/img_45_page_0.jpeg,45,0,1,2,6,0,6x2
img_46_page_0.jpeg,LPAE_10306_hr,augmentation_perspective_transformation_40/img_46_page_0.jpeg,46,0,1,4,3,1,3x4+1R
img_47_page_0.jpeg,LPAE_10266_hr,augmentation_perspective_transformation_40/img_47_page_0.jpeg,47,0,1,4,3,3,3x4+3R
img_48_page_0.jpeg,LPAE_08007_hr,augmentation_perspective_transformation_40/img_48_page_0.jpeg,48,0,1,2,6,0,6x2
img_49_page_0.jpeg,LPAE_08962_hr,augmentation_perspective_transformation_40/img_49_page_0.jpeg,49,0,1,2,6,0,6x2
img_50_page_0.jpeg,LPAE_16895_hr,augmentation_perspective_transformation_40/img_50_page_0.jpeg,50,0,1,4,3,0,3x4
img_51_page_0.jpeg,LPAE_05359_hr,augmentation_perspective_transformation_40/img_51_page_0.jpeg,51,0,1,4,3,0,3x4
img_52_page_0.jpeg,LPAE_10554_hr,augmentation_perspective_transformation_40/img_52_page_0.jpeg,52,0,1,2,6,1,6x2+1R
img_53_page_0.jpeg,LPAE_10598_hr,augmentation_perspective_transformation_40/img_53_page_0.jpeg,53,0,1,2,6,0,6x2
img_54_page_0.jpeg,LPAE_17269_hr,augmentation_perspective_transformation_40/img_54_page_0.jpeg,54,0,2,2,3,0,3x4
img_54_page_1.jpeg,LPAE_17269_hr,augmentation_perspective_transformation_40/img_54_page_1.jpeg,54,1,2,2,3,0,3x4
img_55_page_0.jpeg,LPAE_10518_hr,augmentation_perspective_transformation_40/img_55_page_0.jpeg,55,0,1,2,6,0,6x2
img_56_page_0.jpeg,LPAE_10564_hr,augmentation_perspective_transformation_40/img_56_page_0.jpeg,56,0,1,2,6,0,6x2
img_57_page_0.jpeg,LPAE_06282_hr,augmentation_perspective_transformation_40/img_57_page_0.jpeg,57,0,1,1,12,0,12x1
img_58_page_0.jpeg,LPAE_10943_hr,augmentation_perspective_transformation_40/img_58_page_0.jpeg,58,0,1,4,3,0,3x4
img_59_page_0.jpeg,LPAE_18073_hr,augmentation_perspective_transformation_40/img_59_page_0.jpeg,59,0,1,2,6,0,6x2
img_60_page_0.jpeg,LPAE_11397_hr,augmentation_perspective_transformation_40/img_60_page_0.jpeg,60,0,1,2,6,0,6x2
img_61_page_0.jpeg,LPAE_05944_hr,augmentation_perspective_transformation_40/img_61_page_0.jpeg,61,0,1,2,6,1,6x2+1R
img_62_page_0.jpeg,LPAE_04733_hr,augmentation_perspective_transformation_40/img_62_page_0.jpeg,62,0,1,4,3,1,3x4+1R
img_63_page_0.jpeg,LPAE_10986_hr,augmentation_perspective_transformation_40/img_63_page_0.jpeg,63,0,1,4,3,0,3x4
img_64_page_0.jpeg,LPAE_18227_hr,augmentation_perspective_transformation_40/img_64_page_0.jpeg,64,0,1,2,6,0,6x2
img_65_page_0.jpeg,LPAE_18552_hr,augmentation_perspective_transformation_40/img_65_page_0.jpeg,65,0,1,2,6,0,6x2
img_66_page_0.jpeg,LPAE_11498_hr,augmentation_perspective_transformation_40/img_66_page_0.jpeg,66,0,1,4,3,1,3x4+1R
img_67_page_0.jpeg,LPAE_01805_hr,augmentation_perspective_transformation_40/img_67_page_0.jpeg,67,0,1,4,3,0,3x4
img_68_page_0.jpeg,LPAE_18945_hr,augmentation_perspective_transformation_40/img_68_page_0.jpeg,68,0,1,4,3,1,3x4+1R
img_69_page_0.jpeg,LPAE_12186_hr,augmentation_perspective_transformation_40/img_69_page_0.jpeg,69,0,1,4,3,0,3x4
img_70_page_0.jpeg,LPAE_04794_hr,augmentation_perspective_transformation_40/img_70_page_0.jpeg,70,0,1,1,12,0,12x1
img_71_page_0.jpeg,LPAE_12190_hr,augmentation_perspective_transformation_40/img_71_page_0.jpeg,71,0,1,4,3,1,3x4+1R
img_72_page_0.jpeg,LPAE_12432_hr,augmentation_perspective_transformation_40/img_72_page_0.jpeg,72,0,1,4,3,1,3x4+1R
img_73_page_0.jpeg,LPAE_19036_hr,augmentation_perspective_transformation_40/img_73_page_0.jpeg,73,0,1,2,6,0,6x2
img_74_page_0.jpeg,LPAE_12629_hr,augmentation_perspective_transformation_40/img_74_page_0.jpeg,74,0,1,4,3,1,3x4+1R
img_75_page_0.jpeg,LPAE_02444_hr,augmentation_perspective_transformation_40/img_75_page_0.jpeg,75,0,2,1,6,0,6x2
img_75_page_1.jpeg,LPAE_02444_hr,augmentation_perspective_transformation_40/img_75_page_1.jpeg,75,1,2,1,6,0,6x2
img_76_page_0.jpeg,LPAE_17345_hr,augmentation_perspective_transformation_40/img_76_page_0.jpeg,76,0,1,2,6,0,6x2
img_77_page_0.jpeg,LPAE_06303_hr,augmentation_perspective_transformation_40/img_77_page_0.jpeg,77,0,1,4,3,0,3x4
img_78_page_0.jpeg,LPAE_13851_hr,augmentation_perspective_transformation_40/img_78_page_0.jpeg,78,0,1,2,6,0,6x2
img_79_page_0.jpeg,LPAE_13962_hr,augmentation_perspective_transformation_40/img_79_page_0.jpeg,79,0,1,2,6,0,6x2
img_80_page_0.jpeg,LPAE_19394_hr,augmentation_perspective_transformation_40/img_80_page_0.jpeg,80,0,1,4,3,1,3x4+1R
img_81_page_0.jpeg,LPAE_00232_hr,augmentation_perspective_transformation_40/img_81_page_0.jpeg,81,0,1,4,3,1,3x4+1R
img_82_page_0.jpeg,LPAE_19269_hr,augmentation_perspective_transformation_40/img_82_page_0.jpeg,82,0,1,4,3,1,3x4+1R
img_83_page_0.jpeg,LPAE_20117_hr,augmentation_perspective_transformation_40/img_83_page_0.jpeg,83,0,1,4,3,3,3x4+3R
img_84_page_0.jpeg,LPAE_19164_hr,augmentation_perspective_transformation_40/img_84_page_0.jpeg,84,0,1,4,3,1,3x4+1R
img_85_page_0.jpeg,LPAE_19686_hr,augmentation_perspective_transformation_40/img_85_page_0.jpeg,85,0,1,4,3,1,3x4+1R
img_86_page_0.jpeg,LPAE_19968_hr,augmentation_perspective_transformation_40/img_86_page_0.jpeg,86,0,1,2,6,0,6x2
img_87_page_0.jpeg,LPAE_19288_hr,augmentation_perspective_transformation_40/img_87_page_0.jpeg,87,0,1,2,6,0,6x2
img_88_page_0.jpeg,LPAE_14304_hr,augmentation_perspective_transformation_40/img_88_page_0.jpeg,88,0,4,1,3,0,3x4
img_88_page_1.jpeg,LPAE_14304_hr,augmentation_perspective_transformation_40/img_88_page_1.jpeg,88,1,4,1,3,0,3x4
img_88_page_2.jpeg,LPAE_14304_hr,augmentation_perspective_transformation_40/img_88_page_2.jpeg,88,2,4,1,3,0,3x4
img_88_page_3.jpeg,LPAE_14304_hr,augmentation_perspective_transformation_40/img_88_page_3.jpeg,88,3,4,1,3,0,3x4
img_89_page_0.jpeg,LPAE_19309_hr,augmentation_perspective_transformation_40/img_89_page_0.jpeg,89,0,2,2,3,0,3x4
img_89_page_1.jpeg,LPAE_19309_hr,augmentation_perspective_transformation_40/img_89_page_1.jpeg,89,1,2,2,3,0,3x4
img_90_page_0.jpeg,LPAE_14641_hr,augmentation_perspective_transformation_40/img_90_page_0.jpeg,90,0,1,2,6,0,6x2
img_91_page_0.jpeg,LPAE_15477_hr,augmentation_perspective_transformation_40/img_91_page_0.jpeg,91,0,1,4,3,1,3x4+1R
img_92_page_0.jpeg,LPAE_14680_hr,augmentation_perspective_transformation_40/img_92_page_0.jpeg,92,0,1,4,3,1,3x4+1R
img_93_page_0.jpeg,LPAE_15368_hr,augmentation_perspective_transformation_40/img_93_page_0.jpeg,93,0,1,2,6,1,6x2+1R
img_94_page_0.jpeg,LPAE_19138_hr,augmentation_perspective_transformation_40/img_94_page_0.jpeg,94,0,1,1,12,0,12x1
img_95_page_0.jpeg,LPAE_15529_hr,augmentation_perspective_transformation_40/img_95_page_0.jpeg,95,0,1,2,6,0,6x2
img_96_page_0.jpeg,LPAE_15607_hr,augmentation_perspective_transformation_40/img_96_page_0.jpeg,96,0,4,1,3,0,3x4
img_96_page_1.jpeg,LPAE_15607_hr,augmentation_perspective_transformation_40/img_96_page_1.jpeg,96,1,4,1,3,0,3x4
img_96_page_2.jpeg,LPAE_15607_hr,augmentation_perspective_transformation_40/img_96_page_2.jpeg,96,2,4,1,3,0,3x4
img_96_page_3.jpeg,LPAE_15607_hr,augmentation_perspective_transformation_40/img_96_page_3.jpeg,96,3,4,1,3,0,3x4
img_97_page_0.jpeg,LPAE_19202_hr,augmentation_perspective_transformation_40/img_97_page_0.jpeg,97,0,1,1,12,0,12x1
img_98_page_0.jpeg,LPAE_16212_hr,augmentation_perspective_transformation_40/img_98_page_0.jpeg,98,0,1,4,3,3,3x4+3R
img_99_page_0.jpeg,LPAE_19326_hr,augmentation_perspective_transformation_40/img_99_page_0.jpeg,99,0,1,2,6,0,6x2
img_100_page_0.jpeg,LPAE_20139_hr,augmentation_perspective_transformation_40/img_100_page_0.jpeg,100,0,1,4,3,3,3x4+3R
img_1_page_0.jpeg,LPAE_11666_hr,augmentation_resolution_scale_down_factor_16/img_1_page_0.jpeg,1,0,2,1,6,0,6x2
img_1_page_1.jpeg,LPAE_11666_hr,augmentation_resolution_scale_down_factor_16/img_1_page_1.jpeg,1,1,2,1,6,0,6x2
img_2_page_0.jpeg,LPAE_11209_hr,augmentation_resolution_scale_down_factor_16/img_2_page_0.jpeg,2,0,1,1,12,0,12x1
img_3_page_0.jpeg,LPAE_14009_hr,augmentation_resolution_scale_down_factor_16/img_3_page_0.jpeg,3,0,1,1,12,0,12x1
img_4_page_0.jpeg,LPAE_20999_hr,augmentation_resolution_scale_down_factor_16/img_4_page_0.jpeg,4,0,1,4,3,1,3x4+1R
img_5_page_0.jpeg,LPAE_21515_hr,augmentation_resolution_scale_down_factor_16/img_5_page_0.jpeg,5,0,1,2,6,0,6x2
img_6_page_0.jpeg,LPAE_02926_hr,augmentation_resolution_scale_down_factor_16/img_6_page_0.jpeg,6,0,1,1,12,0,12x1
img_7_page_0.jpeg,LPAE_21541_hr,augmentation_resolution_scale_down_factor_16/img_7_page_0.jpeg,7,0,1,2,6,0,6x2
img_8_page_0.jpeg,LPAE_05432_hr,augmentation_resolution_scale_down_factor_16/img_8_page_0.jpeg,8,0,1,4,3,3,3x4+3R
img_9_page_0.jpeg,LPAE_20159_hr,augmentation_resolution_scale_down_factor_16/img_9_page_0.jpeg,9,0,1,2,6,0,6x2
img_10_page_0.jpeg,LPAE_04827_hr,augmentation_resolution_scale_down_factor_16/img_10_page_0.jpeg,10,0,1,4,3,1,3x4+1R
img_11_page_0.jpeg,LPAE_06229_hr,augmentation_resolution_scale_down_factor_16/img_11_page_0.jpeg,11,0,1,2,6,0,6x2
img_12_page_0.jpeg,LPAE_10505_hr,augmentation_resolution_scale_down_factor_16/img_12_page_0.jpeg,12,0,1,4,3,3,3x4+3R
img_13_page_0.jpeg,LPAE_10300_hr,augmentation_resolution_scale_down_factor_16/img_13_page_0.jpeg,13,0,1,2,6,0,6x2
img_14_page_0.jpeg,LPAE_17226_hr,augmentation_resolution_scale_down_factor_16/img_14_page_0.jpeg,14,0,1,4,3,1,3x4+1R
img_15_page_0.jpeg,LPAE_05742_hr,augmentation_resolution_scale_down_factor_16/img_15_page_0.jpeg,15,0,1,4,3,1,3x4+1R
img_16_page_0.jpeg,LPAE_19550_hr,augmentation_resolution_scale_down_factor_16/img_16_page_0.jpeg,16,0,1,4,3,1,3x4+1R
img_17_page_0.jpeg,LPAE_06918_hr,augmentation_resolution_scale_down_factor_16/img_17_page_0.jpeg,17,0,1,4,3,1,3x4+1R
img_18_page_0.jpeg,LPAE_12879_hr,augmentation_resolution_scale_down_factor_16/img_18_page_0.jpeg,18,0,1,1,12,0,12x1
img_19_page_0.jpeg,LPAE_20790_hr,augmentation_resolution_scale_down_factor_16/img_19_page_0.jpeg,19,0,1,2,6,1,6x2+1R
img_20_page_0.jpeg,LPAE_20947_hr,augmentation_resolution_scale_down_factor_16/img_20_page_0.jpeg,20,0,1,4,3,0,3x4
img_21_page_0.jpeg,LPAE_20515_hr,augmentation_resolution_scale_down_factor_16/img_21_page_0.jpeg,21,0,1,2,6,0,6x2
img_22_page_0.jpeg,LPAE_06846_hr,augmentation_resolution_scale_down_factor_16/img_22_page_0.jpeg,22,0,1,4,3,1,3x4+1R
img_23_page_0.jpeg,LPAE_04957_hr,augmentation_resolution_scale_down_factor_16/img_23_page_0.jpeg,23,0,1,2,6,0,6x2
img_24_page_0.jpeg,LPAE_14819_hr,augmentation_resolution_scale_down_factor_16/img_24_page_0.jpeg,24,0,1,4,3,0,3x4
img_25_page_0.jpeg,LPAE_05441_hr,augmentation_resolution_scale_down_factor_16/img_25_page_0.jpeg,25,0,1,1,12,0,12x1
img_26_page_0.jpeg,LPAE_20971_hr,augmentation_resolution_scale_down_factor_16/img_26_page_0.jpeg,26,0,1,4,3,1,3x4+1R
img_27_page_0.jpeg,LPAE_20680_hr,augmentation_resolution_scale_down_factor_16/img_27_page_0.jpeg,27,0,1,4,3,0,3x4
img_28_page_0.jpeg,LPAE_07250_hr,augmentation_resolution_scale_down_factor_16/img_28_page_0.jpeg,28,0,1,4,3,1,3x4+1R
img_29_page_0.jpeg,LPAE_20748_hr,augmentation_resolution_scale_down_factor_16/img_29_page_0.jpeg,29,0,1,4,3,1,3x4+1R
img_30_page_0.jpeg,LPAE_06938_hr,augmentation_resolution_scale_down_factor_16/img_30_page_0.jpeg,30,0,1,2,6,1,6x2+1R
img_31_page_0.jpeg,LPAE_20367_hr,augmentation_resolution_scale_down_factor_16/img_31_page_0.jpeg,31,0,1,4,3,1,3x4+1R
img_32_page_0.jpeg,LPAE_07285_hr,augmentation_resolution_scale_down_factor_16/img_32_page_0.jpeg,32,0,1,4,3,0,3x4
img_33_page_0.jpeg,LPAE_07299_hr,augmentation_resolution_scale_down_factor_16/img_33_page_0.jpeg,33,0,1,2,6,0,6x2
img_34_page_0.jpeg,LPAE_21629_hr,augmentation_resolution_scale_down_factor_16/img_34_page_0.jpeg,34,0,1,2,6,0,6x2
img_35_page_0.jpeg,LPAE_07596_hr,augmentation_resolution_scale_down_factor_16/img_35_page_0.jpeg,35,0,1,2,6,0,6x2
img_36_page_0.jpeg,LPAE_10555_hr,augmentation_resolution_scale_down_factor_16/img_36_page_0.jpeg,36,0,1,4,3,0,3x4
img_37_page_0.jpeg,LPAE_21468_hr,augmentation_resolution_scale_down_factor_16/img_37_page_0.jpeg,37,0,1,4,3,1,3x4+1R
img_38_page_0.jpeg,LPAE_08885_hr,augmentation_resolution_scale_down_factor_16/img_38_page_0.jpeg,38,0,1,4,3,3,3x4+3R
img_39_page_0.jpeg,LPAE_09331_hr,augmentation_resolution_scale_down_factor_16/img_39_page_0.jpeg,39,0,1,2,6,0,6x2
img_40_page_0.jpeg,LPAE_09275_hr,augmentation_resolution_scale_down_factor_16/img_40_page_0.jpeg,40,0,1,4,3,1,3x4+1R
img_41_page_0.jpeg,LPAE_20243_hr,augmentation_resolution_scale_down_factor_16/img_41_page_0.jpeg,41,0,1,2,6,0,6x2
img_42_page_0.jpeg,LPAE_09545_hr,augmentation_resolution_scale_down_factor_16/img_42_page_0.jpeg,42,0,1,4,3,1,3x4+1R
img_43_page_0.jpeg,LPAE_09754_hr,augmentation_resolution_scale_down_factor_16/img_43_page_0.jpeg,43,0,1,4,3,1,3x4+1R
img_44_page_0.jpeg,LPAE_17637_hr,augmentation_resolution_scale_down_factor_16/img_44_page_0.jpeg,44,0,1,4,3,0,3x4
img_45_page_0.jpeg,LPAE_17118_hr,augmentation_resolution_scale_down_factor_16/img_45_page_0.jpeg,45,0,1,2,6,0,6x2
img_46_page_0.jpeg,LPAE_10306_hr,augmentation_resolution_scale_down_factor_16/img_46_page_0.jpeg,46,0,1,4,3,1,3x4+1R
img_47_page_0.jpeg,LPAE_10266_hr,augmentation_resolution_scale_down_factor_16/img_47_page_0.jpeg,47,0,1,4,3,3,3x4+3R
img_48_page_0.jpeg,LPAE_08007_hr,augmentation_resolution_scale_down_factor_16/img_48_page_0.jpeg,48,0,1,2,6,0,6x2
img_49_page_0.jpeg,LPAE_08962_hr,augmentation_resolution_scale_down_factor_16/img_49_page_0.jpeg,49,0,1,2,6,0,6x2
img_50_page_0.jpeg,LPAE_16895_hr,augmentation_resolution_scale_down_factor_16/img_50_page_0.jpeg,50,0,1,4,3,0,3x4
img_51_page_0.jpeg,LPAE_05359_hr,augmentation_resolution_scale_down_factor_16/img_51_page_0.jpeg,51,0,1,4,3,0,3x4
img_52_page_0.jpeg,LPAE_10554_hr,augmentation_resolution_scale_down_factor_16/img_52_page_0.jpeg,52,0,1,2,6,1,6x2+1R
img_53_page_0.jpeg,LPAE_10598_hr,augmentation_resolution_scale_down_factor_16/img_53_page_0.jpeg,53,0,1,2,6,0,6x2
img_54_page_0.jpeg,LPAE_17269_hr,augmentation_resolution_scale_down_factor_16/img_54_page_0.jpeg,54,0,2,2,3,0,3x4
img_54_page_1.jpeg,LPAE_17269_hr,augmentation_resolution_scale_down_factor_16/img_54_page_1.jpeg,54,1,2,2,3,0,3x4
img_55_page_0.jpeg,LPAE_10518_hr,augmentation_resolution_scale_down_factor_16/img_55_page_0.jpeg,55,0,1,2,6,0,6x2
img_56_page_0.jpeg,LPAE_10564_hr,augmentation_resolution_scale_down_factor_16/img_56_page_0.jpeg,56,0,1,2,6,0,6x2
img_57_page_0.jpeg,LPAE_06282_hr,augmentation_resolution_scale_down_factor_16/img_57_page_0.jpeg,57,0,1,1,12,0,12x1
img_58_page_0.jpeg,LPAE_10943_hr,augmentation_resolution_scale_down_factor_16/img_58_page_0.jpeg,58,0,1,4,3,0,3x4
img_59_page_0.jpeg,LPAE_18073_hr,augmentation_resolution_scale_down_factor_16/img_59_page_0.jpeg,59,0,1,2,6,0,6x2
img_60_page_0.jpeg,LPAE_11397_hr,augmentation_resolution_scale_down_factor_16/img_60_page_0.jpeg,60,0,1,2,6,0,6x2
img_61_page_0.jpeg,LPAE_05944_hr,augmentation_resolution_scale_down_factor_16/img_61_page_0.jpeg,61,0,1,2,6,1,6x2+1R
img_62_page_0.jpeg,LPAE_04733_hr,augmentation_resolution_scale_down_factor_16/img_62_page_0.jpeg,62,0,1,4,3,1,3x4+1R
img_63_page_0.jpeg,LPAE_10986_hr,augmentation_resolution_scale_down_factor_16/img_63_page_0.jpeg,63,0,1,4,3,0,3x4
img_64_page_0.jpeg,LPAE_18227_hr,augmentation_resolution_scale_down_factor_16/img_64_page_0.jpeg,64,0,1,2,6,0,6x2
img_65_page_0.jpeg,LPAE_18552_hr,augmentation_resolution_scale_down_factor_16/img_65_page_0.jpeg,65,0,1,2,6,0,6x2
img_66_page_0.jpeg,LPAE_11498_hr,augmentation_resolution_scale_down_factor_16/img_66_page_0.jpeg,66,0,1,4,3,1,3x4+1R
img_67_page_0.jpeg,LPAE_01805_hr,augmentation_resolution_scale_down_factor_16/img_67_page_0.jpeg,67,0,1,4,3,0,3x4
img_68_page_0.jpeg,LPAE_18945_hr,augmentation_resolution_scale_down_factor_16/img_68_page_0.jpeg,68,0,1,4,3,1,3x4+1R
img_69_page_0.jpeg,LPAE_12186_hr,augmentation_resolution_scale_down_factor_16/img_69_page_0.jpeg,69,0,1,4,3,0,3x4
img_70_page_0.jpeg,LPAE_04794_hr,augmentation_resolution_scale_down_factor_16/img_70_page_0.jpeg,70,0,1,1,12,0,12x1
img_71_page_0.jpeg,LPAE_12190_hr,augmentation_resolution_scale_down_factor_16/img_71_page_0.jpeg,71,0,1,4,3,1,3x4+1R
img_72_page_0.jpeg,LPAE_12432_hr,augmentation_resolution_scale_down_factor_16/img_72_page_0.jpeg,72,0,1,4,3,1,3x4+1R
img_73_page_0.jpeg,LPAE_19036_hr,augmentation_resolution_scale_down_factor_16/img_73_page_0.jpeg,73,0,1,2,6,0,6x2
img_74_page_0.jpeg,LPAE_12629_hr,augmentation_resolution_scale_down_factor_16/img_74_page_0.jpeg,74,0,1,4,3,1,3x4+1R
img_75_page_0.jpeg,LPAE_02444_hr,augmentation_resolution_scale_down_factor_16/img_75_page_0.jpeg,75,0,2,1,6,0,6x2
img_75_page_1.jpeg,LPAE_02444_hr,augmentation_resolution_scale_down_factor_16/img_75_page_1.jpeg,75,1,2,1,6,0,6x2
img_76_page_0.jpeg,LPAE_17345_hr,augmentation_resolution_scale_down_factor_16/img_76_page_0.jpeg,76,0,1,2,6,0,6x2
img_77_page_0.jpeg,LPAE_06303_hr,augmentation_resolution_scale_down_factor_16/img_77_page_0.jpeg,77,0,1,4,3,0,3x4
img_78_page_0.jpeg,LPAE_13851_hr,augmentation_resolution_scale_down_factor_16/img_78_page_0.jpeg,78,0,1,2,6,0,6x2
img_79_page_0.jpeg,LPAE_13962_hr,augmentation_resolution_scale_down_factor_16/img_79_page_0.jpeg,79,0,1,2,6,0,6x2
img_80_page_0.jpeg,LPAE_19394_hr,augmentation_resolution_scale_down_factor_16/img_80_page_0.jpeg,80,0,1,4,3,1,3x4+1R
img_81_page_0.jpeg,LPAE_00232_hr,augmentation_resolution_scale_down_factor_16/img_81_page_0.jpeg,81,0,1,4,3,1,3x4+1R
img_82_page_0.jpeg,LPAE_19269_hr,augmentation_resolution_scale_down_factor_16/img_82_page_0.jpeg,82,0,1,4,3,1,3x4+1R
img_83_page_0.jpeg,LPAE_20117_hr,augmentation_resolution_scale_down_factor_16/img_83_page_0.jpeg,83,0,1,4,3,3,3x4+3R
img_84_page_0.jpeg,LPAE_19164_hr,augmentation_resolution_scale_down_factor_16/img_84_page_0.jpeg,84,0,1,4,3,1,3x4+1R
img_85_page_0.jpeg,LPAE_19686_hr,augmentation_resolution_scale_down_factor_16/img_85_page_0.jpeg,85,0,1,4,3,1,3x4+1R
img_86_page_0.jpeg,LPAE_19968_hr,augmentation_resolution_scale_down_factor_16/img_86_page_0.jpeg,86,0,1,2,6,0,6x2
img_87_page_0.jpeg,LPAE_19288_hr,augmentation_resolution_scale_down_factor_16/img_87_page_0.jpeg,87,0,1,2,6,0,6x2
img_88_page_0.jpeg,LPAE_14304_hr,augmentation_resolution_scale_down_factor_16/img_88_page_0.jpeg,88,0,4,1,3,0,3x4
img_88_page_1.jpeg,LPAE_14304_hr,augmentation_resolution_scale_down_factor_16/img_88_page_1.jpeg,88,1,4,1,3,0,3x4
img_88_page_2.jpeg,LPAE_14304_hr,augmentation_resolution_scale_down_factor_16/img_88_page_2.jpeg,88,2,4,1,3,0,3x4
img_88_page_3.jpeg,LPAE_14304_hr,augmentation_resolution_scale_down_factor_16/img_88_page_3.jpeg,88,3,4,1,3,0,3x4
img_89_page_0.jpeg,LPAE_19309_hr,augmentation_resolution_scale_down_factor_16/img_89_page_0.jpeg,89,0,2,2,3,0,3x4
img_89_page_1.jpeg,LPAE_19309_hr,augmentation_resolution_scale_down_factor_16/img_89_page_1.jpeg,89,1,2,2,3,0,3x4
img_90_page_0.jpeg,LPAE_14641_hr,augmentation_resolution_scale_down_factor_16/img_90_page_0.jpeg,90,0,1,2,6,0,6x2
img_91_page_0.jpeg,LPAE_15477_hr,augmentation_resolution_scale_down_factor_16/img_91_page_0.jpeg,91,0,1,4,3,1,3x4+1R
img_92_page_0.jpeg,LPAE_14680_hr,augmentation_resolution_scale_down_factor_16/img_92_page_0.jpeg,92,0,1,4,3,1,3x4+1R
img_93_page_0.jpeg,LPAE_15368_hr,augmentation_resolution_scale_down_factor_16/img_93_page_0.jpeg,93,0,1,2,6,1,6x2+1R
img_94_page_0.jpeg,LPAE_19138_hr,augmentation_resolution_scale_down_factor_16/img_94_page_0.jpeg,94,0,1,1,12,0,12x1
img_95_page_0.jpeg,LPAE_15529_hr,augmentation_resolution_scale_down_factor_16/img_95_page_0.jpeg,95,0,1,2,6,0,6x2
img_96_page_0.jpeg,LPAE_15607_hr,augmentation_resolution_scale_down_factor_16/img_96_page_0.jpeg,96,0,4,1,3,0,3x4
img_96_page_1.jpeg,LPAE_15607_hr,augmentation_resolution_scale_down_factor_16/img_96_page_1.jpeg,96,1,4,1,3,0,3x4
img_96_page_2.jpeg,LPAE_15607_hr,augmentation_resolution_scale_down_factor_16/img_96_page_2.jpeg,96,2,4,1,3,0,3x4
img_96_page_3.jpeg,LPAE_15607_hr,augmentation_resolution_scale_down_factor_16/img_96_page_3.jpeg,96,3,4,1,3,0,3x4
img_97_page_0.jpeg,LPAE_19202_hr,augmentation_resolution_scale_down_factor_16/img_97_page_0.jpeg,97,0,1,1,12,0,12x1
img_98_page_0.jpeg,LPAE_16212_hr,augmentation_resolution_scale_down_factor_16/img_98_page_0.jpeg,98,0,1,4,3,3,3x4+3R
img_99_page_0.jpeg,LPAE_19326_hr,augmentation_resolution_scale_down_factor_16/img_99_page_0.jpeg,99,0,1,2,6,0,6x2
img_100_page_0.jpeg,LPAE_20139_hr,augmentation_resolution_scale_down_factor_16/img_100_page_0.jpeg,100,0,1,4,3,3,3x4+3R
img_1_page_0.jpeg,LPAE_11666_hr,augmentation_resolution_scale_down_factor_2/img_1_page_0.jpeg,1,0,2,1,6,0,6x2
img_1_page_1.jpeg,LPAE_11666_hr,augmentation_resolution_scale_down_factor_2/img_1_page_1.jpeg,1,1,2,1,6,0,6x2
img_2_page_0.jpeg,LPAE_11209_hr,augmentation_resolution_scale_down_factor_2/img_2_page_0.jpeg,2,0,1,1,12,0,12x1
img_3_page_0.jpeg,LPAE_14009_hr,augmentation_resolution_scale_down_factor_2/img_3_page_0.jpeg,3,0,1,1,12,0,12x1
img_4_page_0.jpeg,LPAE_20999_hr,augmentation_resolution_scale_down_factor_2/img_4_page_0.jpeg,4,0,1,4,3,1,3x4+1R
img_5_page_0.jpeg,LPAE_21515_hr,augmentation_resolution_scale_down_factor_2/img_5_page_0.jpeg,5,0,1,2,6,0,6x2
img_6_page_0.jpeg,LPAE_02926_hr,augmentation_resolution_scale_down_factor_2/img_6_page_0.jpeg,6,0,1,1,12,0,12x1
img_7_page_0.jpeg,LPAE_21541_hr,augmentation_resolution_scale_down_factor_2/img_7_page_0.jpeg,7,0,1,2,6,0,6x2
img_8_page_0.jpeg,LPAE_05432_hr,augmentation_resolution_scale_down_factor_2/img_8_page_0.jpeg,8,0,1,4,3,3,3x4+3R
img_9_page_0.jpeg,LPAE_20159_hr,augmentation_resolution_scale_down_factor_2/img_9_page_0.jpeg,9,0,1,2,6,0,6x2
img_10_page_0.jpeg,LPAE_04827_hr,augmentation_resolution_scale_down_factor_2/img_10_page_0.jpeg,10,0,1,4,3,1,3x4+1R
img_11_page_0.jpeg,LPAE_06229_hr,augmentation_resolution_scale_down_factor_2/img_11_page_0.jpeg,11,0,1,2,6,0,6x2
img_12_page_0.jpeg,LPAE_10505_hr,augmentation_resolution_scale_down_factor_2/img_12_page_0.jpeg,12,0,1,4,3,3,3x4+3R
img_13_page_0.jpeg,LPAE_10300_hr,augmentation_resolution_scale_down_factor_2/img_13_page_0.jpeg,13,0,1,2,6,0,6x2
img_14_page_0.jpeg,LPAE_17226_hr,augmentation_resolution_scale_down_factor_2/img_14_page_0.jpeg,14,0,1,4,3,1,3x4+1R
img_15_page_0.jpeg,LPAE_05742_hr,augmentation_resolution_scale_down_factor_2/img_15_page_0.jpeg,15,0,1,4,3,1,3x4+1R
img_16_page_0.jpeg,LPAE_19550_hr,augmentation_resolution_scale_down_factor_2/img_16_page_0.jpeg,16,0,1,4,3,1,3x4+1R
img_17_page_0.jpeg,LPAE_06918_hr,augmentation_resolution_scale_down_factor_2/img_17_page_0.jpeg,17,0,1,4,3,1,3x4+1R
img_18_page_0.jpeg,LPAE_12879_hr,augmentation_resolution_scale_down_factor_2/img_18_page_0.jpeg,18,0,1,1,12,0,12x1
img_19_page_0.jpeg,LPAE_20790_hr,augmentation_resolution_scale_down_factor_2/img_19_page_0.jpeg,19,0,1,2,6,1,6x2+1R
img_20_page_0.jpeg,LPAE_20947_hr,augmentation_resolution_scale_down_factor_2/img_20_page_0.jpeg,20,0,1,4,3,0,3x4
img_21_page_0.jpeg,LPAE_20515_hr,augmentation_resolution_scale_down_factor_2/img_21_page_0.jpeg,21,0,1,2,6,0,6x2
img_22_page_0.jpeg,LPAE_06846_hr,augmentation_resolution_scale_down_factor_2/img_22_page_0.jpeg,22,0,1,4,3,1,3x4+1R
img_23_page_0.jpeg,LPAE_04957_hr,augmentation_resolution_scale_down_factor_2/img_23_page_0.jpeg,23,0,1,2,6,0,6x2
img_24_page_0.jpeg,LPAE_14819_hr,augmentation_resolution_scale_down_factor_2/img_24_page_0.jpeg,24,0,1,4,3,0,3x4
img_25_page_0.jpeg,LPAE_05441_hr,augmentation_resolution_scale_down_factor_2/img_25_page_0.jpeg,25,0,1,1,12,0,12x1
img_26_page_0.jpeg,LPAE_20971_hr,augmentation_resolution_scale_down_factor_2/img_26_page_0.jpeg,26,0,1,4,3,1,3x4+1R
img_27_page_0.jpeg,LPAE_20680_hr,augmentation_resolution_scale_down_factor_2/img_27_page_0.jpeg,27,0,1,4,3,0,3x4
img_28_page_0.jpeg,LPAE_07250_hr,augmentation_resolution_scale_down_factor_2/img_28_page_0.jpeg,28,0,1,4,3,1,3x4+1R
img_29_page_0.jpeg,LPAE_20748_hr,augmentation_resolution_scale_down_factor_2/img_29_page_0.jpeg,29,0,1,4,3,1,3x4+1R
img_30_page_0.jpeg,LPAE_06938_hr,augmentation_resolution_scale_down_factor_2/img_30_page_0.jpeg,30,0,1,2,6,1,6x2+1R
img_31_page_0.jpeg,LPAE_20367_hr,augmentation_resolution_scale_down_factor_2/img_31_page_0.jpeg,31,0,1,4,3,1,3x4+1R
img_32_page_0.jpeg,LPAE_07285_hr,augmentation_resolution_scale_down_factor_2/img_32_page_0.jpeg,32,0,1,4,3,0,3x4
img_33_page_0.jpeg,LPAE_07299_hr,augmentation_resolution_scale_down_factor_2/img_33_page_0.jpeg,33,0,1,2,6,0,6x2
img_34_page_0.jpeg,LPAE_21629_hr,augmentation_resolution_scale_down_factor_2/img_34_page_0.jpeg,34,0,1,2,6,0,6x2
img_35_page_0.jpeg,LPAE_07596_hr,augmentation_resolution_scale_down_factor_2/img_35_page_0.jpeg,35,0,1,2,6,0,6x2
img_36_page_0.jpeg,LPAE_10555_hr,augmentation_resolution_scale_down_factor_2/img_36_page_0.jpeg,36,0,1,4,3,0,3x4
img_37_page_0.jpeg,LPAE_21468_hr,augmentation_resolution_scale_down_factor_2/img_37_page_0.jpeg,37,0,1,4,3,1,3x4+1R
img_38_page_0.jpeg,LPAE_08885_hr,augmentation_resolution_scale_down_factor_2/img_38_page_0.jpeg,38,0,1,4,3,3,3x4+3R
img_39_page_0.jpeg,LPAE_09331_hr,augmentation_resolution_scale_down_factor_2/img_39_page_0.jpeg,39,0,1,2,6,0,6x2
img_40_page_0.jpeg,LPAE_09275_hr,augmentation_resolution_scale_down_factor_2/img_40_page_0.jpeg,40,0,1,4,3,1,3x4+1R
img_41_page_0.jpeg,LPAE_20243_hr,augmentation_resolution_scale_down_factor_2/img_41_page_0.jpeg,41,0,1,2,6,0,6x2
img_42_page_0.jpeg,LPAE_09545_hr,augmentation_resolution_scale_down_factor_2/img_42_page_0.jpeg,42,0,1,4,3,1,3x4+1R
img_43_page_0.jpeg,LPAE_09754_hr,augmentation_resolution_scale_down_factor_2/img_43_page_0.jpeg,43,0,1,4,3,1,3x4+1R
img_44_page_0.jpeg,LPAE_17637_hr,augmentation_resolution_scale_down_factor_2/img_44_page_0.jpeg,44,0,1,4,3,0,3x4
img_45_page_0.jpeg,LPAE_17118_hr,augmentation_resolution_scale_down_factor_2/img_45_page_0.jpeg,45,0,1,2,6,0,6x2
img_46_page_0.jpeg,LPAE_10306_hr,augmentation_resolution_scale_down_factor_2/img_46_page_0.jpeg,46,0,1,4,3,1,3x4+1R
img_47_page_0.jpeg,LPAE_10266_hr,augmentation_resolution_scale_down_factor_2/img_47_page_0.jpeg,47,0,1,4,3,3,3x4+3R
img_48_page_0.jpeg,LPAE_08007_hr,augmentation_resolution_scale_down_factor_2/img_48_page_0.jpeg,48,0,1,2,6,0,6x2
img_49_page_0.jpeg,LPAE_08962_hr,augmentation_resolution_scale_down_factor_2/img_49_page_0.jpeg,49,0,1,2,6,0,6x2
img_50_page_0.jpeg,LPAE_16895_hr,augmentation_resolution_scale_down_factor_2/img_50_page_0.jpeg,50,0,1,4,3,0,3x4
img_51_page_0.jpeg,LPAE_05359_hr,augmentation_resolution_scale_down_factor_2/img_51_page_0.jpeg,51,0,1,4,3,0,3x4
img_52_page_0.jpeg,LPAE_10554_hr,augmentation_resolution_scale_down_factor_2/img_52_page_0.jpeg,52,0,1,2,6,1,6x2+1R
img_53_page_0.jpeg,LPAE_10598_hr,augmentation_resolution_scale_down_factor_2/img_53_page_0.jpeg,53,0,1,2,6,0,6x2
img_54_page_0.jpeg,LPAE_17269_hr,augmentation_resolution_scale_down_factor_2/img_54_page_0.jpeg,54,0,2,2,3,0,3x4
img_54_page_1.jpeg,LPAE_17269_hr,augmentation_resolution_scale_down_factor_2/img_54_page_1.jpeg,54,1,2,2,3,0,3x4
img_55_page_0.jpeg,LPAE_10518_hr,augmentation_resolution_scale_down_factor_2/img_55_page_0.jpeg,55,0,1,2,6,0,6x2
img_56_page_0.jpeg,LPAE_10564_hr,augmentation_resolution_scale_down_factor_2/img_56_page_0.jpeg,56,0,1,2,6,0,6x2
img_57_page_0.jpeg,LPAE_06282_hr,augmentation_resolution_scale_down_factor_2/img_57_page_0.jpeg,57,0,1,1,12,0,12x1
img_58_page_0.jpeg,LPAE_10943_hr,augmentation_resolution_scale_down_factor_2/img_58_page_0.jpeg,58,0,1,4,3,0,3x4
img_59_page_0.jpeg,LPAE_18073_hr,augmentation_resolution_scale_down_factor_2/img_59_page_0.jpeg,59,0,1,2,6,0,6x2
img_60_page_0.jpeg,LPAE_11397_hr,augmentation_resolution_scale_down_factor_2/img_60_page_0.jpeg,60,0,1,2,6,0,6x2
img_61_page_0.jpeg,LPAE_05944_hr,augmentation_resolution_scale_down_factor_2/img_61_page_0.jpeg,61,0,1,2,6,1,6x2+1R
img_62_page_0.jpeg,LPAE_04733_hr,augmentation_resolution_scale_down_factor_2/img_62_page_0.jpeg,62,0,1,4,3,1,3x4+1R
img_63_page_0.jpeg,LPAE_10986_hr,augmentation_resolution_scale_down_factor_2/img_63_page_0.jpeg,63,0,1,4,3,0,3x4
img_64_page_0.jpeg,LPAE_18227_hr,augmentation_resolution_scale_down_factor_2/img_64_page_0.jpeg,64,0,1,2,6,0,6x2
img_65_page_0.jpeg,LPAE_18552_hr,augmentation_resolution_scale_down_factor_2/img_65_page_0.jpeg,65,0,1,2,6,0,6x2
img_66_page_0.jpeg,LPAE_11498_hr,augmentation_resolution_scale_down_factor_2/img_66_page_0.jpeg,66,0,1,4,3,1,3x4+1R
img_67_page_0.jpeg,LPAE_01805_hr,augmentation_resolution_scale_down_factor_2/img_67_page_0.jpeg,67,0,1,4,3,0,3x4
img_68_page_0.jpeg,LPAE_18945_hr,augmentation_resolution_scale_down_factor_2/img_68_page_0.jpeg,68,0,1,4,3,1,3x4+1R
img_69_page_0.jpeg,LPAE_12186_hr,augmentation_resolution_scale_down_factor_2/img_69_page_0.jpeg,69,0,1,4,3,0,3x4
img_70_page_0.jpeg,LPAE_04794_hr,augmentation_resolution_scale_down_factor_2/img_70_page_0.jpeg,70,0,1,1,12,0,12x1
img_71_page_0.jpeg,LPAE_12190_hr,augmentation_resolution_scale_down_factor_2/img_71_page_0.jpeg,71,0,1,4,3,1,3x4+1R
img_72_page_0.jpeg,LPAE_12432_hr,augmentation_resolution_scale_down_factor_2/img_72_page_0.jpeg,72,0,1,4,3,1,3x4+1R
img_73_page_0.jpeg,LPAE_19036_hr,augmentation_resolution_scale_down_factor_2/img_73_page_0.jpeg,73,0,1,2,6,0,6x2
img_74_page_0.jpeg,LPAE_12629_hr,augmentation_resolution_scale_down_factor_2/img_74_page_0.jpeg,74,0,1,4,3,1,3x4+1R
img_75_page_0.jpeg,LPAE_02444_hr,augmentation_resolution_scale_down_factor_2/img_75_page_0.jpeg,75,0,2,1,6,0,6x2
img_75_page_1.jpeg,LPAE_02444_hr,augmentation_resolution_scale_down_factor_2/img_75_page_1.jpeg,75,1,2,1,6,0,6x2
img_76_page_0.jpeg,LPAE_17345_hr,augmentation_resolution_scale_down_factor_2/img_76_page_0.jpeg,76,0,1,2,6,0,6x2
img_77_page_0.jpeg,LPAE_06303_hr,augmentation_resolution_scale_down_factor_2/img_77_page_0.jpeg,77,0,1,4,3,0,3x4
img_78_page_0.jpeg,LPAE_13851_hr,augmentation_resolution_scale_down_factor_2/img_78_page_0.jpeg,78,0,1,2,6,0,6x2
img_79_page_0.jpeg,LPAE_13962_hr,augmentation_resolution_scale_down_factor_2/img_79_page_0.jpeg,79,0,1,2,6,0,6x2
img_80_page_0.jpeg,LPAE_19394_hr,augmentation_resolution_scale_down_factor_2/img_80_page_0.jpeg,80,0,1,4,3,1,3x4+1R
img_81_page_0.jpeg,LPAE_00232_hr,augmentation_resolution_scale_down_factor_2/img_81_page_0.jpeg,81,0,1,4,3,1,3x4+1R
img_82_page_0.jpeg,LPAE_19269_hr,augmentation_resolution_scale_down_factor_2/img_82_page_0.jpeg,82,0,1,4,3,1,3x4+1R
img_83_page_0.jpeg,LPAE_20117_hr,augmentation_resolution_scale_down_factor_2/img_83_page_0.jpeg,83,0,1,4,3,3,3x4+3R
img_84_page_0.jpeg,LPAE_19164_hr,augmentation_resolution_scale_down_factor_2/img_84_page_0.jpeg,84,0,1,4,3,1,3x4+1R
img_85_page_0.jpeg,LPAE_19686_hr,augmentation_resolution_scale_down_factor_2/img_85_page_0.jpeg,85,0,1,4,3,1,3x4+1R
img_86_page_0.jpeg,LPAE_19968_hr,augmentation_resolution_scale_down_factor_2/img_86_page_0.jpeg,86,0,1,2,6,0,6x2
img_87_page_0.jpeg,LPAE_19288_hr,augmentation_resolution_scale_down_factor_2/img_87_page_0.jpeg,87,0,1,2,6,0,6x2
img_88_page_0.jpeg,LPAE_14304_hr,augmentation_resolution_scale_down_factor_2/img_88_page_0.jpeg,88,0,4,1,3,0,3x4
img_88_page_1.jpeg,LPAE_14304_hr,augmentation_resolution_scale_down_factor_2/img_88_page_1.jpeg,88,1,4,1,3,0,3x4
img_88_page_2.jpeg,LPAE_14304_hr,augmentation_resolution_scale_down_factor_2/img_88_page_2.jpeg,88,2,4,1,3,0,3x4
img_88_page_3.jpeg,LPAE_14304_hr,augmentation_resolution_scale_down_factor_2/img_88_page_3.jpeg,88,3,4,1,3,0,3x4
img_89_page_0.jpeg,LPAE_19309_hr,augmentation_resolution_scale_down_factor_2/img_89_page_0.jpeg,89,0,2,2,3,0,3x4
img_89_page_1.jpeg,LPAE_19309_hr,augmentation_resolution_scale_down_factor_2/img_89_page_1.jpeg,89,1,2,2,3,0,3x4
img_90_page_0.jpeg,LPAE_14641_hr,augmentation_resolution_scale_down_factor_2/img_90_page_0.jpeg,90,0,1,2,6,0,6x2
img_91_page_0.jpeg,LPAE_15477_hr,augmentation_resolution_scale_down_factor_2/img_91_page_0.jpeg,91,0,1,4,3,1,3x4+1R
img_92_page_0.jpeg,LPAE_14680_hr,augmentation_resolution_scale_down_factor_2/img_92_page_0.jpeg,92,0,1,4,3,1,3x4+1R
img_93_page_0.jpeg,LPAE_15368_hr,augmentation_resolution_scale_down_factor_2/img_93_page_0.jpeg,93,0,1,2,6,1,6x2+1R
img_94_page_0.jpeg,LPAE_19138_hr,augmentation_resolution_scale_down_factor_2/img_94_page_0.jpeg,94,0,1,1,12,0,12x1
img_95_page_0.jpeg,LPAE_15529_hr,augmentation_resolution_scale_down_factor_2/img_95_page_0.jpeg,95,0,1,2,6,0,6x2
img_96_page_0.jpeg,LPAE_15607_hr,augmentation_resolution_scale_down_factor_2/img_96_page_0.jpeg,96,0,4,1,3,0,3x4
img_96_page_1.jpeg,LPAE_15607_hr,augmentation_resolution_scale_down_factor_2/img_96_page_1.jpeg,96,1,4,1,3,0,3x4
img_96_page_2.jpeg,LPAE_15607_hr,augmentation_resolution_scale_down_factor_2/img_96_page_2.jpeg,96,2,4,1,3,0,3x4
img_96_page_3.jpeg,LPAE_15607_hr,augmentation_resolution_scale_down_factor_2/img_96_page_3.jpeg,96,3,4,1,3,0,3x4
img_97_page_0.jpeg,LPAE_19202_hr,augmentation_resolution_scale_down_factor_2/img_97_page_0.jpeg,97,0,1,1,12,0,12x1
img_98_page_0.jpeg,LPAE_16212_hr,augmentation_resolution_scale_down_factor_2/img_98_page_0.jpeg,98,0,1,4,3,3,3x4+3R
img_99_page_0.jpeg,LPAE_19326_hr,augmentation_resolution_scale_down_factor_2/img_99_page_0.jpeg,99,0,1,2,6,0,6x2
img_100_page_0.jpeg,LPAE_20139_hr,augmentation_resolution_scale_down_factor_2/img_100_page_0.jpeg,100,0,1,4,3,3,3x4+3R
img_1_page_0.jpeg,LPAE_11666_hr,augmentation_resolution_scale_down_factor_32/img_1_page_0.jpeg,1,0,2,1,6,0,6x2
img_1_page_1.jpeg,LPAE_11666_hr,augmentation_resolution_scale_down_factor_32/img_1_page_1.jpeg,1,1,2,1,6,0,6x2
img_2_page_0.jpeg,LPAE_11209_hr,augmentation_resolution_scale_down_factor_32/img_2_page_0.jpeg,2,0,1,1,12,0,12x1
img_3_page_0.jpeg,LPAE_14009_hr,augmentation_resolution_scale_down_factor_32/img_3_page_0.jpeg,3,0,1,1,12,0,12x1
img_4_page_0.jpeg,LPAE_20999_hr,augmentation_resolution_scale_down_factor_32/img_4_page_0.jpeg,4,0,1,4,3,1,3x4+1R
img_5_page_0.jpeg,LPAE_21515_hr,augmentation_resolution_scale_down_factor_32/img_5_page_0.jpeg,5,0,1,2,6,0,6x2
img_6_page_0.jpeg,LPAE_02926_hr,augmentation_resolution_scale_down_factor_32/img_6_page_0.jpeg,6,0,1,1,12,0,12x1
img_7_page_0.jpeg,LPAE_21541_hr,augmentation_resolution_scale_down_factor_32/img_7_page_0.jpeg,7,0,1,2,6,0,6x2
img_8_page_0.jpeg,LPAE_05432_hr,augmentation_resolution_scale_down_factor_32/img_8_page_0.jpeg,8,0,1,4,3,3,3x4+3R
img_9_page_0.jpeg,LPAE_20159_hr,augmentation_resolution_scale_down_factor_32/img_9_page_0.jpeg,9,0,1,2,6,0,6x2
img_10_page_0.jpeg,LPAE_04827_hr,augmentation_resolution_scale_down_factor_32/img_10_page_0.jpeg,10,0,1,4,3,1,3x4+1R
img_11_page_0.jpeg,LPAE_06229_hr,augmentation_resolution_scale_down_factor_32/img_11_page_0.jpeg,11,0,1,2,6,0,6x2
img_12_page_0.jpeg,LPAE_10505_hr,augmentation_resolution_scale_down_factor_32/img_12_page_0.jpeg,12,0,1,4,3,3,3x4+3R
img_13_page_0.jpeg,LPAE_10300_hr,augmentation_resolution_scale_down_factor_32/img_13_page_0.jpeg,13,0,1,2,6,0,6x2
img_14_page_0.jpeg,LPAE_17226_hr,augmentation_resolution_scale_down_factor_32/img_14_page_0.jpeg,14,0,1,4,3,1,3x4+1R
img_15_page_0.jpeg,LPAE_05742_hr,augmentation_resolution_scale_down_factor_32/img_15_page_0.jpeg,15,0,1,4,3,1,3x4+1R
img_16_page_0.jpeg,LPAE_19550_hr,augmentation_resolution_scale_down_factor_32/img_16_page_0.jpeg,16,0,1,4,3,1,3x4+1R
img_17_page_0.jpeg,LPAE_06918_hr,augmentation_resolution_scale_down_factor_32/img_17_page_0.jpeg,17,0,1,4,3,1,3x4+1R
img_18_page_0.jpeg,LPAE_12879_hr,augmentation_resolution_scale_down_factor_32/img_18_page_0.jpeg,18,0,1,1,12,0,12x1
img_19_page_0.jpeg,LPAE_20790_hr,augmentation_resolution_scale_down_factor_32/img_19_page_0.jpeg,19,0,1,2,6,1,6x2+1R
img_20_page_0.jpeg,LPAE_20947_hr,augmentation_resolution_scale_down_factor_32/img_20_page_0.jpeg,20,0,1,4,3,0,3x4
img_21_page_0.jpeg,LPAE_20515_hr,augmentation_resolution_scale_down_factor_32/img_21_page_0.jpeg,21,0,1,2,6,0,6x2
img_22_page_0.jpeg,LPAE_06846_hr,augmentation_resolution_scale_down_factor_32/img_22_page_0.jpeg,22,0,1,4,3,1,3x4+1R
img_23_page_0.jpeg,LPAE_04957_hr,augmentation_resolution_scale_down_factor_32/img_23_page_0.jpeg,23,0,1,2,6,0,6x2
img_24_page_0.jpeg,LPAE_14819_hr,augmentation_resolution_scale_down_factor_32/img_24_page_0.jpeg,24,0,1,4,3,0,3x4
img_25_page_0.jpeg,LPAE_05441_hr,augmentation_resolution_scale_down_factor_32/img_25_page_0.jpeg,25,0,1,1,12,0,12x1
img_26_page_0.jpeg,LPAE_20971_hr,augmentation_resolution_scale_down_factor_32/img_26_page_0.jpeg,26,0,1,4,3,1,3x4+1R
img_27_page_0.jpeg,LPAE_20680_hr,augmentation_resolution_scale_down_factor_32/img_27_page_0.jpeg,27,0,1,4,3,0,3x4
img_28_page_0.jpeg,LPAE_07250_hr,augmentation_resolution_scale_down_factor_32/img_28_page_0.jpeg,28,0,1,4,3,1,3x4+1R
img_29_page_0.jpeg,LPAE_20748_hr,augmentation_resolution_scale_down_factor_32/img_29_page_0.jpeg,29,0,1,4,3,1,3x4+1R
img_30_page_0.jpeg,LPAE_06938_hr,augmentation_resolution_scale_down_factor_32/img_30_page_0.jpeg,30,0,1,2,6,1,6x2+1R
img_31_page_0.jpeg,LPAE_20367_hr,augmentation_resolution_scale_down_factor_32/img_31_page_0.jpeg,31,0,1,4,3,1,3x4+1R
img_32_page_0.jpeg,LPAE_07285_hr,augmentation_resolution_scale_down_factor_32/img_32_page_0.jpeg,32,0,1,4,3,0,3x4
img_33_page_0.jpeg,LPAE_07299_hr,augmentation_resolution_scale_down_factor_32/img_33_page_0.jpeg,33,0,1,2,6,0,6x2
img_34_page_0.jpeg,LPAE_21629_hr,augmentation_resolution_scale_down_factor_32/img_34_page_0.jpeg,34,0,1,2,6,0,6x2
img_35_page_0.jpeg,LPAE_07596_hr,augmentation_resolution_scale_down_factor_32/img_35_page_0.jpeg,35,0,1,2,6,0,6x2
img_36_page_0.jpeg,LPAE_10555_hr,augmentation_resolution_scale_down_factor_32/img_36_page_0.jpeg,36,0,1,4,3,0,3x4
img_37_page_0.jpeg,LPAE_21468_hr,augmentation_resolution_scale_down_factor_32/img_37_page_0.jpeg,37,0,1,4,3,1,3x4+1R
img_38_page_0.jpeg,LPAE_08885_hr,augmentation_resolution_scale_down_factor_32/img_38_page_0.jpeg,38,0,1,4,3,3,3x4+3R
img_39_page_0.jpeg,LPAE_09331_hr,augmentation_resolution_scale_down_factor_32/img_39_page_0.jpeg,39,0,1,2,6,0,6x2
img_40_page_0.jpeg,LPAE_09275_hr,augmentation_resolution_scale_down_factor_32/img_40_page_0.jpeg,40,0,1,4,3,1,3x4+1R
img_41_page_0.jpeg,LPAE_20243_hr,augmentation_resolution_scale_down_factor_32/img_41_page_0.jpeg,41,0,1,2,6,0,6x2
img_42_page_0.jpeg,LPAE_09545_hr,augmentation_resolution_scale_down_factor_32/img_42_page_0.jpeg,42,0,1,4,3,1,3x4+1R
img_43_page_0.jpeg,LPAE_09754_hr,augmentation_resolution_scale_down_factor_32/img_43_page_0.jpeg,43,0,1,4,3,1,3x4+1R
img_44_page_0.jpeg,LPAE_17637_hr,augmentation_resolution_scale_down_factor_32/img_44_page_0.jpeg,44,0,1,4,3,0,3x4
img_45_page_0.jpeg,LPAE_17118_hr,augmentation_resolution_scale_down_factor_32/img_45_page_0.jpeg,45,0,1,2,6,0,6x2
img_46_page_0.jpeg,LPAE_10306_hr,augmentation_resolution_scale_down_factor_32/img_46_page_0.jpeg,46,0,1,4,3,1,3x4+1R
img_47_page_0.jpeg,LPAE_10266_hr,augmentation_resolution_scale_down_factor_32/img_47_page_0.jpeg,47,0,1,4,3,3,3x4+3R
img_48_page_0.jpeg,LPAE_08007_hr,augmentation_resolution_scale_down_factor_32/img_48_page_0.jpeg,48,0,1,2,6,0,6x2
img_49_page_0.jpeg,LPAE_08962_hr,augmentation_resolution_scale_down_factor_32/img_49_page_0.jpeg,49,0,1,2,6,0,6x2
img_50_page_0.jpeg,LPAE_16895_hr,augmentation_resolution_scale_down_factor_32/img_50_page_0.jpeg,50,0,1,4,3,0,3x4
img_51_page_0.jpeg,LPAE_05359_hr,augmentation_resolution_scale_down_factor_32/img_51_page_0.jpeg,51,0,1,4,3,0,3x4
img_52_page_0.jpeg,LPAE_10554_hr,augmentation_resolution_scale_down_factor_32/img_52_page_0.jpeg,52,0,1,2,6,1,6x2+1R
img_53_page_0.jpeg,LPAE_10598_hr,augmentation_resolution_scale_down_factor_32/img_53_page_0.jpeg,53,0,1,2,6,0,6x2
img_54_page_0.jpeg,LPAE_17269_hr,augmentation_resolution_scale_down_factor_32/img_54_page_0.jpeg,54,0,2,2,3,0,3x4
img_54_page_1.jpeg,LPAE_17269_hr,augmentation_resolution_scale_down_factor_32/img_54_page_1.jpeg,54,1,2,2,3,0,3x4
img_55_page_0.jpeg,LPAE_10518_hr,augmentation_resolution_scale_down_factor_32/img_55_page_0.jpeg,55,0,1,2,6,0,6x2
img_56_page_0.jpeg,LPAE_10564_hr,augmentation_resolution_scale_down_factor_32/img_56_page_0.jpeg,56,0,1,2,6,0,6x2
img_57_page_0.jpeg,LPAE_06282_hr,augmentation_resolution_scale_down_factor_32/img_57_page_0.jpeg,57,0,1,1,12,0,12x1
img_58_page_0.jpeg,LPAE_10943_hr,augmentation_resolution_scale_down_factor_32/img_58_page_0.jpeg,58,0,1,4,3,0,3x4
img_59_page_0.jpeg,LPAE_18073_hr,augmentation_resolution_scale_down_factor_32/img_59_page_0.jpeg,59,0,1,2,6,0,6x2
img_60_page_0.jpeg,LPAE_11397_hr,augmentation_resolution_scale_down_factor_32/img_60_page_0.jpeg,60,0,1,2,6,0,6x2
img_61_page_0.jpeg,LPAE_05944_hr,augmentation_resolution_scale_down_factor_32/img_61_page_0.jpeg,61,0,1,2,6,1,6x2+1R
img_62_page_0.jpeg,LPAE_04733_hr,augmentation_resolution_scale_down_factor_32/img_62_page_0.jpeg,62,0,1,4,3,1,3x4+1R
img_63_page_0.jpeg,LPAE_10986_hr,augmentation_resolution_scale_down_factor_32/img_63_page_0.jpeg,63,0,1,4,3,0,3x4
img_64_page_0.jpeg,LPAE_18227_hr,augmentation_resolution_scale_down_factor_32/img_64_page_0.jpeg,64,0,1,2,6,0,6x2
img_65_page_0.jpeg,LPAE_18552_hr,augmentation_resolution_scale_down_factor_32/img_65_page_0.jpeg,65,0,1,2,6,0,6x2
img_66_page_0.jpeg,LPAE_11498_hr,augmentation_resolution_scale_down_factor_32/img_66_page_0.jpeg,66,0,1,4,3,1,3x4+1R
img_67_page_0.jpeg,LPAE_01805_hr,augmentation_resolution_scale_down_factor_32/img_67_page_0.jpeg,67,0,1,4,3,0,3x4
img_68_page_0.jpeg,LPAE_18945_hr,augmentation_resolution_scale_down_factor_32/img_68_page_0.jpeg,68,0,1,4,3,1,3x4+1R
img_69_page_0.jpeg,LPAE_12186_hr,augmentation_resolution_scale_down_factor_32/img_69_page_0.jpeg,69,0,1,4,3,0,3x4
img_70_page_0.jpeg,LPAE_04794_hr,augmentation_resolution_scale_down_factor_32/img_70_page_0.jpeg,70,0,1,1,12,0,12x1
img_71_page_0.jpeg,LPAE_12190_hr,augmentation_resolution_scale_down_factor_32/img_71_page_0.jpeg,71,0,1,4,3,1,3x4+1R
img_72_page_0.jpeg,LPAE_12432_hr,augmentation_resolution_scale_down_factor_32/img_72_page_0.jpeg,72,0,1,4,3,1,3x4+1R
img_73_page_0.jpeg,LPAE_19036_hr,augmentation_resolution_scale_down_factor_32/img_73_page_0.jpeg,73,0,1,2,6,0,6x2
img_74_page_0.jpeg,LPAE_12629_hr,augmentation_resolution_scale_down_factor_32/img_74_page_0.jpeg,74,0,1,4,3,1,3x4+1R
img_75_page_0.jpeg,LPAE_02444_hr,augmentation_resolution_scale_down_factor_32/img_75_page_0.jpeg,75,0,2,1,6,0,6x2
img_75_page_1.jpeg,LPAE_02444_hr,augmentation_resolution_scale_down_factor_32/img_75_page_1.jpeg,75,1,2,1,6,0,6x2
img_76_page_0.jpeg,LPAE_17345_hr,augmentation_resolution_scale_down_factor_32/img_76_page_0.jpeg,76,0,1,2,6,0,6x2
img_77_page_0.jpeg,LPAE_06303_hr,augmentation_resolution_scale_down_factor_32/img_77_page_0.jpeg,77,0,1,4,3,0,3x4
img_78_page_0.jpeg,LPAE_13851_hr,augmentation_resolution_scale_down_factor_32/img_78_page_0.jpeg,78,0,1,2,6,0,6x2
img_79_page_0.jpeg,LPAE_13962_hr,augmentation_resolution_scale_down_factor_32/img_79_page_0.jpeg,79,0,1,2,6,0,6x2
img_80_page_0.jpeg,LPAE_19394_hr,augmentation_resolution_scale_down_factor_32/img_80_page_0.jpeg,80,0,1,4,3,1,3x4+1R
img_81_page_0.jpeg,LPAE_00232_hr,augmentation_resolution_scale_down_factor_32/img_81_page_0.jpeg,81,0,1,4,3,1,3x4+1R
img_82_page_0.jpeg,LPAE_19269_hr,augmentation_resolution_scale_down_factor_32/img_82_page_0.jpeg,82,0,1,4,3,1,3x4+1R
img_83_page_0.jpeg,LPAE_20117_hr,augmentation_resolution_scale_down_factor_32/img_83_page_0.jpeg,83,0,1,4,3,3,3x4+3R
img_84_page_0.jpeg,LPAE_19164_hr,augmentation_resolution_scale_down_factor_32/img_84_page_0.jpeg,84,0,1,4,3,1,3x4+1R
img_85_page_0.jpeg,LPAE_19686_hr,augmentation_resolution_scale_down_factor_32/img_85_page_0.jpeg,85,0,1,4,3,1,3x4+1R
img_86_page_0.jpeg,LPAE_19968_hr,augmentation_resolution_scale_down_factor_32/img_86_page_0.jpeg,86,0,1,2,6,0,6x2
img_87_page_0.jpeg,LPAE_19288_hr,augmentation_resolution_scale_down_factor_32/img_87_page_0.jpeg,87,0,1,2,6,0,6x2
img_88_page_0.jpeg,LPAE_14304_hr,augmentation_resolution_scale_down_factor_32/img_88_page_0.jpeg,88,0,4,1,3,0,3x4
img_88_page_1.jpeg,LPAE_14304_hr,augmentation_resolution_scale_down_factor_32/img_88_page_1.jpeg,88,1,4,1,3,0,3x4
img_88_page_2.jpeg,LPAE_14304_hr,augmentation_resolution_scale_down_factor_32/img_88_page_2.jpeg,88,2,4,1,3,0,3x4
img_88_page_3.jpeg,LPAE_14304_hr,augmentation_resolution_scale_down_factor_32/img_88_page_3.jpeg,88,3,4,1,3,0,3x4
img_89_page_0.jpeg,LPAE_19309_hr,augmentation_resolution_scale_down_factor_32/img_89_page_0.jpeg,89,0,2,2,3,0,3x4
img_89_page_1.jpeg,LPAE_19309_hr,augmentation_resolution_scale_down_factor_32/img_89_page_1.jpeg,89,1,2,2,3,0,3x4
img_90_page_0.jpeg,LPAE_14641_hr,augmentation_resolution_scale_down_factor_32/img_90_page_0.jpeg,90,0,1,2,6,0,6x2
img_91_page_0.jpeg,LPAE_15477_hr,augmentation_resolution_scale_down_factor_32/img_91_page_0.jpeg,91,0,1,4,3,1,3x4+1R
img_92_page_0.jpeg,LPAE_14680_hr,augmentation_resolution_scale_down_factor_32/img_92_page_0.jpeg,92,0,1,4,3,1,3x4+1R
img_93_page_0.jpeg,LPAE_15368_hr,augmentation_resolution_scale_down_factor_32/img_93_page_0.jpeg,93,0,1,2,6,1,6x2+1R
img_94_page_0.jpeg,LPAE_19138_hr,augmentation_resolution_scale_down_factor_32/img_94_page_0.jpeg,94,0,1,1,12,0,12x1
img_95_page_0.jpeg,LPAE_15529_hr,augmentation_resolution_scale_down_factor_32/img_95_page_0.jpeg,95,0,1,2,6,0,6x2
img_96_page_0.jpeg,LPAE_15607_hr,augmentation_resolution_scale_down_factor_32/img_96_page_0.jpeg,96,0,4,1,3,0,3x4
img_96_page_1.jpeg,LPAE_15607_hr,augmentation_resolution_scale_down_factor_32/img_96_page_1.jpeg,96,1,4,1,3,0,3x4
img_96_page_2.jpeg,LPAE_15607_hr,augmentation_resolution_scale_down_factor_32/img_96_page_2.jpeg,96,2,4,1,3,0,3x4
img_96_page_3.jpeg,LPAE_15607_hr,augmentation_resolution_scale_down_factor_32/img_96_page_3.jpeg,96,3,4,1,3,0,3x4
img_97_page_0.jpeg,LPAE_19202_hr,augmentation_resolution_scale_down_factor_32/img_97_page_0.jpeg,97,0,1,1,12,0,12x1
img_98_page_0.jpeg,LPAE_16212_hr,augmentation_resolution_scale_down_factor_32/img_98_page_0.jpeg,98,0,1,4,3,3,3x4+3R
img_99_page_0.jpeg,LPAE_19326_hr,augmentation_resolution_scale_down_factor_32/img_99_page_0.jpeg,99,0,1,2,6,0,6x2
img_100_page_0.jpeg,LPAE_20139_hr,augmentation_resolution_scale_down_factor_32/img_100_page_0.jpeg,100,0,1,4,3,3,3x4+3R
img_1_page_0.jpeg,LPAE_11666_hr,augmentation_resolution_scale_down_factor_4/img_1_page_0.jpeg,1,0,2,1,6,0,6x2
img_1_page_1.jpeg,LPAE_11666_hr,augmentation_resolution_scale_down_factor_4/img_1_page_1.jpeg,1,1,2,1,6,0,6x2
img_2_page_0.jpeg,LPAE_11209_hr,augmentation_resolution_scale_down_factor_4/img_2_page_0.jpeg,2,0,1,1,12,0,12x1
img_3_page_0.jpeg,LPAE_14009_hr,augmentation_resolution_scale_down_factor_4/img_3_page_0.jpeg,3,0,1,1,12,0,12x1
img_4_page_0.jpeg,LPAE_20999_hr,augmentation_resolution_scale_down_factor_4/img_4_page_0.jpeg,4,0,1,4,3,1,3x4+1R
img_5_page_0.jpeg,LPAE_21515_hr,augmentation_resolution_scale_down_factor_4/img_5_page_0.jpeg,5,0,1,2,6,0,6x2
img_6_page_0.jpeg,LPAE_02926_hr,augmentation_resolution_scale_down_factor_4/img_6_page_0.jpeg,6,0,1,1,12,0,12x1
img_7_page_0.jpeg,LPAE_21541_hr,augmentation_resolution_scale_down_factor_4/img_7_page_0.jpeg,7,0,1,2,6,0,6x2
img_8_page_0.jpeg,LPAE_05432_hr,augmentation_resolution_scale_down_factor_4/img_8_page_0.jpeg,8,0,1,4,3,3,3x4+3R
img_9_page_0.jpeg,LPAE_20159_hr,augmentation_resolution_scale_down_factor_4/img_9_page_0.jpeg,9,0,1,2,6,0,6x2
img_10_page_0.jpeg,LPAE_04827_hr,augmentation_resolution_scale_down_factor_4/img_10_page_0.jpeg,10,0,1,4,3,1,3x4+1R
img_11_page_0.jpeg,LPAE_06229_hr,augmentation_resolution_scale_down_factor_4/img_11_page_0.jpeg,11,0,1,2,6,0,6x2
img_12_page_0.jpeg,LPAE_10505_hr,augmentation_resolution_scale_down_factor_4/img_12_page_0.jpeg,12,0,1,4,3,3,3x4+3R
img_13_page_0.jpeg,LPAE_10300_hr,augmentation_resolution_scale_down_factor_4/img_13_page_0.jpeg,13,0,1,2,6,0,6x2
img_14_page_0.jpeg,LPAE_17226_hr,augmentation_resolution_scale_down_factor_4/img_14_page_0.jpeg,14,0,1,4,3,1,3x4+1R
img_15_page_0.jpeg,LPAE_05742_hr,augmentation_resolution_scale_down_factor_4/img_15_page_0.jpeg,15,0,1,4,3,1,3x4+1R
img_16_page_0.jpeg,LPAE_19550_hr,augmentation_resolution_scale_down_factor_4/img_16_page_0.jpeg,16,0,1,4,3,1,3x4+1R
img_17_page_0.jpeg,LPAE_06918_hr,augmentation_resolution_scale_down_factor_4/img_17_page_0.jpeg,17,0,1,4,3,1,3x4+1R
img_18_page_0.jpeg,LPAE_12879_hr,augmentation_resolution_scale_down_factor_4/img_18_page_0.jpeg,18,0,1,1,12,0,12x1
img_19_page_0.jpeg,LPAE_20790_hr,augmentation_resolution_scale_down_factor_4/img_19_page_0.jpeg,19,0,1,2,6,1,6x2+1R
img_20_page_0.jpeg,LPAE_20947_hr,augmentation_resolution_scale_down_factor_4/img_20_page_0.jpeg,20,0,1,4,3,0,3x4
img_21_page_0.jpeg,LPAE_20515_hr,augmentation_resolution_scale_down_factor_4/img_21_page_0.jpeg,21,0,1,2,6,0,6x2
img_22_page_0.jpeg,LPAE_06846_hr,augmentation_resolution_scale_down_factor_4/img_22_page_0.jpeg,22,0,1,4,3,1,3x4+1R
img_23_page_0.jpeg,LPAE_04957_hr,augmentation_resolution_scale_down_factor_4/img_23_page_0.jpeg,23,0,1,2,6,0,6x2
img_24_page_0.jpeg,LPAE_14819_hr,augmentation_resolution_scale_down_factor_4/img_24_page_0.jpeg,24,0,1,4,3,0,3x4
img_25_page_0.jpeg,LPAE_05441_hr,augmentation_resolution_scale_down_factor_4/img_25_page_0.jpeg,25,0,1,1,12,0,12x1
img_26_page_0.jpeg,LPAE_20971_hr,augmentation_resolution_scale_down_factor_4/img_26_page_0.jpeg,26,0,1,4,3,1,3x4+1R
img_27_page_0.jpeg,LPAE_20680_hr,augmentation_resolution_scale_down_factor_4/img_27_page_0.jpeg,27,0,1,4,3,0,3x4
img_28_page_0.jpeg,LPAE_07250_hr,augmentation_resolution_scale_down_factor_4/img_28_page_0.jpeg,28,0,1,4,3,1,3x4+1R
img_29_page_0.jpeg,LPAE_20748_hr,augmentation_resolution_scale_down_factor_4/img_29_page_0.jpeg,29,0,1,4,3,1,3x4+1R
img_30_page_0.jpeg,LPAE_06938_hr,augmentation_resolution_scale_down_factor_4/img_30_page_0.jpeg,30,0,1,2,6,1,6x2+1R
img_31_page_0.jpeg,LPAE_20367_hr,augmentation_resolution_scale_down_factor_4/img_31_page_0.jpeg,31,0,1,4,3,1,3x4+1R
img_32_page_0.jpeg,LPAE_07285_hr,augmentation_resolution_scale_down_factor_4/img_32_page_0.jpeg,32,0,1,4,3,0,3x4
img_33_page_0.jpeg,LPAE_07299_hr,augmentation_resolution_scale_down_factor_4/img_33_page_0.jpeg,33,0,1,2,6,0,6x2
img_34_page_0.jpeg,LPAE_21629_hr,augmentation_resolution_scale_down_factor_4/img_34_page_0.jpeg,34,0,1,2,6,0,6x2
img_35_page_0.jpeg,LPAE_07596_hr,augmentation_resolution_scale_down_factor_4/img_35_page_0.jpeg,35,0,1,2,6,0,6x2
img_36_page_0.jpeg,LPAE_10555_hr,augmentation_resolution_scale_down_factor_4/img_36_page_0.jpeg,36,0,1,4,3,0,3x4
img_37_page_0.jpeg,LPAE_21468_hr,augmentation_resolution_scale_down_factor_4/img_37_page_0.jpeg,37,0,1,4,3,1,3x4+1R
img_38_page_0.jpeg,LPAE_08885_hr,augmentation_resolution_scale_down_factor_4/img_38_page_0.jpeg,38,0,1,4,3,3,3x4+3R
img_39_page_0.jpeg,LPAE_09331_hr,augmentation_resolution_scale_down_factor_4/img_39_page_0.jpeg,39,0,1,2,6,0,6x2
img_40_page_0.jpeg,LPAE_09275_hr,augmentation_resolution_scale_down_factor_4/img_40_page_0.jpeg,40,0,1,4,3,1,3x4+1R
img_41_page_0.jpeg,LPAE_20243_hr,augmentation_resolution_scale_down_factor_4/img_41_page_0.jpeg,41,0,1,2,6,0,6x2
img_42_page_0.jpeg,LPAE_09545_hr,augmentation_resolution_scale_down_factor_4/img_42_page_0.jpeg,42,0,1,4,3,1,3x4+1R
img_43_page_0.jpeg,LPAE_09754_hr,augmentation_resolution_scale_down_factor_4/img_43_page_0.jpeg,43,0,1,4,3,1,3x4+1R
img_44_page_0.jpeg,LPAE_17637_hr,augmentation_resolution_scale_down_factor_4/img_44_page_0.jpeg,44,0,1,4,3,0,3x4
img_45_page_0.jpeg,LPAE_17118_hr,augmentation_resolution_scale_down_factor_4/img_45_page_0.jpeg,45,0,1,2,6,0,6x2
img_46_page_0.jpeg,LPAE_10306_hr,augmentation_resolution_scale_down_factor_4/img_46_page_0.jpeg,46,0,1,4,3,1,3x4+1R
img_47_page_0.jpeg,LPAE_10266_hr,augmentation_resolution_scale_down_factor_4/img_47_page_0.jpeg,47,0,1,4,3,3,3x4+3R
img_48_page_0.jpeg,LPAE_08007_hr,augmentation_resolution_scale_down_factor_4/img_48_page_0.jpeg,48,0,1,2,6,0,6x2
img_49_page_0.jpeg,LPAE_08962_hr,augmentation_resolution_scale_down_factor_4/img_49_page_0.jpeg,49,0,1,2,6,0,6x2
img_50_page_0.jpeg,LPAE_16895_hr,augmentation_resolution_scale_down_factor_4/img_50_page_0.jpeg,50,0,1,4,3,0,3x4
img_51_page_0.jpeg,LPAE_05359_hr,augmentation_resolution_scale_down_factor_4/img_51_page_0.jpeg,51,0,1,4,3,0,3x4
img_52_page_0.jpeg,LPAE_10554_hr,augmentation_resolution_scale_down_factor_4/img_52_page_0.jpeg,52,0,1,2,6,1,6x2+1R
img_53_page_0.jpeg,LPAE_10598_hr,augmentation_resolution_scale_down_factor_4/img_53_page_0.jpeg,53,0,1,2,6,0,6x2
img_54_page_0.jpeg,LPAE_17269_hr,augmentation_resolution_scale_down_factor_4/img_54_page_0.jpeg,54,0,2,2,3,0,3x4
img_54_page_1.jpeg,LPAE_17269_hr,augmentation_resolution_scale_down_factor_4/img_54_page_1.jpeg,54,1,2,2,3,0,3x4
img_55_page_0.jpeg,LPAE_10518_hr,augmentation_resolution_scale_down_factor_4/img_55_page_0.jpeg,55,0,1,2,6,0,6x2
img_56_page_0.jpeg,LPAE_10564_hr,augmentation_resolution_scale_down_factor_4/img_56_page_0.jpeg,56,0,1,2,6,0,6x2
img_57_page_0.jpeg,LPAE_06282_hr,augmentation_resolution_scale_down_factor_4/img_57_page_0.jpeg,57,0,1,1,12,0,12x1
img_58_page_0.jpeg,LPAE_10943_hr,augmentation_resolution_scale_down_factor_4/img_58_page_0.jpeg,58,0,1,4,3,0,3x4
img_59_page_0.jpeg,LPAE_18073_hr,augmentation_resolution_scale_down_factor_4/img_59_page_0.jpeg,59,0,1,2,6,0,6x2
img_60_page_0.jpeg,LPAE_11397_hr,augmentation_resolution_scale_down_factor_4/img_60_page_0.jpeg,60,0,1,2,6,0,6x2
img_61_page_0.jpeg,LPAE_05944_hr,augmentation_resolution_scale_down_factor_4/img_61_page_0.jpeg,61,0,1,2,6,1,6x2+1R
img_62_page_0.jpeg,LPAE_04733_hr,augmentation_resolution_scale_down_factor_4/img_62_page_0.jpeg,62,0,1,4,3,1,3x4+1R
img_63_page_0.jpeg,LPAE_10986_hr,augmentation_resolution_scale_down_factor_4/img_63_page_0.jpeg,63,0,1,4,3,0,3x4
img_64_page_0.jpeg,LPAE_18227_hr,augmentation_resolution_scale_down_factor_4/img_64_page_0.jpeg,64,0,1,2,6,0,6x2
img_65_page_0.jpeg,LPAE_18552_hr,augmentation_resolution_scale_down_factor_4/img_65_page_0.jpeg,65,0,1,2,6,0,6x2
img_66_page_0.jpeg,LPAE_11498_hr,augmentation_resolution_scale_down_factor_4/img_66_page_0.jpeg,66,0,1,4,3,1,3x4+1R
img_67_page_0.jpeg,LPAE_01805_hr,augmentation_resolution_scale_down_factor_4/img_67_page_0.jpeg,67,0,1,4,3,0,3x4
img_68_page_0.jpeg,LPAE_18945_hr,augmentation_resolution_scale_down_factor_4/img_68_page_0.jpeg,68,0,1,4,3,1,3x4+1R
img_69_page_0.jpeg,LPAE_12186_hr,augmentation_resolution_scale_down_factor_4/img_69_page_0.jpeg,69,0,1,4,3,0,3x4
img_70_page_0.jpeg,LPAE_04794_hr,augmentation_resolution_scale_down_factor_4/img_70_page_0.jpeg,70,0,1,1,12,0,12x1
img_71_page_0.jpeg,LPAE_12190_hr,augmentation_resolution_scale_down_factor_4/img_71_page_0.jpeg,71,0,1,4,3,1,3x4+1R
img_72_page_0.jpeg,LPAE_12432_hr,augmentation_resolution_scale_down_factor_4/img_72_page_0.jpeg,72,0,1,4,3,1,3x4+1R
img_73_page_0.jpeg,LPAE_19036_hr,augmentation_resolution_scale_down_factor_4/img_73_page_0.jpeg,73,0,1,2,6,0,6x2
img_74_page_0.jpeg,LPAE_12629_hr,augmentation_resolution_scale_down_factor_4/img_74_page_0.jpeg,74,0,1,4,3,1,3x4+1R
img_75_page_0.jpeg,LPAE_02444_hr,augmentation_resolution_scale_down_factor_4/img_75_page_0.jpeg,75,0,2,1,6,0,6x2
img_75_page_1.jpeg,LPAE_02444_hr,augmentation_resolution_scale_down_factor_4/img_75_page_1.jpeg,75,1,2,1,6,0,6x2
img_76_page_0.jpeg,LPAE_17345_hr,augmentation_resolution_scale_down_factor_4/img_76_page_0.jpeg,76,0,1,2,6,0,6x2
img_77_page_0.jpeg,LPAE_06303_hr,augmentation_resolution_scale_down_factor_4/img_77_page_0.jpeg,77,0,1,4,3,0,3x4
img_78_page_0.jpeg,LPAE_13851_hr,augmentation_resolution_scale_down_factor_4/img_78_page_0.jpeg,78,0,1,2,6,0,6x2
img_79_page_0.jpeg,LPAE_13962_hr,augmentation_resolution_scale_down_factor_4/img_79_page_0.jpeg,79,0,1,2,6,0,6x2
img_80_page_0.jpeg,LPAE_19394_hr,augmentation_resolution_scale_down_factor_4/img_80_page_0.jpeg,80,0,1,4,3,1,3x4+1R
img_81_page_0.jpeg,LPAE_00232_hr,augmentation_resolution_scale_down_factor_4/img_81_page_0.jpeg,81,0,1,4,3,1,3x4+1R
img_82_page_0.jpeg,LPAE_19269_hr,augmentation_resolution_scale_down_factor_4/img_82_page_0.jpeg,82,0,1,4,3,1,3x4+1R
img_83_page_0.jpeg,LPAE_20117_hr,augmentation_resolution_scale_down_factor_4/img_83_page_0.jpeg,83,0,1,4,3,3,3x4+3R
img_84_page_0.jpeg,LPAE_19164_hr,augmentation_resolution_scale_down_factor_4/img_84_page_0.jpeg,84,0,1,4,3,1,3x4+1R
img_85_page_0.jpeg,LPAE_19686_hr,augmentation_resolution_scale_down_factor_4/img_85_page_0.jpeg,85,0,1,4,3,1,3x4+1R
img_86_page_0.jpeg,LPAE_19968_hr,augmentation_resolution_scale_down_factor_4/img_86_page_0.jpeg,86,0,1,2,6,0,6x2
img_87_page_0.jpeg,LPAE_19288_hr,augmentation_resolution_scale_down_factor_4/img_87_page_0.jpeg,87,0,1,2,6,0,6x2
img_88_page_0.jpeg,LPAE_14304_hr,augmentation_resolution_scale_down_factor_4/img_88_page_0.jpeg,88,0,4,1,3,0,3x4
img_88_page_1.jpeg,LPAE_14304_hr,augmentation_resolution_scale_down_factor_4/img_88_page_1.jpeg,88,1,4,1,3,0,3x4
img_88_page_2.jpeg,LPAE_14304_hr,augmentation_resolution_scale_down_factor_4/img_88_page_2.jpeg,88,2,4,1,3,0,3x4
img_88_page_3.jpeg,LPAE_14304_hr,augmentation_resolution_scale_down_factor_4/img_88_page_3.jpeg,88,3,4,1,3,0,3x4
img_89_page_0.jpeg,LPAE_19309_hr,augmentation_resolution_scale_down_factor_4/img_89_page_0.jpeg,89,0,2,2,3,0,3x4
img_89_page_1.jpeg,LPAE_19309_hr,augmentation_resolution_scale_down_factor_4/img_89_page_1.jpeg,89,1,2,2,3,0,3x4
img_90_page_0.jpeg,LPAE_14641_hr,augmentation_resolution_scale_down_factor_4/img_90_page_0.jpeg,90,0,1,2,6,0,6x2
img_91_page_0.jpeg,LPAE_15477_hr,augmentation_resolution_scale_down_factor_4/img_91_page_0.jpeg,91,0,1,4,3,1,3x4+1R
img_92_page_0.jpeg,LPAE_14680_hr,augmentation_resolution_scale_down_factor_4/img_92_page_0.jpeg,92,0,1,4,3,1,3x4+1R
img_93_page_0.jpeg,LPAE_15368_hr,augmentation_resolution_scale_down_factor_4/img_93_page_0.jpeg,93,0,1,2,6,1,6x2+1R
img_94_page_0.jpeg,LPAE_19138_hr,augmentation_resolution_scale_down_factor_4/img_94_page_0.jpeg,94,0,1,1,12,0,12x1
img_95_page_0.jpeg,LPAE_15529_hr,augmentation_resolution_scale_down_factor_4/img_95_page_0.jpeg,95,0,1,2,6,0,6x2
img_96_page_0.jpeg,LPAE_15607_hr,augmentation_resolution_scale_down_factor_4/img_96_page_0.jpeg,96,0,4,1,3,0,3x4
img_96_page_1.jpeg,LPAE_15607_hr,augmentation_resolution_scale_down_factor_4/img_96_page_1.jpeg,96,1,4,1,3,0,3x4
img_96_page_2.jpeg,LPAE_15607_hr,augmentation_resolution_scale_down_factor_4/img_96_page_2.jpeg,96,2,4,1,3,0,3x4
img_96_page_3.jpeg,LPAE_15607_hr,augmentation_resolution_scale_down_factor_4/img_96_page_3.jpeg,96,3,4,1,3,0,3x4
img_97_page_0.jpeg,LPAE_19202_hr,augmentation_resolution_scale_down_factor_4/img_97_page_0.jpeg,97,0,1,1,12,0,12x1
img_98_page_0.jpeg,LPAE_16212_hr,augmentation_resolution_scale_down_factor_4/img_98_page_0.jpeg,98,0,1,4,3,3,3x4+3R
img_99_page_0.jpeg,LPAE_19326_hr,augmentation_resolution_scale_down_factor_4/img_99_page_0.jpeg,99,0,1,2,6,0,6x2
img_100_page_0.jpeg,LPAE_20139_hr,augmentation_resolution_scale_down_factor_4/img_100_page_0.jpeg,100,0,1,4,3,3,3x4+3R
img_1_page_0.jpeg,LPAE_11666_hr,augmentation_resolution_scale_down_factor_8/img_1_page_0.jpeg,1,0,2,1,6,0,6x2
img_1_page_1.jpeg,LPAE_11666_hr,augmentation_resolution_scale_down_factor_8/img_1_page_1.jpeg,1,1,2,1,6,0,6x2
img_2_page_0.jpeg,LPAE_11209_hr,augmentation_resolution_scale_down_factor_8/img_2_page_0.jpeg,2,0,1,1,12,0,12x1
img_3_page_0.jpeg,LPAE_14009_hr,augmentation_resolution_scale_down_factor_8/img_3_page_0.jpeg,3,0,1,1,12,0,12x1
img_4_page_0.jpeg,LPAE_20999_hr,augmentation_resolution_scale_down_factor_8/img_4_page_0.jpeg,4,0,1,4,3,1,3x4+1R
img_5_page_0.jpeg,LPAE_21515_hr,augmentation_resolution_scale_down_factor_8/img_5_page_0.jpeg,5,0,1,2,6,0,6x2
img_6_page_0.jpeg,LPAE_02926_hr,augmentation_resolution_scale_down_factor_8/img_6_page_0.jpeg,6,0,1,1,12,0,12x1
img_7_page_0.jpeg,LPAE_21541_hr,augmentation_resolution_scale_down_factor_8/img_7_page_0.jpeg,7,0,1,2,6,0,6x2
img_8_page_0.jpeg,LPAE_05432_hr,augmentation_resolution_scale_down_factor_8/img_8_page_0.jpeg,8,0,1,4,3,3,3x4+3R
img_9_page_0.jpeg,LPAE_20159_hr,augmentation_resolution_scale_down_factor_8/img_9_page_0.jpeg,9,0,1,2,6,0,6x2
img_10_page_0.jpeg,LPAE_04827_hr,augmentation_resolution_scale_down_factor_8/img_10_page_0.jpeg,10,0,1,4,3,1,3x4+1R
img_11_page_0.jpeg,LPAE_06229_hr,augmentation_resolution_scale_down_factor_8/img_11_page_0.jpeg,11,0,1,2,6,0,6x2
img_12_page_0.jpeg,LPAE_10505_hr,augmentation_resolution_scale_down_factor_8/img_12_page_0.jpeg,12,0,1,4,3,3,3x4+3R
img_13_page_0.jpeg,LPAE_10300_hr,augmentation_resolution_scale_down_factor_8/img_13_page_0.jpeg,13,0,1,2,6,0,6x2
img_14_page_0.jpeg,LPAE_17226_hr,augmentation_resolution_scale_down_factor_8/img_14_page_0.jpeg,14,0,1,4,3,1,3x4+1R
img_15_page_0.jpeg,LPAE_05742_hr,augmentation_resolution_scale_down_factor_8/img_15_page_0.jpeg,15,0,1,4,3,1,3x4+1R
img_16_page_0.jpeg,LPAE_19550_hr,augmentation_resolution_scale_down_factor_8/img_16_page_0.jpeg,16,0,1,4,3,1,3x4+1R
img_17_page_0.jpeg,LPAE_06918_hr,augmentation_resolution_scale_down_factor_8/img_17_page_0.jpeg,17,0,1,4,3,1,3x4+1R
img_18_page_0.jpeg,LPAE_12879_hr,augmentation_resolution_scale_down_factor_8/img_18_page_0.jpeg,18,0,1,1,12,0,12x1
img_19_page_0.jpeg,LPAE_20790_hr,augmentation_resolution_scale_down_factor_8/img_19_page_0.jpeg,19,0,1,2,6,1,6x2+1R
img_20_page_0.jpeg,LPAE_20947_hr,augmentation_resolution_scale_down_factor_8/img_20_page_0.jpeg,20,0,1,4,3,0,3x4
img_21_page_0.jpeg,LPAE_20515_hr,augmentation_resolution_scale_down_factor_8/img_21_page_0.jpeg,21,0,1,2,6,0,6x2
img_22_page_0.jpeg,LPAE_06846_hr,augmentation_resolution_scale_down_factor_8/img_22_page_0.jpeg,22,0,1,4,3,1,3x4+1R
img_23_page_0.jpeg,LPAE_04957_hr,augmentation_resolution_scale_down_factor_8/img_23_page_0.jpeg,23,0,1,2,6,0,6x2
img_24_page_0.jpeg,LPAE_14819_hr,augmentation_resolution_scale_down_factor_8/img_24_page_0.jpeg,24,0,1,4,3,0,3x4
img_25_page_0.jpeg,LPAE_05441_hr,augmentation_resolution_scale_down_factor_8/img_25_page_0.jpeg,25,0,1,1,12,0,12x1
img_26_page_0.jpeg,LPAE_20971_hr,augmentation_resolution_scale_down_factor_8/img_26_page_0.jpeg,26,0,1,4,3,1,3x4+1R
img_27_page_0.jpeg,LPAE_20680_hr,augmentation_resolution_scale_down_factor_8/img_27_page_0.jpeg,27,0,1,4,3,0,3x4
img_28_page_0.jpeg,LPAE_07250_hr,augmentation_resolution_scale_down_factor_8/img_28_page_0.jpeg,28,0,1,4,3,1,3x4+1R
img_29_page_0.jpeg,LPAE_20748_hr,augmentation_resolution_scale_down_factor_8/img_29_page_0.jpeg,29,0,1,4,3,1,3x4+1R
img_30_page_0.jpeg,LPAE_06938_hr,augmentation_resolution_scale_down_factor_8/img_30_page_0.jpeg,30,0,1,2,6,1,6x2+1R
img_31_page_0.jpeg,LPAE_20367_hr,augmentation_resolution_scale_down_factor_8/img_31_page_0.jpeg,31,0,1,4,3,1,3x4+1R
img_32_page_0.jpeg,LPAE_07285_hr,augmentation_resolution_scale_down_factor_8/img_32_page_0.jpeg,32,0,1,4,3,0,3x4
img_33_page_0.jpeg,LPAE_07299_hr,augmentation_resolution_scale_down_factor_8/img_33_page_0.jpeg,33,0,1,2,6,0,6x2
img_34_page_0.jpeg,LPAE_21629_hr,augmentation_resolution_scale_down_factor_8/img_34_page_0.jpeg,34,0,1,2,6,0,6x2
img_35_page_0.jpeg,LPAE_07596_hr,augmentation_resolution_scale_down_factor_8/img_35_page_0.jpeg,35,0,1,2,6,0,6x2
img_36_page_0.jpeg,LPAE_10555_hr,augmentation_resolution_scale_down_factor_8/img_36_page_0.jpeg,36,0,1,4,3,0,3x4
img_37_page_0.jpeg,LPAE_21468_hr,augmentation_resolution_scale_down_factor_8/img_37_page_0.jpeg,37,0,1,4,3,1,3x4+1R
img_38_page_0.jpeg,LPAE_08885_hr,augmentation_resolution_scale_down_factor_8/img_38_page_0.jpeg,38,0,1,4,3,3,3x4+3R
img_39_page_0.jpeg,LPAE_09331_hr,augmentation_resolution_scale_down_factor_8/img_39_page_0.jpeg,39,0,1,2,6,0,6x2
img_40_page_0.jpeg,LPAE_09275_hr,augmentation_resolution_scale_down_factor_8/img_40_page_0.jpeg,40,0,1,4,3,1,3x4+1R
img_41_page_0.jpeg,LPAE_20243_hr,augmentation_resolution_scale_down_factor_8/img_41_page_0.jpeg,41,0,1,2,6,0,6x2
img_42_page_0.jpeg,LPAE_09545_hr,augmentation_resolution_scale_down_factor_8/img_42_page_0.jpeg,42,0,1,4,3,1,3x4+1R
img_43_page_0.jpeg,LPAE_09754_hr,augmentation_resolution_scale_down_factor_8/img_43_page_0.jpeg,43,0,1,4,3,1,3x4+1R
img_44_page_0.jpeg,LPAE_17637_hr,augmentation_resolution_scale_down_factor_8/img_44_page_0.jpeg,44,0,1,4,3,0,3x4
img_45_page_0.jpeg,LPAE_17118_hr,augmentation_resolution_scale_down_factor_8/img_45_page_0.jpeg,45,0,1,2,6,0,6x2
img_46_page_0.jpeg,LPAE_10306_hr,augmentation_resolution_scale_down_factor_8/img_46_page_0.jpeg,46,0,1,4,3,1,3x4+1R
img_47_page_0.jpeg,LPAE_10266_hr,augmentation_resolution_scale_down_factor_8/img_47_page_0.jpeg,47,0,1,4,3,3,3x4+3R
img_48_page_0.jpeg,LPAE_08007_hr,augmentation_resolution_scale_down_factor_8/img_48_page_0.jpeg,48,0,1,2,6,0,6x2
img_49_page_0.jpeg,LPAE_08962_hr,augmentation_resolution_scale_down_factor_8/img_49_page_0.jpeg,49,0,1,2,6,0,6x2
img_50_page_0.jpeg,LPAE_16895_hr,augmentation_resolution_scale_down_factor_8/img_50_page_0.jpeg,50,0,1,4,3,0,3x4
img_51_page_0.jpeg,LPAE_05359_hr,augmentation_resolution_scale_down_factor_8/img_51_page_0.jpeg,51,0,1,4,3,0,3x4
img_52_page_0.jpeg,LPAE_10554_hr,augmentation_resolution_scale_down_factor_8/img_52_page_0.jpeg,52,0,1,2,6,1,6x2+1R
img_53_page_0.jpeg,LPAE_10598_hr,augmentation_resolution_scale_down_factor_8/img_53_page_0.jpeg,53,0,1,2,6,0,6x2
img_54_page_0.jpeg,LPAE_17269_hr,augmentation_resolution_scale_down_factor_8/img_54_page_0.jpeg,54,0,2,2,3,0,3x4
img_54_page_1.jpeg,LPAE_17269_hr,augmentation_resolution_scale_down_factor_8/img_54_page_1.jpeg,54,1,2,2,3,0,3x4
img_55_page_0.jpeg,LPAE_10518_hr,augmentation_resolution_scale_down_factor_8/img_55_page_0.jpeg,55,0,1,2,6,0,6x2
img_56_page_0.jpeg,LPAE_10564_hr,augmentation_resolution_scale_down_factor_8/img_56_page_0.jpeg,56,0,1,2,6,0,6x2
img_57_page_0.jpeg,LPAE_06282_hr,augmentation_resolution_scale_down_factor_8/img_57_page_0.jpeg,57,0,1,1,12,0,12x1
img_58_page_0.jpeg,LPAE_10943_hr,augmentation_resolution_scale_down_factor_8/img_58_page_0.jpeg,58,0,1,4,3,0,3x4
img_59_page_0.jpeg,LPAE_18073_hr,augmentation_resolution_scale_down_factor_8/img_59_page_0.jpeg,59,0,1,2,6,0,6x2
img_60_page_0.jpeg,LPAE_11397_hr,augmentation_resolution_scale_down_factor_8/img_60_page_0.jpeg,60,0,1,2,6,0,6x2
img_61_page_0.jpeg,LPAE_05944_hr,augmentation_resolution_scale_down_factor_8/img_61_page_0.jpeg,61,0,1,2,6,1,6x2+1R
img_62_page_0.jpeg,LPAE_04733_hr,augmentation_resolution_scale_down_factor_8/img_62_page_0.jpeg,62,0,1,4,3,1,3x4+1R
img_63_page_0.jpeg,LPAE_10986_hr,augmentation_resolution_scale_down_factor_8/img_63_page_0.jpeg,63,0,1,4,3,0,3x4
img_64_page_0.jpeg,LPAE_18227_hr,augmentation_resolution_scale_down_factor_8/img_64_page_0.jpeg,64,0,1,2,6,0,6x2
img_65_page_0.jpeg,LPAE_18552_hr,augmentation_resolution_scale_down_factor_8/img_65_page_0.jpeg,65,0,1,2,6,0,6x2
img_66_page_0.jpeg,LPAE_11498_hr,augmentation_resolution_scale_down_factor_8/img_66_page_0.jpeg,66,0,1,4,3,1,3x4+1R
img_67_page_0.jpeg,LPAE_01805_hr,augmentation_resolution_scale_down_factor_8/img_67_page_0.jpeg,67,0,1,4,3,0,3x4
img_68_page_0.jpeg,LPAE_18945_hr,augmentation_resolution_scale_down_factor_8/img_68_page_0.jpeg,68,0,1,4,3,1,3x4+1R
img_69_page_0.jpeg,LPAE_12186_hr,augmentation_resolution_scale_down_factor_8/img_69_page_0.jpeg,69,0,1,4,3,0,3x4
img_70_page_0.jpeg,LPAE_04794_hr,augmentation_resolution_scale_down_factor_8/img_70_page_0.jpeg,70,0,1,1,12,0,12x1
img_71_page_0.jpeg,LPAE_12190_hr,augmentation_resolution_scale_down_factor_8/img_71_page_0.jpeg,71,0,1,4,3,1,3x4+1R
img_72_page_0.jpeg,LPAE_12432_hr,augmentation_resolution_scale_down_factor_8/img_72_page_0.jpeg,72,0,1,4,3,1,3x4+1R
img_73_page_0.jpeg,LPAE_19036_hr,augmentation_resolution_scale_down_factor_8/img_73_page_0.jpeg,73,0,1,2,6,0,6x2
img_74_page_0.jpeg,LPAE_12629_hr,augmentation_resolution_scale_down_factor_8/img_74_page_0.jpeg,74,0,1,4,3,1,3x4+1R
img_75_page_0.jpeg,LPAE_02444_hr,augmentation_resolution_scale_down_factor_8/img_75_page_0.jpeg,75,0,2,1,6,0,6x2
img_75_page_1.jpeg,LPAE_02444_hr,augmentation_resolution_scale_down_factor_8/img_75_page_1.jpeg,75,1,2,1,6,0,6x2
img_76_page_0.jpeg,LPAE_17345_hr,augmentation_resolution_scale_down_factor_8/img_76_page_0.jpeg,76,0,1,2,6,0,6x2
img_77_page_0.jpeg,LPAE_06303_hr,augmentation_resolution_scale_down_factor_8/img_77_page_0.jpeg,77,0,1,4,3,0,3x4
img_78_page_0.jpeg,LPAE_13851_hr,augmentation_resolution_scale_down_factor_8/img_78_page_0.jpeg,78,0,1,2,6,0,6x2
img_79_page_0.jpeg,LPAE_13962_hr,augmentation_resolution_scale_down_factor_8/img_79_page_0.jpeg,79,0,1,2,6,0,6x2
img_80_page_0.jpeg,LPAE_19394_hr,augmentation_resolution_scale_down_factor_8/img_80_page_0.jpeg,80,0,1,4,3,1,3x4+1R
img_81_page_0.jpeg,LPAE_00232_hr,augmentation_resolution_scale_down_factor_8/img_81_page_0.jpeg,81,0,1,4,3,1,3x4+1R
img_82_page_0.jpeg,LPAE_19269_hr,augmentation_resolution_scale_down_factor_8/img_82_page_0.jpeg,82,0,1,4,3,1,3x4+1R
img_83_page_0.jpeg,LPAE_20117_hr,augmentation_resolution_scale_down_factor_8/img_83_page_0.jpeg,83,0,1,4,3,3,3x4+3R
img_84_page_0.jpeg,LPAE_19164_hr,augmentation_resolution_scale_down_factor_8/img_84_page_0.jpeg,84,0,1,4,3,1,3x4+1R
img_85_page_0.jpeg,LPAE_19686_hr,augmentation_resolution_scale_down_factor_8/img_85_page_0.jpeg,85,0,1,4,3,1,3x4+1R
img_86_page_0.jpeg,LPAE_19968_hr,augmentation_resolution_scale_down_factor_8/img_86_page_0.jpeg,86,0,1,2,6,0,6x2
img_87_page_0.jpeg,LPAE_19288_hr,augmentation_resolution_scale_down_factor_8/img_87_page_0.jpeg,87,0,1,2,6,0,6x2
img_88_page_0.jpeg,LPAE_14304_hr,augmentation_resolution_scale_down_factor_8/img_88_page_0.jpeg,88,0,4,1,3,0,3x4
img_88_page_1.jpeg,LPAE_14304_hr,augmentation_resolution_scale_down_factor_8/img_88_page_1.jpeg,88,1,4,1,3,0,3x4
img_88_page_2.jpeg,LPAE_14304_hr,augmentation_resolution_scale_down_factor_8/img_88_page_2.jpeg,88,2,4,1,3,0,3x4
img_88_page_3.jpeg,LPAE_14304_hr,augmentation_resolution_scale_down_factor_8/img_88_page_3.jpeg,88,3,4,1,3,0,3x4
img_89_page_0.jpeg,LPAE_19309_hr,augmentation_resolution_scale_down_factor_8/img_89_page_0.jpeg,89,0,2,2,3,0,3x4
img_89_page_1.jpeg,LPAE_19309_hr,augmentation_resolution_scale_down_factor_8/img_89_page_1.jpeg,89,1,2,2,3,0,3x4
img_90_page_0.jpeg,LPAE_14641_hr,augmentation_resolution_scale_down_factor_8/img_90_page_0.jpeg,90,0,1,2,6,0,6x2
img_91_page_0.jpeg,LPAE_15477_hr,augmentation_resolution_scale_down_factor_8/img_91_page_0.jpeg,91,0,1,4,3,1,3x4+1R
img_92_page_0.jpeg,LPAE_14680_hr,augmentation_resolution_scale_down_factor_8/img_92_page_0.jpeg,92,0,1,4,3,1,3x4+1R
img_93_page_0.jpeg,LPAE_15368_hr,augmentation_resolution_scale_down_factor_8/img_93_page_0.jpeg,93,0,1,2,6,1,6x2+1R
img_94_page_0.jpeg,LPAE_19138_hr,augmentation_resolution_scale_down_factor_8/img_94_page_0.jpeg,94,0,1,1,12,0,12x1
img_95_page_0.jpeg,LPAE_15529_hr,augmentation_resolution_scale_down_factor_8/img_95_page_0.jpeg,95,0,1,2,6,0,6x2
img_96_page_0.jpeg,LPAE_15607_hr,augmentation_resolution_scale_down_factor_8/img_96_page_0.jpeg,96,0,4,1,3,0,3x4
img_96_page_1.jpeg,LPAE_15607_hr,augmentation_resolution_scale_down_factor_8/img_96_page_1.jpeg,96,1,4,1,3,0,3x4
img_96_page_2.jpeg,LPAE_15607_hr,augmentation_resolution_scale_down_factor_8/img_96_page_2.jpeg,96,2,4,1,3,0,3x4
img_96_page_3.jpeg,LPAE_15607_hr,augmentation_resolution_scale_down_factor_8/img_96_page_3.jpeg,96,3,4,1,3,0,3x4
img_97_page_0.jpeg,LPAE_19202_hr,augmentation_resolution_scale_down_factor_8/img_97_page_0.jpeg,97,0,1,1,12,0,12x1
img_98_page_0.jpeg,LPAE_16212_hr,augmentation_resolution_scale_down_factor_8/img_98_page_0.jpeg,98,0,1,4,3,3,3x4+3R
img_99_page_0.jpeg,LPAE_19326_hr,augmentation_resolution_scale_down_factor_8/img_99_page_0.jpeg,99,0,1,2,6,0,6x2
img_100_page_0.jpeg,LPAE_20139_hr,augmentation_resolution_scale_down_factor_8/img_100_page_0.jpeg,100,0,1,4,3,3,3x4+3R
img_1_page_0.jpeg,LPAE_11666_hr,augmentation_rotation_15/img_1_page_0.jpeg,1,0,2,1,6,0,6x2
img_1_page_1.jpeg,LPAE_11666_hr,augmentation_rotation_15/img_1_page_1.jpeg,1,1,2,1,6,0,6x2
img_2_page_0.jpeg,LPAE_11209_hr,augmentation_rotation_15/img_2_page_0.jpeg,2,0,1,1,12,0,12x1
img_3_page_0.jpeg,LPAE_14009_hr,augmentation_rotation_15/img_3_page_0.jpeg,3,0,1,1,12,0,12x1
img_4_page_0.jpeg,LPAE_20999_hr,augmentation_rotation_15/img_4_page_0.jpeg,4,0,1,4,3,1,3x4+1R
img_5_page_0.jpeg,LPAE_21515_hr,augmentation_rotation_15/img_5_page_0.jpeg,5,0,1,2,6,0,6x2
img_6_page_0.jpeg,LPAE_02926_hr,augmentation_rotation_15/img_6_page_0.jpeg,6,0,1,1,12,0,12x1
img_7_page_0.jpeg,LPAE_21541_hr,augmentation_rotation_15/img_7_page_0.jpeg,7,0,1,2,6,0,6x2
img_8_page_0.jpeg,LPAE_05432_hr,augmentation_rotation_15/img_8_page_0.jpeg,8,0,1,4,3,3,3x4+3R
img_9_page_0.jpeg,LPAE_20159_hr,augmentation_rotation_15/img_9_page_0.jpeg,9,0,1,2,6,0,6x2
img_10_page_0.jpeg,LPAE_04827_hr,augmentation_rotation_15/img_10_page_0.jpeg,10,0,1,4,3,1,3x4+1R
img_11_page_0.jpeg,LPAE_06229_hr,augmentation_rotation_15/img_11_page_0.jpeg,11,0,1,2,6,0,6x2
img_12_page_0.jpeg,LPAE_10505_hr,augmentation_rotation_15/img_12_page_0.jpeg,12,0,1,4,3,3,3x4+3R
img_13_page_0.jpeg,LPAE_10300_hr,augmentation_rotation_15/img_13_page_0.jpeg,13,0,1,2,6,0,6x2
img_14_page_0.jpeg,LPAE_17226_hr,augmentation_rotation_15/img_14_page_0.jpeg,14,0,1,4,3,1,3x4+1R
img_15_page_0.jpeg,LPAE_05742_hr,augmentation_rotation_15/img_15_page_0.jpeg,15,0,1,4,3,1,3x4+1R
img_16_page_0.jpeg,LPAE_19550_hr,augmentation_rotation_15/img_16_page_0.jpeg,16,0,1,4,3,1,3x4+1R
img_17_page_0.jpeg,LPAE_06918_hr,augmentation_rotation_15/img_17_page_0.jpeg,17,0,1,4,3,1,3x4+1R
img_18_page_0.jpeg,LPAE_12879_hr,augmentation_rotation_15/img_18_page_0.jpeg,18,0,1,1,12,0,12x1
img_19_page_0.jpeg,LPAE_20790_hr,augmentation_rotation_15/img_19_page_0.jpeg,19,0,1,2,6,1,6x2+1R
img_20_page_0.jpeg,LPAE_20947_hr,augmentation_rotation_15/img_20_page_0.jpeg,20,0,1,4,3,0,3x4
img_21_page_0.jpeg,LPAE_20515_hr,augmentation_rotation_15/img_21_page_0.jpeg,21,0,1,2,6,0,6x2
img_22_page_0.jpeg,LPAE_06846_hr,augmentation_rotation_15/img_22_page_0.jpeg,22,0,1,4,3,1,3x4+1R
img_23_page_0.jpeg,LPAE_04957_hr,augmentation_rotation_15/img_23_page_0.jpeg,23,0,1,2,6,0,6x2
img_24_page_0.jpeg,LPAE_14819_hr,augmentation_rotation_15/img_24_page_0.jpeg,24,0,1,4,3,0,3x4
img_25_page_0.jpeg,LPAE_05441_hr,augmentation_rotation_15/img_25_page_0.jpeg,25,0,1,1,12,0,12x1
img_26_page_0.jpeg,LPAE_20971_hr,augmentation_rotation_15/img_26_page_0.jpeg,26,0,1,4,3,1,3x4+1R
img_27_page_0.jpeg,LPAE_20680_hr,augmentation_rotation_15/img_27_page_0.jpeg,27,0,1,4,3,0,3x4
img_28_page_0.jpeg,LPAE_07250_hr,augmentation_rotation_15/img_28_page_0.jpeg,28,0,1,4,3,1,3x4+1R
img_29_page_0.jpeg,LPAE_20748_hr,augmentation_rotation_15/img_29_page_0.jpeg,29,0,1,4,3,1,3x4+1R
img_30_page_0.jpeg,LPAE_06938_hr,augmentation_rotation_15/img_30_page_0.jpeg,30,0,1,2,6,1,6x2+1R
img_31_page_0.jpeg,LPAE_20367_hr,augmentation_rotation_15/img_31_page_0.jpeg,31,0,1,4,3,1,3x4+1R
img_32_page_0.jpeg,LPAE_07285_hr,augmentation_rotation_15/img_32_page_0.jpeg,32,0,1,4,3,0,3x4
img_33_page_0.jpeg,LPAE_07299_hr,augmentation_rotation_15/img_33_page_0.jpeg,33,0,1,2,6,0,6x2
img_34_page_0.jpeg,LPAE_21629_hr,augmentation_rotation_15/img_34_page_0.jpeg,34,0,1,2,6,0,6x2
img_35_page_0.jpeg,LPAE_07596_hr,augmentation_rotation_15/img_35_page_0.jpeg,35,0,1,2,6,0,6x2
img_36_page_0.jpeg,LPAE_10555_hr,augmentation_rotation_15/img_36_page_0.jpeg,36,0,1,4,3,0,3x4
img_37_page_0.jpeg,LPAE_21468_hr,augmentation_rotation_15/img_37_page_0.jpeg,37,0,1,4,3,1,3x4+1R
img_38_page_0.jpeg,LPAE_08885_hr,augmentation_rotation_15/img_38_page_0.jpeg,38,0,1,4,3,3,3x4+3R
img_39_page_0.jpeg,LPAE_09331_hr,augmentation_rotation_15/img_39_page_0.jpeg,39,0,1,2,6,0,6x2
img_40_page_0.jpeg,LPAE_09275_hr,augmentation_rotation_15/img_40_page_0.jpeg,40,0,1,4,3,1,3x4+1R
img_41_page_0.jpeg,LPAE_20243_hr,augmentation_rotation_15/img_41_page_0.jpeg,41,0,1,2,6,0,6x2
img_42_page_0.jpeg,LPAE_09545_hr,augmentation_rotation_15/img_42_page_0.jpeg,42,0,1,4,3,1,3x4+1R
img_43_page_0.jpeg,LPAE_09754_hr,augmentation_rotation_15/img_43_page_0.jpeg,43,0,1,4,3,1,3x4+1R
img_44_page_0.jpeg,LPAE_17637_hr,augmentation_rotation_15/img_44_page_0.jpeg,44,0,1,4,3,0,3x4
img_45_page_0.jpeg,LPAE_17118_hr,augmentation_rotation_15/img_45_page_0.jpeg,45,0,1,2,6,0,6x2
img_46_page_0.jpeg,LPAE_10306_hr,augmentation_rotation_15/img_46_page_0.jpeg,46,0,1,4,3,1,3x4+1R
img_47_page_0.jpeg,LPAE_10266_hr,augmentation_rotation_15/img_47_page_0.jpeg,47,0,1,4,3,3,3x4+3R
img_48_page_0.jpeg,LPAE_08007_hr,augmentation_rotation_15/img_48_page_0.jpeg,48,0,1,2,6,0,6x2
img_49_page_0.jpeg,LPAE_08962_hr,augmentation_rotation_15/img_49_page_0.jpeg,49,0,1,2,6,0,6x2
img_50_page_0.jpeg,LPAE_16895_hr,augmentation_rotation_15/img_50_page_0.jpeg,50,0,1,4,3,0,3x4
img_51_page_0.jpeg,LPAE_05359_hr,augmentation_rotation_15/img_51_page_0.jpeg,51,0,1,4,3,0,3x4
img_52_page_0.jpeg,LPAE_10554_hr,augmentation_rotation_15/img_52_page_0.jpeg,52,0,1,2,6,1,6x2+1R
img_53_page_0.jpeg,LPAE_10598_hr,augmentation_rotation_15/img_53_page_0.jpeg,53,0,1,2,6,0,6x2
img_54_page_0.jpeg,LPAE_17269_hr,augmentation_rotation_15/img_54_page_0.jpeg,54,0,2,2,3,0,3x4
img_54_page_1.jpeg,LPAE_17269_hr,augmentation_rotation_15/img_54_page_1.jpeg,54,1,2,2,3,0,3x4
img_55_page_0.jpeg,LPAE_10518_hr,augmentation_rotation_15/img_55_page_0.jpeg,55,0,1,2,6,0,6x2
img_56_page_0.jpeg,LPAE_10564_hr,augmentation_rotation_15/img_56_page_0.jpeg,56,0,1,2,6,0,6x2
img_57_page_0.jpeg,LPAE_06282_hr,augmentation_rotation_15/img_57_page_0.jpeg,57,0,1,1,12,0,12x1
img_58_page_0.jpeg,LPAE_10943_hr,augmentation_rotation_15/img_58_page_0.jpeg,58,0,1,4,3,0,3x4
img_59_page_0.jpeg,LPAE_18073_hr,augmentation_rotation_15/img_59_page_0.jpeg,59,0,1,2,6,0,6x2
img_60_page_0.jpeg,LPAE_11397_hr,augmentation_rotation_15/img_60_page_0.jpeg,60,0,1,2,6,0,6x2
img_61_page_0.jpeg,LPAE_05944_hr,augmentation_rotation_15/img_61_page_0.jpeg,61,0,1,2,6,1,6x2+1R
img_62_page_0.jpeg,LPAE_04733_hr,augmentation_rotation_15/img_62_page_0.jpeg,62,0,1,4,3,1,3x4+1R
img_63_page_0.jpeg,LPAE_10986_hr,augmentation_rotation_15/img_63_page_0.jpeg,63,0,1,4,3,0,3x4
img_64_page_0.jpeg,LPAE_18227_hr,augmentation_rotation_15/img_64_page_0.jpeg,64,0,1,2,6,0,6x2
img_65_page_0.jpeg,LPAE_18552_hr,augmentation_rotation_15/img_65_page_0.jpeg,65,0,1,2,6,0,6x2
img_66_page_0.jpeg,LPAE_11498_hr,augmentation_rotation_15/img_66_page_0.jpeg,66,0,1,4,3,1,3x4+1R
img_67_page_0.jpeg,LPAE_01805_hr,augmentation_rotation_15/img_67_page_0.jpeg,67,0,1,4,3,0,3x4
img_68_page_0.jpeg,LPAE_18945_hr,augmentation_rotation_15/img_68_page_0.jpeg,68,0,1,4,3,1,3x4+1R
img_69_page_0.jpeg,LPAE_12186_hr,augmentation_rotation_15/img_69_page_0.jpeg,69,0,1,4,3,0,3x4
img_70_page_0.jpeg,LPAE_04794_hr,augmentation_rotation_15/img_70_page_0.jpeg,70,0,1,1,12,0,12x1
img_71_page_0.jpeg,LPAE_12190_hr,augmentation_rotation_15/img_71_page_0.jpeg,71,0,1,4,3,1,3x4+1R
img_72_page_0.jpeg,LPAE_12432_hr,augmentation_rotation_15/img_72_page_0.jpeg,72,0,1,4,3,1,3x4+1R
img_73_page_0.jpeg,LPAE_19036_hr,augmentation_rotation_15/img_73_page_0.jpeg,73,0,1,2,6,0,6x2
img_74_page_0.jpeg,LPAE_12629_hr,augmentation_rotation_15/img_74_page_0.jpeg,74,0,1,4,3,1,3x4+1R
img_75_page_0.jpeg,LPAE_02444_hr,augmentation_rotation_15/img_75_page_0.jpeg,75,0,2,1,6,0,6x2
img_75_page_1.jpeg,LPAE_02444_hr,augmentation_rotation_15/img_75_page_1.jpeg,75,1,2,1,6,0,6x2
img_76_page_0.jpeg,LPAE_17345_hr,augmentation_rotation_15/img_76_page_0.jpeg,76,0,1,2,6,0,6x2
img_77_page_0.jpeg,LPAE_06303_hr,augmentation_rotation_15/img_77_page_0.jpeg,77,0,1,4,3,0,3x4
img_78_page_0.jpeg,LPAE_13851_hr,augmentation_rotation_15/img_78_page_0.jpeg,78,0,1,2,6,0,6x2
img_79_page_0.jpeg,LPAE_13962_hr,augmentation_rotation_15/img_79_page_0.jpeg,79,0,1,2,6,0,6x2
img_80_page_0.jpeg,LPAE_19394_hr,augmentation_rotation_15/img_80_page_0.jpeg,80,0,1,4,3,1,3x4+1R
img_81_page_0.jpeg,LPAE_00232_hr,augmentation_rotation_15/img_81_page_0.jpeg,81,0,1,4,3,1,3x4+1R
img_82_page_0.jpeg,LPAE_19269_hr,augmentation_rotation_15/img_82_page_0.jpeg,82,0,1,4,3,1,3x4+1R
img_83_page_0.jpeg,LPAE_20117_hr,augmentation_rotation_15/img_83_page_0.jpeg,83,0,1,4,3,3,3x4+3R
img_84_page_0.jpeg,LPAE_19164_hr,augmentation_rotation_15/img_84_page_0.jpeg,84,0,1,4,3,1,3x4+1R
img_85_page_0.jpeg,LPAE_19686_hr,augmentation_rotation_15/img_85_page_0.jpeg,85,0,1,4,3,1,3x4+1R
img_86_page_0.jpeg,LPAE_19968_hr,augmentation_rotation_15/img_86_page_0.jpeg,86,0,1,2,6,0,6x2
img_87_page_0.jpeg,LPAE_19288_hr,augmentation_rotation_15/img_87_page_0.jpeg,87,0,1,2,6,0,6x2
img_88_page_0.jpeg,LPAE_14304_hr,augmentation_rotation_15/img_88_page_0.jpeg,88,0,4,1,3,0,3x4
img_88_page_1.jpeg,LPAE_14304_hr,augmentation_rotation_15/img_88_page_1.jpeg,88,1,4,1,3,0,3x4
img_88_page_2.jpeg,LPAE_14304_hr,augmentation_rotation_15/img_88_page_2.jpeg,88,2,4,1,3,0,3x4
img_88_page_3.jpeg,LPAE_14304_hr,augmentation_rotation_15/img_88_page_3.jpeg,88,3,4,1,3,0,3x4
img_89_page_0.jpeg,LPAE_19309_hr,augmentation_rotation_15/img_89_page_0.jpeg,89,0,2,2,3,0,3x4
img_89_page_1.jpeg,LPAE_19309_hr,augmentation_rotation_15/img_89_page_1.jpeg,89,1,2,2,3,0,3x4
img_90_page_0.jpeg,LPAE_14641_hr,augmentation_rotation_15/img_90_page_0.jpeg,90,0,1,2,6,0,6x2
img_91_page_0.jpeg,LPAE_15477_hr,augmentation_rotation_15/img_91_page_0.jpeg,91,0,1,4,3,1,3x4+1R
img_92_page_0.jpeg,LPAE_14680_hr,augmentation_rotation_15/img_92_page_0.jpeg,92,0,1,4,3,1,3x4+1R
img_93_page_0.jpeg,LPAE_15368_hr,augmentation_rotation_15/img_93_page_0.jpeg,93,0,1,2,6,1,6x2+1R
img_94_page_0.jpeg,LPAE_19138_hr,augmentation_rotation_15/img_94_page_0.jpeg,94,0,1,1,12,0,12x1
img_95_page_0.jpeg,LPAE_15529_hr,augmentation_rotation_15/img_95_page_0.jpeg,95,0,1,2,6,0,6x2
img_96_page_0.jpeg,LPAE_15607_hr,augmentation_rotation_15/img_96_page_0.jpeg,96,0,4,1,3,0,3x4
img_96_page_1.jpeg,LPAE_15607_hr,augmentation_rotation_15/img_96_page_1.jpeg,96,1,4,1,3,0,3x4
img_96_page_2.jpeg,LPAE_15607_hr,augmentation_rotation_15/img_96_page_2.jpeg,96,2,4,1,3,0,3x4
img_96_page_3.jpeg,LPAE_15607_hr,augmentation_rotation_15/img_96_page_3.jpeg,96,3,4,1,3,0,3x4
img_97_page_0.jpeg,LPAE_19202_hr,augmentation_rotation_15/img_97_page_0.jpeg,97,0,1,1,12,0,12x1
img_98_page_0.jpeg,LPAE_16212_hr,augmentation_rotation_15/img_98_page_0.jpeg,98,0,1,4,3,3,3x4+3R
img_99_page_0.jpeg,LPAE_19326_hr,augmentation_rotation_15/img_99_page_0.jpeg,99,0,1,2,6,0,6x2
img_100_page_0.jpeg,LPAE_20139_hr,augmentation_rotation_15/img_100_page_0.jpeg,100,0,1,4,3,3,3x4+3R
img_1_page_0.jpeg,LPAE_11666_hr,augmentation_rotation_25/img_1_page_0.jpeg,1,0,2,1,6,0,6x2
img_1_page_1.jpeg,LPAE_11666_hr,augmentation_rotation_25/img_1_page_1.jpeg,1,1,2,1,6,0,6x2
img_2_page_0.jpeg,LPAE_11209_hr,augmentation_rotation_25/img_2_page_0.jpeg,2,0,1,1,12,0,12x1
img_3_page_0.jpeg,LPAE_14009_hr,augmentation_rotation_25/img_3_page_0.jpeg,3,0,1,1,12,0,12x1
img_4_page_0.jpeg,LPAE_20999_hr,augmentation_rotation_25/img_4_page_0.jpeg,4,0,1,4,3,1,3x4+1R
img_5_page_0.jpeg,LPAE_21515_hr,augmentation_rotation_25/img_5_page_0.jpeg,5,0,1,2,6,0,6x2
img_6_page_0.jpeg,LPAE_02926_hr,augmentation_rotation_25/img_6_page_0.jpeg,6,0,1,1,12,0,12x1
img_7_page_0.jpeg,LPAE_21541_hr,augmentation_rotation_25/img_7_page_0.jpeg,7,0,1,2,6,0,6x2
img_8_page_0.jpeg,LPAE_05432_hr,augmentation_rotation_25/img_8_page_0.jpeg,8,0,1,4,3,3,3x4+3R
img_9_page_0.jpeg,LPAE_20159_hr,augmentation_rotation_25/img_9_page_0.jpeg,9,0,1,2,6,0,6x2
img_10_page_0.jpeg,LPAE_04827_hr,augmentation_rotation_25/img_10_page_0.jpeg,10,0,1,4,3,1,3x4+1R
img_11_page_0.jpeg,LPAE_06229_hr,augmentation_rotation_25/img_11_page_0.jpeg,11,0,1,2,6,0,6x2
img_12_page_0.jpeg,LPAE_10505_hr,augmentation_rotation_25/img_12_page_0.jpeg,12,0,1,4,3,3,3x4+3R
img_13_page_0.jpeg,LPAE_10300_hr,augmentation_rotation_25/img_13_page_0.jpeg,13,0,1,2,6,0,6x2
img_14_page_0.jpeg,LPAE_17226_hr,augmentation_rotation_25/img_14_page_0.jpeg,14,0,1,4,3,1,3x4+1R
img_15_page_0.jpeg,LPAE_05742_hr,augmentation_rotation_25/img_15_page_0.jpeg,15,0,1,4,3,1,3x4+1R
img_16_page_0.jpeg,LPAE_19550_hr,augmentation_rotation_25/img_16_page_0.jpeg,16,0,1,4,3,1,3x4+1R
img_17_page_0.jpeg,LPAE_06918_hr,augmentation_rotation_25/img_17_page_0.jpeg,17,0,1,4,3,1,3x4+1R
img_18_page_0.jpeg,LPAE_12879_hr,augmentation_rotation_25/img_18_page_0.jpeg,18,0,1,1,12,0,12x1
img_19_page_0.jpeg,LPAE_20790_hr,augmentation_rotation_25/img_19_page_0.jpeg,19,0,1,2,6,1,6x2+1R
img_20_page_0.jpeg,LPAE_20947_hr,augmentation_rotation_25/img_20_page_0.jpeg,20,0,1,4,3,0,3x4
img_21_page_0.jpeg,LPAE_20515_hr,augmentation_rotation_25/img_21_page_0.jpeg,21,0,1,2,6,0,6x2
img_22_page_0.jpeg,LPAE_06846_hr,augmentation_rotation_25/img_22_page_0.jpeg,22,0,1,4,3,1,3x4+1R
img_23_page_0.jpeg,LPAE_04957_hr,augmentation_rotation_25/img_23_page_0.jpeg,23,0,1,2,6,0,6x2
img_24_page_0.jpeg,LPAE_14819_hr,augmentation_rotation_25/img_24_page_0.jpeg,24,0,1,4,3,0,3x4
img_25_page_0.jpeg,LPAE_05441_hr,augmentation_rotation_25/img_25_page_0.jpeg,25,0,1,1,12,0,12x1
img_26_page_0.jpeg,LPAE_20971_hr,augmentation_rotation_25/img_26_page_0.jpeg,26,0,1,4,3,1,3x4+1R
img_27_page_0.jpeg,LPAE_20680_hr,augmentation_rotation_25/img_27_page_0.jpeg,27,0,1,4,3,0,3x4
img_28_page_0.jpeg,LPAE_07250_hr,augmentation_rotation_25/img_28_page_0.jpeg,28,0,1,4,3,1,3x4+1R
img_29_page_0.jpeg,LPAE_20748_hr,augmentation_rotation_25/img_29_page_0.jpeg,29,0,1,4,3,1,3x4+1R
img_30_page_0.jpeg,LPAE_06938_hr,augmentation_rotation_25/img_30_page_0.jpeg,30,0,1,2,6,1,6x2+1R
img_31_page_0.jpeg,LPAE_20367_hr,augmentation_rotation_25/img_31_page_0.jpeg,31,0,1,4,3,1,3x4+1R
img_32_page_0.jpeg,LPAE_07285_hr,augmentation_rotation_25/img_32_page_0.jpeg,32,0,1,4,3,0,3x4
img_33_page_0.jpeg,LPAE_07299_hr,augmentation_rotation_25/img_33_page_0.jpeg,33,0,1,2,6,0,6x2
img_34_page_0.jpeg,LPAE_21629_hr,augmentation_rotation_25/img_34_page_0.jpeg,34,0,1,2,6,0,6x2
img_35_page_0.jpeg,LPAE_07596_hr,augmentation_rotation_25/img_35_page_0.jpeg,35,0,1,2,6,0,6x2
img_36_page_0.jpeg,LPAE_10555_hr,augmentation_rotation_25/img_36_page_0.jpeg,36,0,1,4,3,0,3x4
img_37_page_0.jpeg,LPAE_21468_hr,augmentation_rotation_25/img_37_page_0.jpeg,37,0,1,4,3,1,3x4+1R
img_38_page_0.jpeg,LPAE_08885_hr,augmentation_rotation_25/img_38_page_0.jpeg,38,0,1,4,3,3,3x4+3R
img_39_page_0.jpeg,LPAE_09331_hr,augmentation_rotation_25/img_39_page_0.jpeg,39,0,1,2,6,0,6x2
img_40_page_0.jpeg,LPAE_09275_hr,augmentation_rotation_25/img_40_page_0.jpeg,40,0,1,4,3,1,3x4+1R
img_41_page_0.jpeg,LPAE_20243_hr,augmentation_rotation_25/img_41_page_0.jpeg,41,0,1,2,6,0,6x2
img_42_page_0.jpeg,LPAE_09545_hr,augmentation_rotation_25/img_42_page_0.jpeg,42,0,1,4,3,1,3x4+1R
img_43_page_0.jpeg,LPAE_09754_hr,augmentation_rotation_25/img_43_page_0.jpeg,43,0,1,4,3,1,3x4+1R
img_44_page_0.jpeg,LPAE_17637_hr,augmentation_rotation_25/img_44_page_0.jpeg,44,0,1,4,3,0,3x4
img_45_page_0.jpeg,LPAE_17118_hr,augmentation_rotation_25/img_45_page_0.jpeg,45,0,1,2,6,0,6x2
img_46_page_0.jpeg,LPAE_10306_hr,augmentation_rotation_25/img_46_page_0.jpeg,46,0,1,4,3,1,3x4+1R
img_47_page_0.jpeg,LPAE_10266_hr,augmentation_rotation_25/img_47_page_0.jpeg,47,0,1,4,3,3,3x4+3R
img_48_page_0.jpeg,LPAE_08007_hr,augmentation_rotation_25/img_48_page_0.jpeg,48,0,1,2,6,0,6x2
img_49_page_0.jpeg,LPAE_08962_hr,augmentation_rotation_25/img_49_page_0.jpeg,49,0,1,2,6,0,6x2
img_50_page_0.jpeg,LPAE_16895_hr,augmentation_rotation_25/img_50_page_0.jpeg,50,0,1,4,3,0,3x4
img_51_page_0.jpeg,LPAE_05359_hr,augmentation_rotation_25/img_51_page_0.jpeg,51,0,1,4,3,0,3x4
img_52_page_0.jpeg,LPAE_10554_hr,augmentation_rotation_25/img_52_page_0.jpeg,52,0,1,2,6,1,6x2+1R
img_53_page_0.jpeg,LPAE_10598_hr,augmentation_rotation_25/img_53_page_0.jpeg,53,0,1,2,6,0,6x2
img_54_page_0.jpeg,LPAE_17269_hr,augmentation_rotation_25/img_54_page_0.jpeg,54,0,2,2,3,0,3x4
img_54_page_1.jpeg,LPAE_17269_hr,augmentation_rotation_25/img_54_page_1.jpeg,54,1,2,2,3,0,3x4
img_55_page_0.jpeg,LPAE_10518_hr,augmentation_rotation_25/img_55_page_0.jpeg,55,0,1,2,6,0,6x2
img_56_page_0.jpeg,LPAE_10564_hr,augmentation_rotation_25/img_56_page_0.jpeg,56,0,1,2,6,0,6x2
img_57_page_0.jpeg,LPAE_06282_hr,augmentation_rotation_25/img_57_page_0.jpeg,57,0,1,1,12,0,12x1
img_58_page_0.jpeg,LPAE_10943_hr,augmentation_rotation_25/img_58_page_0.jpeg,58,0,1,4,3,0,3x4
img_59_page_0.jpeg,LPAE_18073_hr,augmentation_rotation_25/img_59_page_0.jpeg,59,0,1,2,6,0,6x2
img_60_page_0.jpeg,LPAE_11397_hr,augmentation_rotation_25/img_60_page_0.jpeg,60,0,1,2,6,0,6x2
img_61_page_0.jpeg,LPAE_05944_hr,augmentation_rotation_25/img_61_page_0.jpeg,61,0,1,2,6,1,6x2+1R
img_62_page_0.jpeg,LPAE_04733_hr,augmentation_rotation_25/img_62_page_0.jpeg,62,0,1,4,3,1,3x4+1R
img_63_page_0.jpeg,LPAE_10986_hr,augmentation_rotation_25/img_63_page_0.jpeg,63,0,1,4,3,0,3x4
img_64_page_0.jpeg,LPAE_18227_hr,augmentation_rotation_25/img_64_page_0.jpeg,64,0,1,2,6,0,6x2
img_65_page_0.jpeg,LPAE_18552_hr,augmentation_rotation_25/img_65_page_0.jpeg,65,0,1,2,6,0,6x2
img_66_page_0.jpeg,LPAE_11498_hr,augmentation_rotation_25/img_66_page_0.jpeg,66,0,1,4,3,1,3x4+1R
img_67_page_0.jpeg,LPAE_01805_hr,augmentation_rotation_25/img_67_page_0.jpeg,67,0,1,4,3,0,3x4
img_68_page_0.jpeg,LPAE_18945_hr,augmentation_rotation_25/img_68_page_0.jpeg,68,0,1,4,3,1,3x4+1R
img_69_page_0.jpeg,LPAE_12186_hr,augmentation_rotation_25/img_69_page_0.jpeg,69,0,1,4,3,0,3x4
img_70_page_0.jpeg,LPAE_04794_hr,augmentation_rotation_25/img_70_page_0.jpeg,70,0,1,1,12,0,12x1
img_71_page_0.jpeg,LPAE_12190_hr,augmentation_rotation_25/img_71_page_0.jpeg,71,0,1,4,3,1,3x4+1R
img_72_page_0.jpeg,LPAE_12432_hr,augmentation_rotation_25/img_72_page_0.jpeg,72,0,1,4,3,1,3x4+1R
img_73_page_0.jpeg,LPAE_19036_hr,augmentation_rotation_25/img_73_page_0.jpeg,73,0,1,2,6,0,6x2
img_74_page_0.jpeg,LPAE_12629_hr,augmentation_rotation_25/img_74_page_0.jpeg,74,0,1,4,3,1,3x4+1R
img_75_page_0.jpeg,LPAE_02444_hr,augmentation_rotation_25/img_75_page_0.jpeg,75,0,2,1,6,0,6x2
img_75_page_1.jpeg,LPAE_02444_hr,augmentation_rotation_25/img_75_page_1.jpeg,75,1,2,1,6,0,6x2
img_76_page_0.jpeg,LPAE_17345_hr,augmentation_rotation_25/img_76_page_0.jpeg,76,0,1,2,6,0,6x2
img_77_page_0.jpeg,LPAE_06303_hr,augmentation_rotation_25/img_77_page_0.jpeg,77,0,1,4,3,0,3x4
img_78_page_0.jpeg,LPAE_13851_hr,augmentation_rotation_25/img_78_page_0.jpeg,78,0,1,2,6,0,6x2
img_79_page_0.jpeg,LPAE_13962_hr,augmentation_rotation_25/img_79_page_0.jpeg,79,0,1,2,6,0,6x2
img_80_page_0.jpeg,LPAE_19394_hr,augmentation_rotation_25/img_80_page_0.jpeg,80,0,1,4,3,1,3x4+1R
img_81_page_0.jpeg,LPAE_00232_hr,augmentation_rotation_25/img_81_page_0.jpeg,81,0,1,4,3,1,3x4+1R
img_82_page_0.jpeg,LPAE_19269_hr,augmentation_rotation_25/img_82_page_0.jpeg,82,0,1,4,3,1,3x4+1R
img_83_page_0.jpeg,LPAE_20117_hr,augmentation_rotation_25/img_83_page_0.jpeg,83,0,1,4,3,3,3x4+3R
img_84_page_0.jpeg,LPAE_19164_hr,augmentation_rotation_25/img_84_page_0.jpeg,84,0,1,4,3,1,3x4+1R
img_85_page_0.jpeg,LPAE_19686_hr,augmentation_rotation_25/img_85_page_0.jpeg,85,0,1,4,3,1,3x4+1R
img_86_page_0.jpeg,LPAE_19968_hr,augmentation_rotation_25/img_86_page_0.jpeg,86,0,1,2,6,0,6x2
img_87_page_0.jpeg,LPAE_19288_hr,augmentation_rotation_25/img_87_page_0.jpeg,87,0,1,2,6,0,6x2
img_88_page_0.jpeg,LPAE_14304_hr,augmentation_rotation_25/img_88_page_0.jpeg,88,0,4,1,3,0,3x4
img_88_page_1.jpeg,LPAE_14304_hr,augmentation_rotation_25/img_88_page_1.jpeg,88,1,4,1,3,0,3x4
img_88_page_2.jpeg,LPAE_14304_hr,augmentation_rotation_25/img_88_page_2.jpeg,88,2,4,1,3,0,3x4
img_88_page_3.jpeg,LPAE_14304_hr,augmentation_rotation_25/img_88_page_3.jpeg,88,3,4,1,3,0,3x4
img_89_page_0.jpeg,LPAE_19309_hr,augmentation_rotation_25/img_89_page_0.jpeg,89,0,2,2,3,0,3x4
img_89_page_1.jpeg,LPAE_19309_hr,augmentation_rotation_25/img_89_page_1.jpeg,89,1,2,2,3,0,3x4
img_90_page_0.jpeg,LPAE_14641_hr,augmentation_rotation_25/img_90_page_0.jpeg,90,0,1,2,6,0,6x2
img_91_page_0.jpeg,LPAE_15477_hr,augmentation_rotation_25/img_91_page_0.jpeg,91,0,1,4,3,1,3x4+1R
img_92_page_0.jpeg,LPAE_14680_hr,augmentation_rotation_25/img_92_page_0.jpeg,92,0,1,4,3,1,3x4+1R
img_93_page_0.jpeg,LPAE_15368_hr,augmentation_rotation_25/img_93_page_0.jpeg,93,0,1,2,6,1,6x2+1R
img_94_page_0.jpeg,LPAE_19138_hr,augmentation_rotation_25/img_94_page_0.jpeg,94,0,1,1,12,0,12x1
img_95_page_0.jpeg,LPAE_15529_hr,augmentation_rotation_25/img_95_page_0.jpeg,95,0,1,2,6,0,6x2
img_96_page_0.jpeg,LPAE_15607_hr,augmentation_rotation_25/img_96_page_0.jpeg,96,0,4,1,3,0,3x4
img_96_page_1.jpeg,LPAE_15607_hr,augmentation_rotation_25/img_96_page_1.jpeg,96,1,4,1,3,0,3x4
img_96_page_2.jpeg,LPAE_15607_hr,augmentation_rotation_25/img_96_page_2.jpeg,96,2,4,1,3,0,3x4
img_96_page_3.jpeg,LPAE_15607_hr,augmentation_rotation_25/img_96_page_3.jpeg,96,3,4,1,3,0,3x4
img_97_page_0.jpeg,LPAE_19202_hr,augmentation_rotation_25/img_97_page_0.jpeg,97,0,1,1,12,0,12x1
img_98_page_0.jpeg,LPAE_16212_hr,augmentation_rotation_25/img_98_page_0.jpeg,98,0,1,4,3,3,3x4+3R
img_99_page_0.jpeg,LPAE_19326_hr,augmentation_rotation_25/img_99_page_0.jpeg,99,0,1,2,6,0,6x2
img_100_page_0.jpeg,LPAE_20139_hr,augmentation_rotation_25/img_100_page_0.jpeg,100,0,1,4,3,3,3x4+3R
img_1_page_0.jpeg,LPAE_11666_hr,augmentation_rotation_35/img_1_page_0.jpeg,1,0,2,1,6,0,6x2
img_1_page_1.jpeg,LPAE_11666_hr,augmentation_rotation_35/img_1_page_1.jpeg,1,1,2,1,6,0,6x2
img_2_page_0.jpeg,LPAE_11209_hr,augmentation_rotation_35/img_2_page_0.jpeg,2,0,1,1,12,0,12x1
img_3_page_0.jpeg,LPAE_14009_hr,augmentation_rotation_35/img_3_page_0.jpeg,3,0,1,1,12,0,12x1
img_4_page_0.jpeg,LPAE_20999_hr,augmentation_rotation_35/img_4_page_0.jpeg,4,0,1,4,3,1,3x4+1R
img_5_page_0.jpeg,LPAE_21515_hr,augmentation_rotation_35/img_5_page_0.jpeg,5,0,1,2,6,0,6x2
img_6_page_0.jpeg,LPAE_02926_hr,augmentation_rotation_35/img_6_page_0.jpeg,6,0,1,1,12,0,12x1
img_7_page_0.jpeg,LPAE_21541_hr,augmentation_rotation_35/img_7_page_0.jpeg,7,0,1,2,6,0,6x2
img_8_page_0.jpeg,LPAE_05432_hr,augmentation_rotation_35/img_8_page_0.jpeg,8,0,1,4,3,3,3x4+3R
img_9_page_0.jpeg,LPAE_20159_hr,augmentation_rotation_35/img_9_page_0.jpeg,9,0,1,2,6,0,6x2
img_10_page_0.jpeg,LPAE_04827_hr,augmentation_rotation_35/img_10_page_0.jpeg,10,0,1,4,3,1,3x4+1R
img_11_page_0.jpeg,LPAE_06229_hr,augmentation_rotation_35/img_11_page_0.jpeg,11,0,1,2,6,0,6x2
img_12_page_0.jpeg,LPAE_10505_hr,augmentation_rotation_35/img_12_page_0.jpeg,12,0,1,4,3,3,3x4+3R
img_13_page_0.jpeg,LPAE_10300_hr,augmentation_rotation_35/img_13_page_0.jpeg,13,0,1,2,6,0,6x2
img_14_page_0.jpeg,LPAE_17226_hr,augmentation_rotation_35/img_14_page_0.jpeg,14,0,1,4,3,1,3x4+1R
img_15_page_0.jpeg,LPAE_05742_hr,augmentation_rotation_35/img_15_page_0.jpeg,15,0,1,4,3,1,3x4+1R
img_16_page_0.jpeg,LPAE_19550_hr,augmentation_rotation_35/img_16_page_0.jpeg,16,0,1,4,3,1,3x4+1R
img_17_page_0.jpeg,LPAE_06918_hr,augmentation_rotation_35/img_17_page_0.jpeg,17,0,1,4,3,1,3x4+1R
img_18_page_0.jpeg,LPAE_12879_hr,augmentation_rotation_35/img_18_page_0.jpeg,18,0,1,1,12,0,12x1
img_19_page_0.jpeg,LPAE_20790_hr,augmentation_rotation_35/img_19_page_0.jpeg,19,0,1,2,6,1,6x2+1R
img_20_page_0.jpeg,LPAE_20947_hr,augmentation_rotation_35/img_20_page_0.jpeg,20,0,1,4,3,0,3x4
img_21_page_0.jpeg,LPAE_20515_hr,augmentation_rotation_35/img_21_page_0.jpeg,21,0,1,2,6,0,6x2
img_22_page_0.jpeg,LPAE_06846_hr,augmentation_rotation_35/img_22_page_0.jpeg,22,0,1,4,3,1,3x4+1R
img_23_page_0.jpeg,LPAE_04957_hr,augmentation_rotation_35/img_23_page_0.jpeg,23,0,1,2,6,0,6x2
img_24_page_0.jpeg,LPAE_14819_hr,augmentation_rotation_35/img_24_page_0.jpeg,24,0,1,4,3,0,3x4
img_25_page_0.jpeg,LPAE_05441_hr,augmentation_rotation_35/img_25_page_0.jpeg,25,0,1,1,12,0,12x1
img_26_page_0.jpeg,LPAE_20971_hr,augmentation_rotation_35/img_26_page_0.jpeg,26,0,1,4,3,1,3x4+1R
img_27_page_0.jpeg,LPAE_20680_hr,augmentation_rotation_35/img_27_page_0.jpeg,27,0,1,4,3,0,3x4
img_28_page_0.jpeg,LPAE_07250_hr,augmentation_rotation_35/img_28_page_0.jpeg,28,0,1,4,3,1,3x4+1R
img_29_page_0.jpeg,LPAE_20748_hr,augmentation_rotation_35/img_29_page_0.jpeg,29,0,1,4,3,1,3x4+1R
img_30_page_0.jpeg,LPAE_06938_hr,augmentation_rotation_35/img_30_page_0.jpeg,30,0,1,2,6,1,6x2+1R
img_31_page_0.jpeg,LPAE_20367_hr,augmentation_rotation_35/img_31_page_0.jpeg,31,0,1,4,3,1,3x4+1R
img_32_page_0.jpeg,LPAE_07285_hr,augmentation_rotation_35/img_32_page_0.jpeg,32,0,1,4,3,0,3x4
img_33_page_0.jpeg,LPAE_07299_hr,augmentation_rotation_35/img_33_page_0.jpeg,33,0,1,2,6,0,6x2
img_34_page_0.jpeg,LPAE_21629_hr,augmentation_rotation_35/img_34_page_0.jpeg,34,0,1,2,6,0,6x2
img_35_page_0.jpeg,LPAE_07596_hr,augmentation_rotation_35/img_35_page_0.jpeg,35,0,1,2,6,0,6x2
img_36_page_0.jpeg,LPAE_10555_hr,augmentation_rotation_35/img_36_page_0.jpeg,36,0,1,4,3,0,3x4
img_37_page_0.jpeg,LPAE_21468_hr,augmentation_rotation_35/img_37_page_0.jpeg,37,0,1,4,3,1,3x4+1R
img_38_page_0.jpeg,LPAE_08885_hr,augmentation_rotation_35/img_38_page_0.jpeg,38,0,1,4,3,3,3x4+3R
img_39_page_0.jpeg,LPAE_09331_hr,augmentation_rotation_35/img_39_page_0.jpeg,39,0,1,2,6,0,6x2
img_40_page_0.jpeg,LPAE_09275_hr,augmentation_rotation_35/img_40_page_0.jpeg,40,0,1,4,3,1,3x4+1R
img_41_page_0.jpeg,LPAE_20243_hr,augmentation_rotation_35/img_41_page_0.jpeg,41,0,1,2,6,0,6x2
img_42_page_0.jpeg,LPAE_09545_hr,augmentation_rotation_35/img_42_page_0.jpeg,42,0,1,4,3,1,3x4+1R
img_43_page_0.jpeg,LPAE_09754_hr,augmentation_rotation_35/img_43_page_0.jpeg,43,0,1,4,3,1,3x4+1R
img_44_page_0.jpeg,LPAE_17637_hr,augmentation_rotation_35/img_44_page_0.jpeg,44,0,1,4,3,0,3x4
img_45_page_0.jpeg,LPAE_17118_hr,augmentation_rotation_35/img_45_page_0.jpeg,45,0,1,2,6,0,6x2
img_46_page_0.jpeg,LPAE_10306_hr,augmentation_rotation_35/img_46_page_0.jpeg,46,0,1,4,3,1,3x4+1R
img_47_page_0.jpeg,LPAE_10266_hr,augmentation_rotation_35/img_47_page_0.jpeg,47,0,1,4,3,3,3x4+3R
img_48_page_0.jpeg,LPAE_08007_hr,augmentation_rotation_35/img_48_page_0.jpeg,48,0,1,2,6,0,6x2
img_49_page_0.jpeg,LPAE_08962_hr,augmentation_rotation_35/img_49_page_0.jpeg,49,0,1,2,6,0,6x2
img_50_page_0.jpeg,LPAE_16895_hr,augmentation_rotation_35/img_50_page_0.jpeg,50,0,1,4,3,0,3x4
img_51_page_0.jpeg,LPAE_05359_hr,augmentation_rotation_35/img_51_page_0.jpeg,51,0,1,4,3,0,3x4
img_52_page_0.jpeg,LPAE_10554_hr,augmentation_rotation_35/img_52_page_0.jpeg,52,0,1,2,6,1,6x2+1R
img_53_page_0.jpeg,LPAE_10598_hr,augmentation_rotation_35/img_53_page_0.jpeg,53,0,1,2,6,0,6x2
img_54_page_0.jpeg,LPAE_17269_hr,augmentation_rotation_35/img_54_page_0.jpeg,54,0,2,2,3,0,3x4
img_54_page_1.jpeg,LPAE_17269_hr,augmentation_rotation_35/img_54_page_1.jpeg,54,1,2,2,3,0,3x4
img_55_page_0.jpeg,LPAE_10518_hr,augmentation_rotation_35/img_55_page_0.jpeg,55,0,1,2,6,0,6x2
img_56_page_0.jpeg,LPAE_10564_hr,augmentation_rotation_35/img_56_page_0.jpeg,56,0,1,2,6,0,6x2
img_57_page_0.jpeg,LPAE_06282_hr,augmentation_rotation_35/img_57_page_0.jpeg,57,0,1,1,12,0,12x1
img_58_page_0.jpeg,LPAE_10943_hr,augmentation_rotation_35/img_58_page_0.jpeg,58,0,1,4,3,0,3x4
img_59_page_0.jpeg,LPAE_18073_hr,augmentation_rotation_35/img_59_page_0.jpeg,59,0,1,2,6,0,6x2
img_60_page_0.jpeg,LPAE_11397_hr,augmentation_rotation_35/img_60_page_0.jpeg,60,0,1,2,6,0,6x2
img_61_page_0.jpeg,LPAE_05944_hr,augmentation_rotation_35/img_61_page_0.jpeg,61,0,1,2,6,1,6x2+1R
img_62_page_0.jpeg,LPAE_04733_hr,augmentation_rotation_35/img_62_page_0.jpeg,62,0,1,4,3,1,3x4+1R
img_63_page_0.jpeg,LPAE_10986_hr,augmentation_rotation_35/img_63_page_0.jpeg,63,0,1,4,3,0,3x4
img_64_page_0.jpeg,LPAE_18227_hr,augmentation_rotation_35/img_64_page_0.jpeg,64,0,1,2,6,0,6x2
img_65_page_0.jpeg,LPAE_18552_hr,augmentation_rotation_35/img_65_page_0.jpeg,65,0,1,2,6,0,6x2
img_66_page_0.jpeg,LPAE_11498_hr,augmentation_rotation_35/img_66_page_0.jpeg,66,0,1,4,3,1,3x4+1R
img_67_page_0.jpeg,LPAE_01805_hr,augmentation_rotation_35/img_67_page_0.jpeg,67,0,1,4,3,0,3x4
img_68_page_0.jpeg,LPAE_18945_hr,augmentation_rotation_35/img_68_page_0.jpeg,68,0,1,4,3,1,3x4+1R
img_69_page_0.jpeg,LPAE_12186_hr,augmentation_rotation_35/img_69_page_0.jpeg,69,0,1,4,3,0,3x4
img_70_page_0.jpeg,LPAE_04794_hr,augmentation_rotation_35/img_70_page_0.jpeg,70,0,1,1,12,0,12x1
img_71_page_0.jpeg,LPAE_12190_hr,augmentation_rotation_35/img_71_page_0.jpeg,71,0,1,4,3,1,3x4+1R
img_72_page_0.jpeg,LPAE_12432_hr,augmentation_rotation_35/img_72_page_0.jpeg,72,0,1,4,3,1,3x4+1R
img_73_page_0.jpeg,LPAE_19036_hr,augmentation_rotation_35/img_73_page_0.jpeg,73,0,1,2,6,0,6x2
img_74_page_0.jpeg,LPAE_12629_hr,augmentation_rotation_35/img_74_page_0.jpeg,74,0,1,4,3,1,3x4+1R
img_75_page_0.jpeg,LPAE_02444_hr,augmentation_rotation_35/img_75_page_0.jpeg,75,0,2,1,6,0,6x2
img_75_page_1.jpeg,LPAE_02444_hr,augmentation_rotation_35/img_75_page_1.jpeg,75,1,2,1,6,0,6x2
img_76_page_0.jpeg,LPAE_17345_hr,augmentation_rotation_35/img_76_page_0.jpeg,76,0,1,2,6,0,6x2
img_77_page_0.jpeg,LPAE_06303_hr,augmentation_rotation_35/img_77_page_0.jpeg,77,0,1,4,3,0,3x4
img_78_page_0.jpeg,LPAE_13851_hr,augmentation_rotation_35/img_78_page_0.jpeg,78,0,1,2,6,0,6x2
img_79_page_0.jpeg,LPAE_13962_hr,augmentation_rotation_35/img_79_page_0.jpeg,79,0,1,2,6,0,6x2
img_80_page_0.jpeg,LPAE_19394_hr,augmentation_rotation_35/img_80_page_0.jpeg,80,0,1,4,3,1,3x4+1R
img_81_page_0.jpeg,LPAE_00232_hr,augmentation_rotation_35/img_81_page_0.jpeg,81,0,1,4,3,1,3x4+1R
img_82_page_0.jpeg,LPAE_19269_hr,augmentation_rotation_35/img_82_page_0.jpeg,82,0,1,4,3,1,3x4+1R
img_83_page_0.jpeg,LPAE_20117_hr,augmentation_rotation_35/img_83_page_0.jpeg,83,0,1,4,3,3,3x4+3R
img_84_page_0.jpeg,LPAE_19164_hr,augmentation_rotation_35/img_84_page_0.jpeg,84,0,1,4,3,1,3x4+1R
img_85_page_0.jpeg,LPAE_19686_hr,augmentation_rotation_35/img_85_page_0.jpeg,85,0,1,4,3,1,3x4+1R
img_86_page_0.jpeg,LPAE_19968_hr,augmentation_rotation_35/img_86_page_0.jpeg,86,0,1,2,6,0,6x2
img_87_page_0.jpeg,LPAE_19288_hr,augmentation_rotation_35/img_87_page_0.jpeg,87,0,1,2,6,0,6x2
img_88_page_0.jpeg,LPAE_14304_hr,augmentation_rotation_35/img_88_page_0.jpeg,88,0,4,1,3,0,3x4
img_88_page_1.jpeg,LPAE_14304_hr,augmentation_rotation_35/img_88_page_1.jpeg,88,1,4,1,3,0,3x4
img_88_page_2.jpeg,LPAE_14304_hr,augmentation_rotation_35/img_88_page_2.jpeg,88,2,4,1,3,0,3x4
img_88_page_3.jpeg,LPAE_14304_hr,augmentation_rotation_35/img_88_page_3.jpeg,88,3,4,1,3,0,3x4
img_89_page_0.jpeg,LPAE_19309_hr,augmentation_rotation_35/img_89_page_0.jpeg,89,0,2,2,3,0,3x4
img_89_page_1.jpeg,LPAE_19309_hr,augmentation_rotation_35/img_89_page_1.jpeg,89,1,2,2,3,0,3x4
img_90_page_0.jpeg,LPAE_14641_hr,augmentation_rotation_35/img_90_page_0.jpeg,90,0,1,2,6,0,6x2
img_91_page_0.jpeg,LPAE_15477_hr,augmentation_rotation_35/img_91_page_0.jpeg,91,0,1,4,3,1,3x4+1R
img_92_page_0.jpeg,LPAE_14680_hr,augmentation_rotation_35/img_92_page_0.jpeg,92,0,1,4,3,1,3x4+1R
img_93_page_0.jpeg,LPAE_15368_hr,augmentation_rotation_35/img_93_page_0.jpeg,93,0,1,2,6,1,6x2+1R
img_94_page_0.jpeg,LPAE_19138_hr,augmentation_rotation_35/img_94_page_0.jpeg,94,0,1,1,12,0,12x1
img_95_page_0.jpeg,LPAE_15529_hr,augmentation_rotation_35/img_95_page_0.jpeg,95,0,1,2,6,0,6x2
img_96_page_0.jpeg,LPAE_15607_hr,augmentation_rotation_35/img_96_page_0.jpeg,96,0,4,1,3,0,3x4
img_96_page_1.jpeg,LPAE_15607_hr,augmentation_rotation_35/img_96_page_1.jpeg,96,1,4,1,3,0,3x4
img_96_page_2.jpeg,LPAE_15607_hr,augmentation_rotation_35/img_96_page_2.jpeg,96,2,4,1,3,0,3x4
img_96_page_3.jpeg,LPAE_15607_hr,augmentation_rotation_35/img_96_page_3.jpeg,96,3,4,1,3,0,3x4
img_97_page_0.jpeg,LPAE_19202_hr,augmentation_rotation_35/img_97_page_0.jpeg,97,0,1,1,12,0,12x1
img_98_page_0.jpeg,LPAE_16212_hr,augmentation_rotation_35/img_98_page_0.jpeg,98,0,1,4,3,3,3x4+3R
img_99_page_0.jpeg,LPAE_19326_hr,augmentation_rotation_35/img_99_page_0.jpeg,99,0,1,2,6,0,6x2
img_100_page_0.jpeg,LPAE_20139_hr,augmentation_rotation_35/img_100_page_0.jpeg,100,0,1,4,3,3,3x4+3R
img_1_page_0.jpeg,LPAE_11666_hr,augmentation_rotation_5/img_1_page_0.jpeg,1,0,2,1,6,0,6x2
img_1_page_1.jpeg,LPAE_11666_hr,augmentation_rotation_5/img_1_page_1.jpeg,1,1,2,1,6,0,6x2
img_2_page_0.jpeg,LPAE_11209_hr,augmentation_rotation_5/img_2_page_0.jpeg,2,0,1,1,12,0,12x1
img_3_page_0.jpeg,LPAE_14009_hr,augmentation_rotation_5/img_3_page_0.jpeg,3,0,1,1,12,0,12x1
img_4_page_0.jpeg,LPAE_20999_hr,augmentation_rotation_5/img_4_page_0.jpeg,4,0,1,4,3,1,3x4+1R
img_5_page_0.jpeg,LPAE_21515_hr,augmentation_rotation_5/img_5_page_0.jpeg,5,0,1,2,6,0,6x2
img_6_page_0.jpeg,LPAE_02926_hr,augmentation_rotation_5/img_6_page_0.jpeg,6,0,1,1,12,0,12x1
img_7_page_0.jpeg,LPAE_21541_hr,augmentation_rotation_5/img_7_page_0.jpeg,7,0,1,2,6,0,6x2
img_8_page_0.jpeg,LPAE_05432_hr,augmentation_rotation_5/img_8_page_0.jpeg,8,0,1,4,3,3,3x4+3R
img_9_page_0.jpeg,LPAE_20159_hr,augmentation_rotation_5/img_9_page_0.jpeg,9,0,1,2,6,0,6x2
img_10_page_0.jpeg,LPAE_04827_hr,augmentation_rotation_5/img_10_page_0.jpeg,10,0,1,4,3,1,3x4+1R
img_11_page_0.jpeg,LPAE_06229_hr,augmentation_rotation_5/img_11_page_0.jpeg,11,0,1,2,6,0,6x2
img_12_page_0.jpeg,LPAE_10505_hr,augmentation_rotation_5/img_12_page_0.jpeg,12,0,1,4,3,3,3x4+3R
img_13_page_0.jpeg,LPAE_10300_hr,augmentation_rotation_5/img_13_page_0.jpeg,13,0,1,2,6,0,6x2
img_14_page_0.jpeg,LPAE_17226_hr,augmentation_rotation_5/img_14_page_0.jpeg,14,0,1,4,3,1,3x4+1R
img_15_page_0.jpeg,LPAE_05742_hr,augmentation_rotation_5/img_15_page_0.jpeg,15,0,1,4,3,1,3x4+1R
img_16_page_0.jpeg,LPAE_19550_hr,augmentation_rotation_5/img_16_page_0.jpeg,16,0,1,4,3,1,3x4+1R
img_17_page_0.jpeg,LPAE_06918_hr,augmentation_rotation_5/img_17_page_0.jpeg,17,0,1,4,3,1,3x4+1R
img_18_page_0.jpeg,LPAE_12879_hr,augmentation_rotation_5/img_18_page_0.jpeg,18,0,1,1,12,0,12x1
img_19_page_0.jpeg,LPAE_20790_hr,augmentation_rotation_5/img_19_page_0.jpeg,19,0,1,2,6,1,6x2+1R
img_20_page_0.jpeg,LPAE_20947_hr,augmentation_rotation_5/img_20_page_0.jpeg,20,0,1,4,3,0,3x4
img_21_page_0.jpeg,LPAE_20515_hr,augmentation_rotation_5/img_21_page_0.jpeg,21,0,1,2,6,0,6x2
img_22_page_0.jpeg,LPAE_06846_hr,augmentation_rotation_5/img_22_page_0.jpeg,22,0,1,4,3,1,3x4+1R
img_23_page_0.jpeg,LPAE_04957_hr,augmentation_rotation_5/img_23_page_0.jpeg,23,0,1,2,6,0,6x2
img_24_page_0.jpeg,LPAE_14819_hr,augmentation_rotation_5/img_24_page_0.jpeg,24,0,1,4,3,0,3x4
img_25_page_0.jpeg,LPAE_05441_hr,augmentation_rotation_5/img_25_page_0.jpeg,25,0,1,1,12,0,12x1
img_26_page_0.jpeg,LPAE_20971_hr,augmentation_rotation_5/img_26_page_0.jpeg,26,0,1,4,3,1,3x4+1R
img_27_page_0.jpeg,LPAE_20680_hr,augmentation_rotation_5/img_27_page_0.jpeg,27,0,1,4,3,0,3x4
img_28_page_0.jpeg,LPAE_07250_hr,augmentation_rotation_5/img_28_page_0.jpeg,28,0,1,4,3,1,3x4+1R
img_29_page_0.jpeg,LPAE_20748_hr,augmentation_rotation_5/img_29_page_0.jpeg,29,0,1,4,3,1,3x4+1R
img_30_page_0.jpeg,LPAE_06938_hr,augmentation_rotation_5/img_30_page_0.jpeg,30,0,1,2,6,1,6x2+1R
img_31_page_0.jpeg,LPAE_20367_hr,augmentation_rotation_5/img_31_page_0.jpeg,31,0,1,4,3,1,3x4+1R
img_32_page_0.jpeg,LPAE_07285_hr,augmentation_rotation_5/img_32_page_0.jpeg,32,0,1,4,3,0,3x4
img_33_page_0.jpeg,LPAE_07299_hr,augmentation_rotation_5/img_33_page_0.jpeg,33,0,1,2,6,0,6x2
img_34_page_0.jpeg,LPAE_21629_hr,augmentation_rotation_5/img_34_page_0.jpeg,34,0,1,2,6,0,6x2
img_35_page_0.jpeg,LPAE_07596_hr,augmentation_rotation_5/img_35_page_0.jpeg,35,0,1,2,6,0,6x2
img_36_page_0.jpeg,LPAE_10555_hr,augmentation_rotation_5/img_36_page_0.jpeg,36,0,1,4,3,0,3x4
img_37_page_0.jpeg,LPAE_21468_hr,augmentation_rotation_5/img_37_page_0.jpeg,37,0,1,4,3,1,3x4+1R
img_38_page_0.jpeg,LPAE_08885_hr,augmentation_rotation_5/img_38_page_0.jpeg,38,0,1,4,3,3,3x4+3R
img_39_page_0.jpeg,LPAE_09331_hr,augmentation_rotation_5/img_39_page_0.jpeg,39,0,1,2,6,0,6x2
img_40_page_0.jpeg,LPAE_09275_hr,augmentation_rotation_5/img_40_page_0.jpeg,40,0,1,4,3,1,3x4+1R
img_41_page_0.jpeg,LPAE_20243_hr,augmentation_rotation_5/img_41_page_0.jpeg,41,0,1,2,6,0,6x2
img_42_page_0.jpeg,LPAE_09545_hr,augmentation_rotation_5/img_42_page_0.jpeg,42,0,1,4,3,1,3x4+1R
img_43_page_0.jpeg,LPAE_09754_hr,augmentation_rotation_5/img_43_page_0.jpeg,43,0,1,4,3,1,3x4+1R
img_44_page_0.jpeg,LPAE_17637_hr,augmentation_rotation_5/img_44_page_0.jpeg,44,0,1,4,3,0,3x4
img_45_page_0.jpeg,LPAE_17118_hr,augmentation_rotation_5/img_45_page_0.jpeg,45,0,1,2,6,0,6x2
img_46_page_0.jpeg,LPAE_10306_hr,augmentation_rotation_5/img_46_page_0.jpeg,46,0,1,4,3,1,3x4+1R
img_47_page_0.jpeg,LPAE_10266_hr,augmentation_rotation_5/img_47_page_0.jpeg,47,0,1,4,3,3,3x4+3R
img_48_page_0.jpeg,LPAE_08007_hr,augmentation_rotation_5/img_48_page_0.jpeg,48,0,1,2,6,0,6x2
img_49_page_0.jpeg,LPAE_08962_hr,augmentation_rotation_5/img_49_page_0.jpeg,49,0,1,2,6,0,6x2
img_50_page_0.jpeg,LPAE_16895_hr,augmentation_rotation_5/img_50_page_0.jpeg,50,0,1,4,3,0,3x4
img_51_page_0.jpeg,LPAE_05359_hr,augmentation_rotation_5/img_51_page_0.jpeg,51,0,1,4,3,0,3x4
img_52_page_0.jpeg,LPAE_10554_hr,augmentation_rotation_5/img_52_page_0.jpeg,52,0,1,2,6,1,6x2+1R
img_53_page_0.jpeg,LPAE_10598_hr,augmentation_rotation_5/img_53_page_0.jpeg,53,0,1,2,6,0,6x2
img_54_page_0.jpeg,LPAE_17269_hr,augmentation_rotation_5/img_54_page_0.jpeg,54,0,2,2,3,0,3x4
img_54_page_1.jpeg,LPAE_17269_hr,augmentation_rotation_5/img_54_page_1.jpeg,54,1,2,2,3,0,3x4
img_55_page_0.jpeg,LPAE_10518_hr,augmentation_rotation_5/img_55_page_0.jpeg,55,0,1,2,6,0,6x2
img_56_page_0.jpeg,LPAE_10564_hr,augmentation_rotation_5/img_56_page_0.jpeg,56,0,1,2,6,0,6x2
img_57_page_0.jpeg,LPAE_06282_hr,augmentation_rotation_5/img_57_page_0.jpeg,57,0,1,1,12,0,12x1
img_58_page_0.jpeg,LPAE_10943_hr,augmentation_rotation_5/img_58_page_0.jpeg,58,0,1,4,3,0,3x4
img_59_page_0.jpeg,LPAE_18073_hr,augmentation_rotation_5/img_59_page_0.jpeg,59,0,1,2,6,0,6x2
img_60_page_0.jpeg,LPAE_11397_hr,augmentation_rotation_5/img_60_page_0.jpeg,60,0,1,2,6,0,6x2
img_61_page_0.jpeg,LPAE_05944_hr,augmentation_rotation_5/img_61_page_0.jpeg,61,0,1,2,6,1,6x2+1R
img_62_page_0.jpeg,LPAE_04733_hr,augmentation_rotation_5/img_62_page_0.jpeg,62,0,1,4,3,1,3x4+1R
img_63_page_0.jpeg,LPAE_10986_hr,augmentation_rotation_5/img_63_page_0.jpeg,63,0,1,4,3,0,3x4
img_64_page_0.jpeg,LPAE_18227_hr,augmentation_rotation_5/img_64_page_0.jpeg,64,0,1,2,6,0,6x2
img_65_page_0.jpeg,LPAE_18552_hr,augmentation_rotation_5/img_65_page_0.jpeg,65,0,1,2,6,0,6x2
img_66_page_0.jpeg,LPAE_11498_hr,augmentation_rotation_5/img_66_page_0.jpeg,66,0,1,4,3,1,3x4+1R
img_67_page_0.jpeg,LPAE_01805_hr,augmentation_rotation_5/img_67_page_0.jpeg,67,0,1,4,3,0,3x4
img_68_page_0.jpeg,LPAE_18945_hr,augmentation_rotation_5/img_68_page_0.jpeg,68,0,1,4,3,1,3x4+1R
img_69_page_0.jpeg,LPAE_12186_hr,augmentation_rotation_5/img_69_page_0.jpeg,69,0,1,4,3,0,3x4
img_70_page_0.jpeg,LPAE_04794_hr,augmentation_rotation_5/img_70_page_0.jpeg,70,0,1,1,12,0,12x1
img_71_page_0.jpeg,LPAE_12190_hr,augmentation_rotation_5/img_71_page_0.jpeg,71,0,1,4,3,1,3x4+1R
img_72_page_0.jpeg,LPAE_12432_hr,augmentation_rotation_5/img_72_page_0.jpeg,72,0,1,4,3,1,3x4+1R
img_73_page_0.jpeg,LPAE_19036_hr,augmentation_rotation_5/img_73_page_0.jpeg,73,0,1,2,6,0,6x2
img_74_page_0.jpeg,LPAE_12629_hr,augmentation_rotation_5/img_74_page_0.jpeg,74,0,1,4,3,1,3x4+1R
img_75_page_0.jpeg,LPAE_02444_hr,augmentation_rotation_5/img_75_page_0.jpeg,75,0,2,1,6,0,6x2
img_75_page_1.jpeg,LPAE_02444_hr,augmentation_rotation_5/img_75_page_1.jpeg,75,1,2,1,6,0,6x2
img_76_page_0.jpeg,LPAE_17345_hr,augmentation_rotation_5/img_76_page_0.jpeg,76,0,1,2,6,0,6x2
img_77_page_0.jpeg,LPAE_06303_hr,augmentation_rotation_5/img_77_page_0.jpeg,77,0,1,4,3,0,3x4
img_78_page_0.jpeg,LPAE_13851_hr,augmentation_rotation_5/img_78_page_0.jpeg,78,0,1,2,6,0,6x2
img_79_page_0.jpeg,LPAE_13962_hr,augmentation_rotation_5/img_79_page_0.jpeg,79,0,1,2,6,0,6x2
img_80_page_0.jpeg,LPAE_19394_hr,augmentation_rotation_5/img_80_page_0.jpeg,80,0,1,4,3,1,3x4+1R
img_81_page_0.jpeg,LPAE_00232_hr,augmentation_rotation_5/img_81_page_0.jpeg,81,0,1,4,3,1,3x4+1R
img_82_page_0.jpeg,LPAE_19269_hr,augmentation_rotation_5/img_82_page_0.jpeg,82,0,1,4,3,1,3x4+1R
img_83_page_0.jpeg,LPAE_20117_hr,augmentation_rotation_5/img_83_page_0.jpeg,83,0,1,4,3,3,3x4+3R
img_84_page_0.jpeg,LPAE_19164_hr,augmentation_rotation_5/img_84_page_0.jpeg,84,0,1,4,3,1,3x4+1R
img_85_page_0.jpeg,LPAE_19686_hr,augmentation_rotation_5/img_85_page_0.jpeg,85,0,1,4,3,1,3x4+1R
img_86_page_0.jpeg,LPAE_19968_hr,augmentation_rotation_5/img_86_page_0.jpeg,86,0,1,2,6,0,6x2
img_87_page_0.jpeg,LPAE_19288_hr,augmentation_rotation_5/img_87_page_0.jpeg,87,0,1,2,6,0,6x2
img_88_page_0.jpeg,LPAE_14304_hr,augmentation_rotation_5/img_88_page_0.jpeg,88,0,4,1,3,0,3x4
img_88_page_1.jpeg,LPAE_14304_hr,augmentation_rotation_5/img_88_page_1.jpeg,88,1,4,1,3,0,3x4
img_88_page_2.jpeg,LPAE_14304_hr,augmentation_rotation_5/img_88_page_2.jpeg,88,2,4,1,3,0,3x4
img_88_page_3.jpeg,LPAE_14304_hr,augmentation_rotation_5/img_88_page_3.jpeg,88,3,4,1,3,0,3x4
img_89_page_0.jpeg,LPAE_19309_hr,augmentation_rotation_5/img_89_page_0.jpeg,89,0,2,2,3,0,3x4
img_89_page_1.jpeg,LPAE_19309_hr,augmentation_rotation_5/img_89_page_1.jpeg,89,1,2,2,3,0,3x4
img_90_page_0.jpeg,LPAE_14641_hr,augmentation_rotation_5/img_90_page_0.jpeg,90,0,1,2,6,0,6x2
img_91_page_0.jpeg,LPAE_15477_hr,augmentation_rotation_5/img_91_page_0.jpeg,91,0,1,4,3,1,3x4+1R
img_92_page_0.jpeg,LPAE_14680_hr,augmentation_rotation_5/img_92_page_0.jpeg,92,0,1,4,3,1,3x4+1R
img_93_page_0.jpeg,LPAE_15368_hr,augmentation_rotation_5/img_93_page_0.jpeg,93,0,1,2,6,1,6x2+1R
img_94_page_0.jpeg,LPAE_19138_hr,augmentation_rotation_5/img_94_page_0.jpeg,94,0,1,1,12,0,12x1
img_95_page_0.jpeg,LPAE_15529_hr,augmentation_rotation_5/img_95_page_0.jpeg,95,0,1,2,6,0,6x2
img_96_page_0.jpeg,LPAE_15607_hr,augmentation_rotation_5/img_96_page_0.jpeg,96,0,4,1,3,0,3x4
img_96_page_1.jpeg,LPAE_15607_hr,augmentation_rotation_5/img_96_page_1.jpeg,96,1,4,1,3,0,3x4
img_96_page_2.jpeg,LPAE_15607_hr,augmentation_rotation_5/img_96_page_2.jpeg,96,2,4,1,3,0,3x4
img_96_page_3.jpeg,LPAE_15607_hr,augmentation_rotation_5/img_96_page_3.jpeg,96,3,4,1,3,0,3x4
img_97_page_0.jpeg,LPAE_19202_hr,augmentation_rotation_5/img_97_page_0.jpeg,97,0,1,1,12,0,12x1
img_98_page_0.jpeg,LPAE_16212_hr,augmentation_rotation_5/img_98_page_0.jpeg,98,0,1,4,3,3,3x4+3R
img_99_page_0.jpeg,LPAE_19326_hr,augmentation_rotation_5/img_99_page_0.jpeg,99,0,1,2,6,0,6x2
img_100_page_0.jpeg,LPAE_20139_hr,augmentation_rotation_5/img_100_page_0.jpeg,100,0,1,4,3,3,3x4+3R
img_1_page_0.jpg,high_freq_noise_large_LPAE_11666_hr,digital_data_high_freq_noise_large/img_1_page_0.jpg,1,0,2,1,6,0,6x2
img_1_page_1.jpg,high_freq_noise_large_LPAE_11666_hr,digital_data_high_freq_noise_large/img_1_page_1.jpg,1,1,2,1,6,0,6x2
img_2_page_0.jpg,high_freq_noise_large_LPAE_11209_hr,digital_data_high_freq_noise_large/img_2_page_0.jpg,2,0,1,1,12,0,12x1
img_3_page_0.jpg,high_freq_noise_large_LPAE_14009_hr,digital_data_high_freq_noise_large/img_3_page_0.jpg,3,0,1,1,12,0,12x1
img_4_page_0.jpg,high_freq_noise_large_LPAE_20999_hr,digital_data_high_freq_noise_large/img_4_page_0.jpg,4,0,1,4,3,1,3x4+1R
img_5_page_0.jpg,high_freq_noise_large_LPAE_21515_hr,digital_data_high_freq_noise_large/img_5_page_0.jpg,5,0,1,2,6,0,6x2
img_6_page_0.jpg,high_freq_noise_large_LPAE_02926_hr,digital_data_high_freq_noise_large/img_6_page_0.jpg,6,0,1,1,12,0,12x1
img_7_page_0.jpg,high_freq_noise_large_LPAE_21541_hr,digital_data_high_freq_noise_large/img_7_page_0.jpg,7,0,1,2,6,0,6x2
img_8_page_0.jpg,high_freq_noise_large_LPAE_05432_hr,digital_data_high_freq_noise_large/img_8_page_0.jpg,8,0,1,4,3,3,3x4+3R
img_9_page_0.jpg,high_freq_noise_large_LPAE_20159_hr,digital_data_high_freq_noise_large/img_9_page_0.jpg,9,0,1,2,6,0,6x2
img_10_page_0.jpg,high_freq_noise_large_LPAE_04827_hr,digital_data_high_freq_noise_large/img_10_page_0.jpg,10,0,1,4,3,1,3x4+1R
img_11_page_0.jpg,high_freq_noise_large_LPAE_06229_hr,digital_data_high_freq_noise_large/img_11_page_0.jpg,11,0,1,2,6,0,6x2
img_12_page_0.jpg,high_freq_noise_large_LPAE_10505_hr,digital_data_high_freq_noise_large/img_12_page_0.jpg,12,0,1,4,3,3,3x4+3R
img_13_page_0.jpg,high_freq_noise_large_LPAE_10300_hr,digital_data_high_freq_noise_large/img_13_page_0.jpg,13,0,1,2,6,0,6x2
img_14_page_0.jpg,high_freq_noise_large_LPAE_17226_hr,digital_data_high_freq_noise_large/img_14_page_0.jpg,14,0,1,4,3,1,3x4+1R
img_15_page_0.jpg,high_freq_noise_large_LPAE_05742_hr,digital_data_high_freq_noise_large/img_15_page_0.jpg,15,0,1,4,3,1,3x4+1R
img_16_page_0.jpg,high_freq_noise_large_LPAE_19550_hr,digital_data_high_freq_noise_large/img_16_page_0.jpg,16,0,1,4,3,1,3x4+1R
img_17_page_0.jpg,high_freq_noise_large_LPAE_06918_hr,digital_data_high_freq_noise_large/img_17_page_0.jpg,17,0,1,4,3,1,3x4+1R
img_18_page_0.jpg,high_freq_noise_large_LPAE_12879_hr,digital_data_high_freq_noise_large/img_18_page_0.jpg,18,0,1,1,12,0,12x1
img_19_page_0.jpg,high_freq_noise_large_LPAE_20790_hr,digital_data_high_freq_noise_large/img_19_page_0.jpg,19,0,1,2,6,1,6x2+1R
img_20_page_0.jpg,high_freq_noise_large_LPAE_20947_hr,digital_data_high_freq_noise_large/img_20_page_0.jpg,20,0,1,4,3,0,3x4
img_21_page_0.jpg,high_freq_noise_large_LPAE_20515_hr,digital_data_high_freq_noise_large/img_21_page_0.jpg,21,0,1,2,6,0,6x2
img_22_page_0.jpg,high_freq_noise_large_LPAE_06846_hr,digital_data_high_freq_noise_large/img_22_page_0.jpg,22,0,1,4,3,1,3x4+1R
img_23_page_0.jpg,high_freq_noise_large_LPAE_04957_hr,digital_data_high_freq_noise_large/img_23_page_0.jpg,23,0,1,2,6,0,6x2
img_24_page_0.jpg,high_freq_noise_large_LPAE_14819_hr,digital_data_high_freq_noise_large/img_24_page_0.jpg,24,0,1,4,3,0,3x4
img_25_page_0.jpg,high_freq_noise_large_LPAE_05441_hr,digital_data_high_freq_noise_large/img_25_page_0.jpg,25,0,1,1,12,0,12x1
img_26_page_0.jpg,high_freq_noise_large_LPAE_20971_hr,digital_data_high_freq_noise_large/img_26_page_0.jpg,26,0,1,4,3,1,3x4+1R
img_27_page_0.jpg,high_freq_noise_large_LPAE_20680_hr,digital_data_high_freq_noise_large/img_27_page_0.jpg,27,0,1,4,3,0,3x4
img_28_page_0.jpg,high_freq_noise_large_LPAE_07250_hr,digital_data_high_freq_noise_large/img_28_page_0.jpg,28,0,1,4,3,1,3x4+1R
img_29_page_0.jpg,high_freq_noise_large_LPAE_20748_hr,digital_data_high_freq_noise_large/img_29_page_0.jpg,29,0,1,4,3,1,3x4+1R
img_30_page_0.jpg,high_freq_noise_large_LPAE_06938_hr,digital_data_high_freq_noise_large/img_30_page_0.jpg,30,0,1,2,6,1,6x2+1R
img_31_page_0.jpg,high_freq_noise_large_LPAE_20367_hr,digital_data_high_freq_noise_large/img_31_page_0.jpg,31,0,1,4,3,1,3x4+1R
img_32_page_0.jpg,high_freq_noise_large_LPAE_07285_hr,digital_data_high_freq_noise_large/img_32_page_0.jpg,32,0,1,4,3,0,3x4
img_33_page_0.jpg,high_freq_noise_large_LPAE_07299_hr,digital_data_high_freq_noise_large/img_33_page_0.jpg,33,0,1,2,6,0,6x2
img_34_page_0.jpg,high_freq_noise_large_LPAE_21629_hr,digital_data_high_freq_noise_large/img_34_page_0.jpg,34,0,1,2,6,0,6x2
img_35_page_0.jpg,high_freq_noise_large_LPAE_07596_hr,digital_data_high_freq_noise_large/img_35_page_0.jpg,35,0,1,2,6,0,6x2
img_36_page_0.jpg,high_freq_noise_large_LPAE_10555_hr,digital_data_high_freq_noise_large/img_36_page_0.jpg,36,0,1,4,3,0,3x4
img_37_page_0.jpg,high_freq_noise_large_LPAE_21468_hr,digital_data_high_freq_noise_large/img_37_page_0.jpg,37,0,1,4,3,1,3x4+1R
img_38_page_0.jpg,high_freq_noise_large_LPAE_08885_hr,digital_data_high_freq_noise_large/img_38_page_0.jpg,38,0,1,4,3,3,3x4+3R
img_39_page_0.jpg,high_freq_noise_large_LPAE_09331_hr,digital_data_high_freq_noise_large/img_39_page_0.jpg,39,0,1,2,6,0,6x2
img_40_page_0.jpg,high_freq_noise_large_LPAE_09275_hr,digital_data_high_freq_noise_large/img_40_page_0.jpg,40,0,1,4,3,1,3x4+1R
img_41_page_0.jpg,high_freq_noise_large_LPAE_20243_hr,digital_data_high_freq_noise_large/img_41_page_0.jpg,41,0,1,2,6,0,6x2
img_42_page_0.jpg,high_freq_noise_large_LPAE_09545_hr,digital_data_high_freq_noise_large/img_42_page_0.jpg,42,0,1,4,3,1,3x4+1R
img_43_page_0.jpg,high_freq_noise_large_LPAE_09754_hr,digital_data_high_freq_noise_large/img_43_page_0.jpg,43,0,1,4,3,1,3x4+1R
img_44_page_0.jpg,high_freq_noise_large_LPAE_17637_hr,digital_data_high_freq_noise_large/img_44_page_0.jpg,44,0,1,4,3,0,3x4
img_45_page_0.jpg,high_freq_noise_large_LPAE_17118_hr,digital_data_high_freq_noise_large/img_45_page_0.jpg,45,0,1,2,6,0,6x2
img_46_page_0.jpg,high_freq_noise_large_LPAE_10306_hr,digital_data_high_freq_noise_large/img_46_page_0.jpg,46,0,1,4,3,1,3x4+1R
img_47_page_0.jpg,high_freq_noise_large_LPAE_10266_hr,digital_data_high_freq_noise_large/img_47_page_0.jpg,47,0,1,4,3,3,3x4+3R
img_48_page_0.jpg,high_freq_noise_large_LPAE_08007_hr,digital_data_high_freq_noise_large/img_48_page_0.jpg,48,0,1,2,6,0,6x2
img_49_page_0.jpg,high_freq_noise_large_LPAE_08962_hr,digital_data_high_freq_noise_large/img_49_page_0.jpg,49,0,1,2,6,0,6x2
img_50_page_0.jpg,high_freq_noise_large_LPAE_16895_hr,digital_data_high_freq_noise_large/img_50_page_0.jpg,50,0,1,4,3,0,3x4
img_51_page_0.jpg,high_freq_noise_large_LPAE_05359_hr,digital_data_high_freq_noise_large/img_51_page_0.jpg,51,0,1,4,3,0,3x4
img_52_page_0.jpg,high_freq_noise_large_LPAE_10554_hr,digital_data_high_freq_noise_large/img_52_page_0.jpg,52,0,1,2,6,1,6x2+1R
img_53_page_0.jpg,high_freq_noise_large_LPAE_10598_hr,digital_data_high_freq_noise_large/img_53_page_0.jpg,53,0,1,2,6,0,6x2
img_54_page_0.jpg,high_freq_noise_large_LPAE_17269_hr,digital_data_high_freq_noise_large/img_54_page_0.jpg,54,0,2,2,3,0,3x4
img_54_page_1.jpg,high_freq_noise_large_LPAE_17269_hr,digital_data_high_freq_noise_large/img_54_page_1.jpg,54,1,2,2,3,0,3x4
img_55_page_0.jpg,high_freq_noise_large_LPAE_10518_hr,digital_data_high_freq_noise_large/img_55_page_0.jpg,55,0,1,2,6,0,6x2
img_56_page_0.jpg,high_freq_noise_large_LPAE_10564_hr,digital_data_high_freq_noise_large/img_56_page_0.jpg,56,0,1,2,6,0,6x2
img_57_page_0.jpg,high_freq_noise_large_LPAE_06282_hr,digital_data_high_freq_noise_large/img_57_page_0.jpg,57,0,1,1,12,0,12x1
img_58_page_0.jpg,high_freq_noise_large_LPAE_10943_hr,digital_data_high_freq_noise_large/img_58_page_0.jpg,58,0,1,4,3,0,3x4
img_59_page_0.jpg,high_freq_noise_large_LPAE_18073_hr,digital_data_high_freq_noise_large/img_59_page_0.jpg,59,0,1,2,6,0,6x2
img_60_page_0.jpg,high_freq_noise_large_LPAE_11397_hr,digital_data_high_freq_noise_large/img_60_page_0.jpg,60,0,1,2,6,0,6x2
img_61_page_0.jpg,high_freq_noise_large_LPAE_05944_hr,digital_data_high_freq_noise_large/img_61_page_0.jpg,61,0,1,2,6,1,6x2+1R
img_62_page_0.jpg,high_freq_noise_large_LPAE_04733_hr,digital_data_high_freq_noise_large/img_62_page_0.jpg,62,0,1,4,3,1,3x4+1R
img_63_page_0.jpg,high_freq_noise_large_LPAE_10986_hr,digital_data_high_freq_noise_large/img_63_page_0.jpg,63,0,1,4,3,0,3x4
img_64_page_0.jpg,high_freq_noise_large_LPAE_18227_hr,digital_data_high_freq_noise_large/img_64_page_0.jpg,64,0,1,2,6,0,6x2
img_65_page_0.jpg,high_freq_noise_large_LPAE_18552_hr,digital_data_high_freq_noise_large/img_65_page_0.jpg,65,0,1,2,6,0,6x2
img_66_page_0.jpg,high_freq_noise_large_LPAE_11498_hr,digital_data_high_freq_noise_large/img_66_page_0.jpg,66,0,1,4,3,1,3x4+1R
img_67_page_0.jpg,high_freq_noise_large_LPAE_01805_hr,digital_data_high_freq_noise_large/img_67_page_0.jpg,67,0,1,4,3,0,3x4
img_68_page_0.jpg,high_freq_noise_large_LPAE_18945_hr,digital_data_high_freq_noise_large/img_68_page_0.jpg,68,0,1,4,3,1,3x4+1R
img_69_page_0.jpg,high_freq_noise_large_LPAE_12186_hr,digital_data_high_freq_noise_large/img_69_page_0.jpg,69,0,1,4,3,0,3x4
img_70_page_0.jpg,high_freq_noise_large_LPAE_04794_hr,digital_data_high_freq_noise_large/img_70_page_0.jpg,70,0,1,1,12,0,12x1
img_71_page_0.jpg,high_freq_noise_large_LPAE_12190_hr,digital_data_high_freq_noise_large/img_71_page_0.jpg,71,0,1,4,3,1,3x4+1R
img_72_page_0.jpg,high_freq_noise_large_LPAE_12432_hr,digital_data_high_freq_noise_large/img_72_page_0.jpg,72,0,1,4,3,1,3x4+1R
img_73_page_0.jpg,high_freq_noise_large_LPAE_19036_hr,digital_data_high_freq_noise_large/img_73_page_0.jpg,73,0,1,2,6,0,6x2
img_74_page_0.jpg,high_freq_noise_large_LPAE_12629_hr,digital_data_high_freq_noise_large/img_74_page_0.jpg,74,0,1,4,3,1,3x4+1R
img_75_page_0.jpg,high_freq_noise_large_LPAE_02444_hr,digital_data_high_freq_noise_large/img_75_page_0.jpg,75,0,2,1,6,0,6x2
img_75_page_1.jpg,high_freq_noise_large_LPAE_02444_hr,digital_data_high_freq_noise_large/img_75_page_1.jpg,75,1,2,1,6,0,6x2
img_76_page_0.jpg,high_freq_noise_large_LPAE_17345_hr,digital_data_high_freq_noise_large/img_76_page_0.jpg,76,0,1,2,6,0,6x2
img_77_page_0.jpg,high_freq_noise_large_LPAE_06303_hr,digital_data_high_freq_noise_large/img_77_page_0.jpg,77,0,1,4,3,0,3x4
img_78_page_0.jpg,high_freq_noise_large_LPAE_13851_hr,digital_data_high_freq_noise_large/img_78_page_0.jpg,78,0,1,2,6,0,6x2
img_79_page_0.jpg,high_freq_noise_large_LPAE_13962_hr,digital_data_high_freq_noise_large/img_79_page_0.jpg,79,0,1,2,6,0,6x2
img_80_page_0.jpg,high_freq_noise_large_LPAE_19394_hr,digital_data_high_freq_noise_large/img_80_page_0.jpg,80,0,1,4,3,1,3x4+1R
img_81_page_0.jpg,high_freq_noise_large_LPAE_00232_hr,digital_data_high_freq_noise_large/img_81_page_0.jpg,81,0,1,4,3,1,3x4+1R
img_82_page_0.jpg,high_freq_noise_large_LPAE_19269_hr,digital_data_high_freq_noise_large/img_82_page_0.jpg,82,0,1,4,3,1,3x4+1R
img_83_page_0.jpg,high_freq_noise_large_LPAE_20117_hr,digital_data_high_freq_noise_large/img_83_page_0.jpg,83,0,1,4,3,3,3x4+3R
img_84_page_0.jpg,high_freq_noise_large_LPAE_19164_hr,digital_data_high_freq_noise_large/img_84_page_0.jpg,84,0,1,4,3,1,3x4+1R
img_85_page_0.jpg,high_freq_noise_large_LPAE_19686_hr,digital_data_high_freq_noise_large/img_85_page_0.jpg,85,0,1,4,3,1,3x4+1R
img_86_page_0.jpg,high_freq_noise_large_LPAE_19968_hr,digital_data_high_freq_noise_large/img_86_page_0.jpg,86,0,1,2,6,0,6x2
img_87_page_0.jpg,high_freq_noise_large_LPAE_19288_hr,digital_data_high_freq_noise_large/img_87_page_0.jpg,87,0,1,2,6,0,6x2
img_88_page_0.jpg,high_freq_noise_large_LPAE_14304_hr,digital_data_high_freq_noise_large/img_88_page_0.jpg,88,0,4,1,3,0,3x4
img_88_page_1.jpg,high_freq_noise_large_LPAE_14304_hr,digital_data_high_freq_noise_large/img_88_page_1.jpg,88,1,4,1,3,0,3x4
img_88_page_2.jpg,high_freq_noise_large_LPAE_14304_hr,digital_data_high_freq_noise_large/img_88_page_2.jpg,88,2,4,1,3,0,3x4
img_88_page_3.jpg,high_freq_noise_large_LPAE_14304_hr,digital_data_high_freq_noise_large/img_88_page_3.jpg,88,3,4,1,3,0,3x4
img_89_page_0.jpg,high_freq_noise_large_LPAE_19309_hr,digital_data_high_freq_noise_large/img_89_page_0.jpg,89,0,2,2,3,0,3x4
img_89_page_1.jpg,high_freq_noise_large_LPAE_19309_hr,digital_data_high_freq_noise_large/img_89_page_1.jpg,89,1,2,2,3,0,3x4
img_90_page_0.jpg,high_freq_noise_large_LPAE_14641_hr,digital_data_high_freq_noise_large/img_90_page_0.jpg,90,0,1,2,6,0,6x2
img_91_page_0.jpg,high_freq_noise_large_LPAE_15477_hr,digital_data_high_freq_noise_large/img_91_page_0.jpg,91,0,1,4,3,1,3x4+1R
img_92_page_0.jpg,high_freq_noise_large_LPAE_14680_hr,digital_data_high_freq_noise_large/img_92_page_0.jpg,92,0,1,4,3,1,3x4+1R
img_93_page_0.jpg,high_freq_noise_large_LPAE_15368_hr,digital_data_high_freq_noise_large/img_93_page_0.jpg,93,0,1,2,6,1,6x2+1R
img_94_page_0.jpg,high_freq_noise_large_LPAE_19138_hr,digital_data_high_freq_noise_large/img_94_page_0.jpg,94,0,1,1,12,0,12x1
img_95_page_0.jpg,high_freq_noise_large_LPAE_15529_hr,digital_data_high_freq_noise_large/img_95_page_0.jpg,95,0,1,2,6,0,6x2
img_96_page_0.jpg,high_freq_noise_large_LPAE_15607_hr,digital_data_high_freq_noise_large/img_96_page_0.jpg,96,0,4,1,3,0,3x4
img_96_page_1.jpg,high_freq_noise_large_LPAE_15607_hr,digital_data_high_freq_noise_large/img_96_page_1.jpg,96,1,4,1,3,0,3x4
img_96_page_2.jpg,high_freq_noise_large_LPAE_15607_hr,digital_data_high_freq_noise_large/img_96_page_2.jpg,96,2,4,1,3,0,3x4
img_96_page_3.jpg,high_freq_noise_large_LPAE_15607_hr,digital_data_high_freq_noise_large/img_96_page_3.jpg,96,3,4,1,3,0,3x4
img_97_page_0.jpg,high_freq_noise_large_LPAE_19202_hr,digital_data_high_freq_noise_large/img_97_page_0.jpg,97,0,1,1,12,0,12x1
img_98_page_0.jpg,high_freq_noise_large_LPAE_16212_hr,digital_data_high_freq_noise_large/img_98_page_0.jpg,98,0,1,4,3,3,3x4+3R
img_99_page_0.jpg,high_freq_noise_large_LPAE_19326_hr,digital_data_high_freq_noise_large/img_99_page_0.jpg,99,0,1,2,6,0,6x2
img_100_page_0.jpg,high_freq_noise_large_LPAE_20139_hr,digital_data_high_freq_noise_large/img_100_page_0.jpg,100,0,1,4,3,3,3x4+3R
img_1_page_0.jpg,high_freq_noise_low_LPAE_11666_hr,digital_data_high_freq_noise_low/img_1_page_0.jpg,1,0,2,1,6,0,6x2
img_1_page_1.jpg,high_freq_noise_low_LPAE_11666_hr,digital_data_high_freq_noise_low/img_1_page_1.jpg,1,1,2,1,6,0,6x2
img_2_page_0.jpg,high_freq_noise_low_LPAE_11209_hr,digital_data_high_freq_noise_low/img_2_page_0.jpg,2,0,1,1,12,0,12x1
img_3_page_0.jpg,high_freq_noise_low_LPAE_14009_hr,digital_data_high_freq_noise_low/img_3_page_0.jpg,3,0,1,1,12,0,12x1
img_4_page_0.jpg,high_freq_noise_low_LPAE_20999_hr,digital_data_high_freq_noise_low/img_4_page_0.jpg,4,0,1,4,3,1,3x4+1R
img_5_page_0.jpg,high_freq_noise_low_LPAE_21515_hr,digital_data_high_freq_noise_low/img_5_page_0.jpg,5,0,1,2,6,0,6x2
img_6_page_0.jpg,high_freq_noise_low_LPAE_02926_hr,digital_data_high_freq_noise_low/img_6_page_0.jpg,6,0,1,1,12,0,12x1
img_7_page_0.jpg,high_freq_noise_low_LPAE_21541_hr,digital_data_high_freq_noise_low/img_7_page_0.jpg,7,0,1,2,6,0,6x2
img_8_page_0.jpg,high_freq_noise_low_LPAE_05432_hr,digital_data_high_freq_noise_low/img_8_page_0.jpg,8,0,1,4,3,3,3x4+3R
img_9_page_0.jpg,high_freq_noise_low_LPAE_20159_hr,digital_data_high_freq_noise_low/img_9_page_0.jpg,9,0,1,2,6,0,6x2
img_10_page_0.jpg,high_freq_noise_low_LPAE_04827_hr,digital_data_high_freq_noise_low/img_10_page_0.jpg,10,0,1,4,3,1,3x4+1R
img_11_page_0.jpg,high_freq_noise_low_LPAE_06229_hr,digital_data_high_freq_noise_low/img_11_page_0.jpg,11,0,1,2,6,0,6x2
img_12_page_0.jpg,high_freq_noise_low_LPAE_10505_hr,digital_data_high_freq_noise_low/img_12_page_0.jpg,12,0,1,4,3,3,3x4+3R
img_13_page_0.jpg,high_freq_noise_low_LPAE_10300_hr,digital_data_high_freq_noise_low/img_13_page_0.jpg,13,0,1,2,6,0,6x2
img_14_page_0.jpg,high_freq_noise_low_LPAE_17226_hr,digital_data_high_freq_noise_low/img_14_page_0.jpg,14,0,1,4,3,1,3x4+1R
img_15_page_0.jpg,high_freq_noise_low_LPAE_05742_hr,digital_data_high_freq_noise_low/img_15_page_0.jpg,15,0,1,4,3,1,3x4+1R
img_16_page_0.jpg,high_freq_noise_low_LPAE_19550_hr,digital_data_high_freq_noise_low/img_16_page_0.jpg,16,0,1,4,3,1,3x4+1R
img_17_page_0.jpg,high_freq_noise_low_LPAE_06918_hr,digital_data_high_freq_noise_low/img_17_page_0.jpg,17,0,1,4,3,1,3x4+1R
img_18_page_0.jpg,high_freq_noise_low_LPAE_12879_hr,digital_data_high_freq_noise_low/img_18_page_0.jpg,18,0,1,1,12,0,12x1
img_19_page_0.jpg,high_freq_noise_low_LPAE_20790_hr,digital_data_high_freq_noise_low/img_19_page_0.jpg,19,0,1,2,6,1,6x2+1R
img_20_page_0.jpg,high_freq_noise_low_LPAE_20947_hr,digital_data_high_freq_noise_low/img_20_page_0.jpg,20,0,1,4,3,0,3x4
img_21_page_0.jpg,high_freq_noise_low_LPAE_20515_hr,digital_data_high_freq_noise_low/img_21_page_0.jpg,21,0,1,2,6,0,6x2
img_22_page_0.jpg,high_freq_noise_low_LPAE_06846_hr,digital_data_high_freq_noise_low/img_22_page_0.jpg,22,0,1,4,3,1,3x4+1R
img_23_page_0.jpg,high_freq_noise_low_LPAE_04957_hr,digital_data_high_freq_noise_low/img_23_page_0.jpg,23,0,1,2,6,0,6x2
img_24_page_0.jpg,high_freq_noise_low_LPAE_14819_hr,digital_data_high_freq_noise_low/img_24_page_0.jpg,24,0,1,4,3,0,3x4
img_25_page_0.jpg,high_freq_noise_low_LPAE_05441_hr,digital_data_high_freq_noise_low/img_25_page_0.jpg,25,0,1,1,12,0,12x1
img_26_page_0.jpg,high_freq_noise_low_LPAE_20971_hr,digital_data_high_freq_noise_low/img_26_page_0.jpg,26,0,1,4,3,1,3x4+1R
img_27_page_0.jpg,high_freq_noise_low_LPAE_20680_hr,digital_data_high_freq_noise_low/img_27_page_0.jpg,27,0,1,4,3,0,3x4
img_28_page_0.jpg,high_freq_noise_low_LPAE_07250_hr,digital_data_high_freq_noise_low/img_28_page_0.jpg,28,0,1,4,3,1,3x4+1R
img_29_page_0.jpg,high_freq_noise_low_LPAE_20748_hr,digital_data_high_freq_noise_low/img_29_page_0.jpg,29,0,1,4,3,1,3x4+1R
img_30_page_0.jpg,high_freq_noise_low_LPAE_06938_hr,digital_data_high_freq_noise_low/img_30_page_0.jpg,30,0,1,2,6,1,6x2+1R
img_31_page_0.jpg,high_freq_noise_low_LPAE_20367_hr,digital_data_high_freq_noise_low/img_31_page_0.jpg,31,0,1,4,3,1,3x4+1R
img_32_page_0.jpg,high_freq_noise_low_LPAE_07285_hr,digital_data_high_freq_noise_low/img_32_page_0.jpg,32,0,1,4,3,0,3x4
img_33_page_0.jpg,high_freq_noise_low_LPAE_07299_hr,digital_data_high_freq_noise_low/img_33_page_0.jpg,33,0,1,2,6,0,6x2
img_34_page_0.jpg,high_freq_noise_low_LPAE_21629_hr,digital_data_high_freq_noise_low/img_34_page_0.jpg,34,0,1,2,6,0,6x2
img_35_page_0.jpg,high_freq_noise_low_LPAE_07596_hr,digital_data_high_freq_noise_low/img_35_page_0.jpg,35,0,1,2,6,0,6x2
img_36_page_0.jpg,high_freq_noise_low_LPAE_10555_hr,digital_data_high_freq_noise_low/img_36_page_0.jpg,36,0,1,4,3,0,3x4
img_37_page_0.jpg,high_freq_noise_low_LPAE_21468_hr,digital_data_high_freq_noise_low/img_37_page_0.jpg,37,0,1,4,3,1,3x4+1R
img_38_page_0.jpg,high_freq_noise_low_LPAE_08885_hr,digital_data_high_freq_noise_low/img_38_page_0.jpg,38,0,1,4,3,3,3x4+3R
img_39_page_0.jpg,high_freq_noise_low_LPAE_09331_hr,digital_data_high_freq_noise_low/img_39_page_0.jpg,39,0,1,2,6,0,6x2
img_40_page_0.jpg,high_freq_noise_low_LPAE_09275_hr,digital_data_high_freq_noise_low/img_40_page_0.jpg,40,0,1,4,3,1,3x4+1R
img_41_page_0.jpg,high_freq_noise_low_LPAE_20243_hr,digital_data_high_freq_noise_low/img_41_page_0.jpg,41,0,1,2,6,0,6x2
img_42_page_0.jpg,high_freq_noise_low_LPAE_09545_hr,digital_data_high_freq_noise_low/img_42_page_0.jpg,42,0,1,4,3,1,3x4+1R
img_43_page_0.jpg,high_freq_noise_low_LPAE_09754_hr,digital_data_high_freq_noise_low/img_43_page_0.jpg,43,0,1,4,3,1,3x4+1R
img_44_page_0.jpg,high_freq_noise_low_LPAE_17637_hr,digital_data_high_freq_noise_low/img_44_page_0.jpg,44,0,1,4,3,0,3x4
img_45_page_0.jpg,high_freq_noise_low_LPAE_17118_hr,digital_data_high_freq_noise_low/img_45_page_0.jpg,45,0,1,2,6,0,6x2
img_46_page_0.jpg,high_freq_noise_low_LPAE_10306_hr,digital_data_high_freq_noise_low/img_46_page_0.jpg,46,0,1,4,3,1,3x4+1R
img_47_page_0.jpg,high_freq_noise_low_LPAE_10266_hr,digital_data_high_freq_noise_low/img_47_page_0.jpg,47,0,1,4,3,3,3x4+3R
img_48_page_0.jpg,high_freq_noise_low_LPAE_08007_hr,digital_data_high_freq_noise_low/img_48_page_0.jpg,48,0,1,2,6,0,6x2
img_49_page_0.jpg,high_freq_noise_low_LPAE_08962_hr,digital_data_high_freq_noise_low/img_49_page_0.jpg,49,0,1,2,6,0,6x2
img_50_page_0.jpg,high_freq_noise_low_LPAE_16895_hr,digital_data_high_freq_noise_low/img_50_page_0.jpg,50,0,1,4,3,0,3x4
img_51_page_0.jpg,high_freq_noise_low_LPAE_05359_hr,digital_data_high_freq_noise_low/img_51_page_0.jpg,51,0,1,4,3,0,3x4
img_52_page_0.jpg,high_freq_noise_low_LPAE_10554_hr,digital_data_high_freq_noise_low/img_52_page_0.jpg,52,0,1,2,6,1,6x2+1R
img_53_page_0.jpg,high_freq_noise_low_LPAE_10598_hr,digital_data_high_freq_noise_low/img_53_page_0.jpg,53,0,1,2,6,0,6x2
img_54_page_0.jpg,high_freq_noise_low_LPAE_17269_hr,digital_data_high_freq_noise_low/img_54_page_0.jpg,54,0,2,2,3,0,3x4
img_54_page_1.jpg,high_freq_noise_low_LPAE_17269_hr,digital_data_high_freq_noise_low/img_54_page_1.jpg,54,1,2,2,3,0,3x4
img_55_page_0.jpg,high_freq_noise_low_LPAE_10518_hr,digital_data_high_freq_noise_low/img_55_page_0.jpg,55,0,1,2,6,0,6x2
img_56_page_0.jpg,high_freq_noise_low_LPAE_10564_hr,digital_data_high_freq_noise_low/img_56_page_0.jpg,56,0,1,2,6,0,6x2
img_57_page_0.jpg,high_freq_noise_low_LPAE_06282_hr,digital_data_high_freq_noise_low/img_57_page_0.jpg,57,0,1,1,12,0,12x1
img_58_page_0.jpg,high_freq_noise_low_LPAE_10943_hr,digital_data_high_freq_noise_low/img_58_page_0.jpg,58,0,1,4,3,0,3x4
img_59_page_0.jpg,high_freq_noise_low_LPAE_18073_hr,digital_data_high_freq_noise_low/img_59_page_0.jpg,59,0,1,2,6,0,6x2
img_60_page_0.jpg,high_freq_noise_low_LPAE_11397_hr,digital_data_high_freq_noise_low/img_60_page_0.jpg,60,0,1,2,6,0,6x2
img_61_page_0.jpg,high_freq_noise_low_LPAE_05944_hr,digital_data_high_freq_noise_low/img_61_page_0.jpg,61,0,1,2,6,1,6x2+1R
img_62_page_0.jpg,high_freq_noise_low_LPAE_04733_hr,digital_data_high_freq_noise_low/img_62_page_0.jpg,62,0,1,4,3,1,3x4+1R
img_63_page_0.jpg,high_freq_noise_low_LPAE_10986_hr,digital_data_high_freq_noise_low/img_63_page_0.jpg,63,0,1,4,3,0,3x4
img_64_page_0.jpg,high_freq_noise_low_LPAE_18227_hr,digital_data_high_freq_noise_low/img_64_page_0.jpg,64,0,1,2,6,0,6x2
img_65_page_0.jpg,high_freq_noise_low_LPAE_18552_hr,digital_data_high_freq_noise_low/img_65_page_0.jpg,65,0,1,2,6,0,6x2
img_66_page_0.jpg,high_freq_noise_low_LPAE_11498_hr,digital_data_high_freq_noise_low/img_66_page_0.jpg,66,0,1,4,3,1,3x4+1R
img_67_page_0.jpg,high_freq_noise_low_LPAE_01805_hr,digital_data_high_freq_noise_low/img_67_page_0.jpg,67,0,1,4,3,0,3x4
img_68_page_0.jpg,high_freq_noise_low_LPAE_18945_hr,digital_data_high_freq_noise_low/img_68_page_0.jpg,68,0,1,4,3,1,3x4+1R
img_69_page_0.jpg,high_freq_noise_low_LPAE_12186_hr,digital_data_high_freq_noise_low/img_69_page_0.jpg,69,0,1,4,3,0,3x4
img_70_page_0.jpg,high_freq_noise_low_LPAE_04794_hr,digital_data_high_freq_noise_low/img_70_page_0.jpg,70,0,1,1,12,0,12x1
img_71_page_0.jpg,high_freq_noise_low_LPAE_12190_hr,digital_data_high_freq_noise_low/img_71_page_0.jpg,71,0,1,4,3,1,3x4+1R
img_72_page_0.jpg,high_freq_noise_low_LPAE_12432_hr,digital_data_high_freq_noise_low/img_72_page_0.jpg,72,0,1,4,3,1,3x4+1R
img_73_page_0.jpg,high_freq_noise_low_LPAE_19036_hr,digital_data_high_freq_noise_low/img_73_page_0.jpg,73,0,1,2,6,0,6x2
img_74_page_0.jpg,high_freq_noise_low_LPAE_12629_hr,digital_data_high_freq_noise_low/img_74_page_0.jpg,74,0,1,4,3,1,3x4+1R
img_75_page_0.jpg,high_freq_noise_low_LPAE_02444_hr,digital_data_high_freq_noise_low/img_75_page_0.jpg,75,0,2,1,6,0,6x2
img_75_page_1.jpg,high_freq_noise_low_LPAE_02444_hr,digital_data_high_freq_noise_low/img_75_page_1.jpg,75,1,2,1,6,0,6x2
img_76_page_0.jpg,high_freq_noise_low_LPAE_17345_hr,digital_data_high_freq_noise_low/img_76_page_0.jpg,76,0,1,2,6,0,6x2
img_77_page_0.jpg,high_freq_noise_low_LPAE_06303_hr,digital_data_high_freq_noise_low/img_77_page_0.jpg,77,0,1,4,3,0,3x4
img_78_page_0.jpg,high_freq_noise_low_LPAE_13851_hr,digital_data_high_freq_noise_low/img_78_page_0.jpg,78,0,1,2,6,0,6x2
img_79_page_0.jpg,high_freq_noise_low_LPAE_13962_hr,digital_data_high_freq_noise_low/img_79_page_0.jpg,79,0,1,2,6,0,6x2
img_80_page_0.jpg,high_freq_noise_low_LPAE_19394_hr,digital_data_high_freq_noise_low/img_80_page_0.jpg,80,0,1,4,3,1,3x4+1R
img_81_page_0.jpg,high_freq_noise_low_LPAE_00232_hr,digital_data_high_freq_noise_low/img_81_page_0.jpg,81,0,1,4,3,1,3x4+1R
img_82_page_0.jpg,high_freq_noise_low_LPAE_19269_hr,digital_data_high_freq_noise_low/img_82_page_0.jpg,82,0,1,4,3,1,3x4+1R
img_83_page_0.jpg,high_freq_noise_low_LPAE_20117_hr,digital_data_high_freq_noise_low/img_83_page_0.jpg,83,0,1,4,3,3,3x4+3R
img_84_page_0.jpg,high_freq_noise_low_LPAE_19164_hr,digital_data_high_freq_noise_low/img_84_page_0.jpg,84,0,1,4,3,1,3x4+1R
img_85_page_0.jpg,high_freq_noise_low_LPAE_19686_hr,digital_data_high_freq_noise_low/img_85_page_0.jpg,85,0,1,4,3,1,3x4+1R
img_86_page_0.jpg,high_freq_noise_low_LPAE_19968_hr,digital_data_high_freq_noise_low/img_86_page_0.jpg,86,0,1,2,6,0,6x2
img_87_page_0.jpg,high_freq_noise_low_LPAE_19288_hr,digital_data_high_freq_noise_low/img_87_page_0.jpg,87,0,1,2,6,0,6x2
img_88_page_0.jpg,high_freq_noise_low_LPAE_14304_hr,digital_data_high_freq_noise_low/img_88_page_0.jpg,88,0,4,1,3,0,3x4
img_88_page_1.jpg,high_freq_noise_low_LPAE_14304_hr,digital_data_high_freq_noise_low/img_88_page_1.jpg,88,1,4,1,3,0,3x4
img_88_page_2.jpg,high_freq_noise_low_LPAE_14304_hr,digital_data_high_freq_noise_low/img_88_page_2.jpg,88,2,4,1,3,0,3x4
img_88_page_3.jpg,high_freq_noise_low_LPAE_14304_hr,digital_data_high_freq_noise_low/img_88_page_3.jpg,88,3,4,1,3,0,3x4
img_89_page_0.jpg,high_freq_noise_low_LPAE_19309_hr,digital_data_high_freq_noise_low/img_89_page_0.jpg,89,0,2,2,3,0,3x4
img_89_page_1.jpg,high_freq_noise_low_LPAE_19309_hr,digital_data_high_freq_noise_low/img_89_page_1.jpg,89,1,2,2,3,0,3x4
img_90_page_0.jpg,high_freq_noise_low_LPAE_14641_hr,digital_data_high_freq_noise_low/img_90_page_0.jpg,90,0,1,2,6,0,6x2
img_91_page_0.jpg,high_freq_noise_low_LPAE_15477_hr,digital_data_high_freq_noise_low/img_91_page_0.jpg,91,0,1,4,3,1,3x4+1R
img_92_page_0.jpg,high_freq_noise_low_LPAE_14680_hr,digital_data_high_freq_noise_low/img_92_page_0.jpg,92,0,1,4,3,1,3x4+1R
img_93_page_0.jpg,high_freq_noise_low_LPAE_15368_hr,digital_data_high_freq_noise_low/img_93_page_0.jpg,93,0,1,2,6,1,6x2+1R
img_94_page_0.jpg,high_freq_noise_low_LPAE_19138_hr,digital_data_high_freq_noise_low/img_94_page_0.jpg,94,0,1,1,12,0,12x1
img_95_page_0.jpg,high_freq_noise_low_LPAE_15529_hr,digital_data_high_freq_noise_low/img_95_page_0.jpg,95,0,1,2,6,0,6x2
img_96_page_0.jpg,high_freq_noise_low_LPAE_15607_hr,digital_data_high_freq_noise_low/img_96_page_0.jpg,96,0,4,1,3,0,3x4
img_96_page_1.jpg,high_freq_noise_low_LPAE_15607_hr,digital_data_high_freq_noise_low/img_96_page_1.jpg,96,1,4,1,3,0,3x4
img_96_page_2.jpg,high_freq_noise_low_LPAE_15607_hr,digital_data_high_freq_noise_low/img_96_page_2.jpg,96,2,4,1,3,0,3x4
img_96_page_3.jpg,high_freq_noise_low_LPAE_15607_hr,digital_data_high_freq_noise_low/img_96_page_3.jpg,96,3,4,1,3,0,3x4
img_97_page_0.jpg,high_freq_noise_low_LPAE_19202_hr,digital_data_high_freq_noise_low/img_97_page_0.jpg,97,0,1,1,12,0,12x1
img_98_page_0.jpg,high_freq_noise_low_LPAE_16212_hr,digital_data_high_freq_noise_low/img_98_page_0.jpg,98,0,1,4,3,3,3x4+3R
img_99_page_0.jpg,high_freq_noise_low_LPAE_19326_hr,digital_data_high_freq_noise_low/img_99_page_0.jpg,99,0,1,2,6,0,6x2
img_100_page_0.jpg,high_freq_noise_low_LPAE_20139_hr,digital_data_high_freq_noise_low/img_100_page_0.jpg,100,0,1,4,3,3,3x4+3R
img_1_page_0.jpg,high_freq_noise_middle_LPAE_11666_hr,digital_data_high_freq_noise_middle/img_1_page_0.jpg,1,0,2,1,6,0,6x2
img_1_page_1.jpg,high_freq_noise_middle_LPAE_11666_hr,digital_data_high_freq_noise_middle/img_1_page_1.jpg,1,1,2,1,6,0,6x2
img_2_page_0.jpg,high_freq_noise_middle_LPAE_11209_hr,digital_data_high_freq_noise_middle/img_2_page_0.jpg,2,0,1,1,12,0,12x1
img_3_page_0.jpg,high_freq_noise_middle_LPAE_14009_hr,digital_data_high_freq_noise_middle/img_3_page_0.jpg,3,0,1,1,12,0,12x1
img_4_page_0.jpg,high_freq_noise_middle_LPAE_20999_hr,digital_data_high_freq_noise_middle/img_4_page_0.jpg,4,0,1,4,3,1,3x4+1R
img_5_page_0.jpg,high_freq_noise_middle_LPAE_21515_hr,digital_data_high_freq_noise_middle/img_5_page_0.jpg,5,0,1,2,6,0,6x2
img_6_page_0.jpg,high_freq_noise_middle_LPAE_02926_hr,digital_data_high_freq_noise_middle/img_6_page_0.jpg,6,0,1,1,12,0,12x1
img_7_page_0.jpg,high_freq_noise_middle_LPAE_21541_hr,digital_data_high_freq_noise_middle/img_7_page_0.jpg,7,0,1,2,6,0,6x2
img_8_page_0.jpg,high_freq_noise_middle_LPAE_05432_hr,digital_data_high_freq_noise_middle/img_8_page_0.jpg,8,0,1,4,3,3,3x4+3R
img_9_page_0.jpg,high_freq_noise_middle_LPAE_20159_hr,digital_data_high_freq_noise_middle/img_9_page_0.jpg,9,0,1,2,6,0,6x2
img_10_page_0.jpg,high_freq_noise_middle_LPAE_04827_hr,digital_data_high_freq_noise_middle/img_10_page_0.jpg,10,0,1,4,3,1,3x4+1R
img_11_page_0.jpg,high_freq_noise_middle_LPAE_06229_hr,digital_data_high_freq_noise_middle/img_11_page_0.jpg,11,0,1,2,6,0,6x2
img_12_page_0.jpg,high_freq_noise_middle_LPAE_10505_hr,digital_data_high_freq_noise_middle/img_12_page_0.jpg,12,0,1,4,3,3,3x4+3R
img_13_page_0.jpg,high_freq_noise_middle_LPAE_10300_hr,digital_data_high_freq_noise_middle/img_13_page_0.jpg,13,0,1,2,6,0,6x2
img_14_page_0.jpg,high_freq_noise_middle_LPAE_17226_hr,digital_data_high_freq_noise_middle/img_14_page_0.jpg,14,0,1,4,3,1,3x4+1R
img_15_page_0.jpg,high_freq_noise_middle_LPAE_05742_hr,digital_data_high_freq_noise_middle/img_15_page_0.jpg,15,0,1,4,3,1,3x4+1R
img_16_page_0.jpg,high_freq_noise_middle_LPAE_19550_hr,digital_data_high_freq_noise_middle/img_16_page_0.jpg,16,0,1,4,3,1,3x4+1R
img_17_page_0.jpg,high_freq_noise_middle_LPAE_06918_hr,digital_data_high_freq_noise_middle/img_17_page_0.jpg,17,0,1,4,3,1,3x4+1R
img_18_page_0.jpg,high_freq_noise_middle_LPAE_12879_hr,digital_data_high_freq_noise_middle/img_18_page_0.jpg,18,0,1,1,12,0,12x1
img_19_page_0.jpg,high_freq_noise_middle_LPAE_20790_hr,digital_data_high_freq_noise_middle/img_19_page_0.jpg,19,0,1,2,6,1,6x2+1R
img_20_page_0.jpg,high_freq_noise_middle_LPAE_20947_hr,digital_data_high_freq_noise_middle/img_20_page_0.jpg,20,0,1,4,3,0,3x4
img_21_page_0.jpg,high_freq_noise_middle_LPAE_20515_hr,digital_data_high_freq_noise_middle/img_21_page_0.jpg,21,0,1,2,6,0,6x2
img_22_page_0.jpg,high_freq_noise_middle_LPAE_06846_hr,digital_data_high_freq_noise_middle/img_22_page_0.jpg,22,0,1,4,3,1,3x4+1R
img_23_page_0.jpg,high_freq_noise_middle_LPAE_04957_hr,digital_data_high_freq_noise_middle/img_23_page_0.jpg,23,0,1,2,6,0,6x2
img_24_page_0.jpg,high_freq_noise_middle_LPAE_14819_hr,digital_data_high_freq_noise_middle/img_24_page_0.jpg,24,0,1,4,3,0,3x4
img_25_page_0.jpg,high_freq_noise_middle_LPAE_05441_hr,digital_data_high_freq_noise_middle/img_25_page_0.jpg,25,0,1,1,12,0,12x1
img_26_page_0.jpg,high_freq_noise_middle_LPAE_20971_hr,digital_data_high_freq_noise_middle/img_26_page_0.jpg,26,0,1,4,3,1,3x4+1R
img_27_page_0.jpg,high_freq_noise_middle_LPAE_20680_hr,digital_data_high_freq_noise_middle/img_27_page_0.jpg,27,0,1,4,3,0,3x4
img_28_page_0.jpg,high_freq_noise_middle_LPAE_07250_hr,digital_data_high_freq_noise_middle/img_28_page_0.jpg,28,0,1,4,3,1,3x4+1R
img_29_page_0.jpg,high_freq_noise_middle_LPAE_20748_hr,digital_data_high_freq_noise_middle/img_29_page_0.jpg,29,0,1,4,3,1,3x4+1R
img_30_page_0.jpg,high_freq_noise_middle_LPAE_06938_hr,digital_data_high_freq_noise_middle/img_30_page_0.jpg,30,0,1,2,6,1,6x2+1R
img_31_page_0.jpg,high_freq_noise_middle_LPAE_20367_hr,digital_data_high_freq_noise_middle/img_31_page_0.jpg,31,0,1,4,3,1,3x4+1R
img_32_page_0.jpg,high_freq_noise_middle_LPAE_07285_hr,digital_data_high_freq_noise_middle/img_32_page_0.jpg,32,0,1,4,3,0,3x4
img_33_page_0.jpg,high_freq_noise_middle_LPAE_07299_hr,digital_data_high_freq_noise_middle/img_33_page_0.jpg,33,0,1,2,6,0,6x2
img_34_page_0.jpg,high_freq_noise_middle_LPAE_21629_hr,digital_data_high_freq_noise_middle/img_34_page_0.jpg,34,0,1,2,6,0,6x2
img_35_page_0.jpg,high_freq_noise_middle_LPAE_07596_hr,digital_data_high_freq_noise_middle/img_35_page_0.jpg,35,0,1,2,6,0,6x2
img_36_page_0.jpg,high_freq_noise_middle_LPAE_10555_hr,digital_data_high_freq_noise_middle/img_36_page_0.jpg,36,0,1,4,3,0,3x4
img_37_page_0.jpg,high_freq_noise_middle_LPAE_21468_hr,digital_data_high_freq_noise_middle/img_37_page_0.jpg,37,0,1,4,3,1,3x4+1R
img_38_page_0.jpg,high_freq_noise_middle_LPAE_08885_hr,digital_data_high_freq_noise_middle/img_38_page_0.jpg,38,0,1,4,3,3,3x4+3R
img_39_page_0.jpg,high_freq_noise_middle_LPAE_09331_hr,digital_data_high_freq_noise_middle/img_39_page_0.jpg,39,0,1,2,6,0,6x2
img_40_page_0.jpg,high_freq_noise_middle_LPAE_09275_hr,digital_data_high_freq_noise_middle/img_40_page_0.jpg,40,0,1,4,3,1,3x4+1R
img_41_page_0.jpg,high_freq_noise_middle_LPAE_20243_hr,digital_data_high_freq_noise_middle/img_41_page_0.jpg,41,0,1,2,6,0,6x2
img_42_page_0.jpg,high_freq_noise_middle_LPAE_09545_hr,digital_data_high_freq_noise_middle/img_42_page_0.jpg,42,0,1,4,3,1,3x4+1R
img_43_page_0.jpg,high_freq_noise_middle_LPAE_09754_hr,digital_data_high_freq_noise_middle/img_43_page_0.jpg,43,0,1,4,3,1,3x4+1R
img_44_page_0.jpg,high_freq_noise_middle_LPAE_17637_hr,digital_data_high_freq_noise_middle/img_44_page_0.jpg,44,0,1,4,3,0,3x4
img_45_page_0.jpg,high_freq_noise_middle_LPAE_17118_hr,digital_data_high_freq_noise_middle/img_45_page_0.jpg,45,0,1,2,6,0,6x2
img_46_page_0.jpg,high_freq_noise_middle_LPAE_10306_hr,digital_data_high_freq_noise_middle/img_46_page_0.jpg,46,0,1,4,3,1,3x4+1R
img_47_page_0.jpg,high_freq_noise_middle_LPAE_10266_hr,digital_data_high_freq_noise_middle/img_47_page_0.jpg,47,0,1,4,3,3,3x4+3R
img_48_page_0.jpg,high_freq_noise_middle_LPAE_08007_hr,digital_data_high_freq_noise_middle/img_48_page_0.jpg,48,0,1,2,6,0,6x2
img_49_page_0.jpg,high_freq_noise_middle_LPAE_08962_hr,digital_data_high_freq_noise_middle/img_49_page_0.jpg,49,0,1,2,6,0,6x2
img_50_page_0.jpg,high_freq_noise_middle_LPAE_16895_hr,digital_data_high_freq_noise_middle/img_50_page_0.jpg,50,0,1,4,3,0,3x4
img_51_page_0.jpg,high_freq_noise_middle_LPAE_05359_hr,digital_data_high_freq_noise_middle/img_51_page_0.jpg,51,0,1,4,3,0,3x4
img_52_page_0.jpg,high_freq_noise_middle_LPAE_10554_hr,digital_data_high_freq_noise_middle/img_52_page_0.jpg,52,0,1,2,6,1,6x2+1R
img_53_page_0.jpg,high_freq_noise_middle_LPAE_10598_hr,digital_data_high_freq_noise_middle/img_53_page_0.jpg,53,0,1,2,6,0,6x2
img_54_page_0.jpg,high_freq_noise_middle_LPAE_17269_hr,digital_data_high_freq_noise_middle/img_54_page_0.jpg,54,0,2,2,3,0,3x4
img_54_page_1.jpg,high_freq_noise_middle_LPAE_17269_hr,digital_data_high_freq_noise_middle/img_54_page_1.jpg,54,1,2,2,3,0,3x4
img_55_page_0.jpg,high_freq_noise_middle_LPAE_10518_hr,digital_data_high_freq_noise_middle/img_55_page_0.jpg,55,0,1,2,6,0,6x2
img_56_page_0.jpg,high_freq_noise_middle_LPAE_10564_hr,digital_data_high_freq_noise_middle/img_56_page_0.jpg,56,0,1,2,6,0,6x2
img_57_page_0.jpg,high_freq_noise_middle_LPAE_06282_hr,digital_data_high_freq_noise_middle/img_57_page_0.jpg,57,0,1,1,12,0,12x1
img_58_page_0.jpg,high_freq_noise_middle_LPAE_10943_hr,digital_data_high_freq_noise_middle/img_58_page_0.jpg,58,0,1,4,3,0,3x4
img_59_page_0.jpg,high_freq_noise_middle_LPAE_18073_hr,digital_data_high_freq_noise_middle/img_59_page_0.jpg,59,0,1,2,6,0,6x2
img_60_page_0.jpg,high_freq_noise_middle_LPAE_11397_hr,digital_data_high_freq_noise_middle/img_60_page_0.jpg,60,0,1,2,6,0,6x2
img_61_page_0.jpg,high_freq_noise_middle_LPAE_05944_hr,digital_data_high_freq_noise_middle/img_61_page_0.jpg,61,0,1,2,6,1,6x2+1R
img_62_page_0.jpg,high_freq_noise_middle_LPAE_04733_hr,digital_data_high_freq_noise_middle/img_62_page_0.jpg,62,0,1,4,3,1,3x4+1R
img_63_page_0.jpg,high_freq_noise_middle_LPAE_10986_hr,digital_data_high_freq_noise_middle/img_63_page_0.jpg,63,0,1,4,3,0,3x4
img_64_page_0.jpg,high_freq_noise_middle_LPAE_18227_hr,digital_data_high_freq_noise_middle/img_64_page_0.jpg,64,0,1,2,6,0,6x2
img_65_page_0.jpg,high_freq_noise_middle_LPAE_18552_hr,digital_data_high_freq_noise_middle/img_65_page_0.jpg,65,0,1,2,6,0,6x2
img_66_page_0.jpg,high_freq_noise_middle_LPAE_11498_hr,digital_data_high_freq_noise_middle/img_66_page_0.jpg,66,0,1,4,3,1,3x4+1R
img_67_page_0.jpg,high_freq_noise_middle_LPAE_01805_hr,digital_data_high_freq_noise_middle/img_67_page_0.jpg,67,0,1,4,3,0,3x4
img_68_page_0.jpg,high_freq_noise_middle_LPAE_18945_hr,digital_data_high_freq_noise_middle/img_68_page_0.jpg,68,0,1,4,3,1,3x4+1R
img_69_page_0.jpg,high_freq_noise_middle_LPAE_12186_hr,digital_data_high_freq_noise_middle/img_69_page_0.jpg,69,0,1,4,3,0,3x4
img_70_page_0.jpg,high_freq_noise_middle_LPAE_04794_hr,digital_data_high_freq_noise_middle/img_70_page_0.jpg,70,0,1,1,12,0,12x1
img_71_page_0.jpg,high_freq_noise_middle_LPAE_12190_hr,digital_data_high_freq_noise_middle/img_71_page_0.jpg,71,0,1,4,3,1,3x4+1R
img_72_page_0.jpg,high_freq_noise_middle_LPAE_12432_hr,digital_data_high_freq_noise_middle/img_72_page_0.jpg,72,0,1,4,3,1,3x4+1R
img_73_page_0.jpg,high_freq_noise_middle_LPAE_19036_hr,digital_data_high_freq_noise_middle/img_73_page_0.jpg,73,0,1,2,6,0,6x2
img_74_page_0.jpg,high_freq_noise_middle_LPAE_12629_hr,digital_data_high_freq_noise_middle/img_74_page_0.jpg,74,0,1,4,3,1,3x4+1R
img_75_page_0.jpg,high_freq_noise_middle_LPAE_02444_hr,digital_data_high_freq_noise_middle/img_75_page_0.jpg,75,0,2,1,6,0,6x2
img_75_page_1.jpg,high_freq_noise_middle_LPAE_02444_hr,digital_data_high_freq_noise_middle/img_75_page_1.jpg,75,1,2,1,6,0,6x2
img_76_page_0.jpg,high_freq_noise_middle_LPAE_17345_hr,digital_data_high_freq_noise_middle/img_76_page_0.jpg,76,0,1,2,6,0,6x2
img_77_page_0.jpg,high_freq_noise_middle_LPAE_06303_hr,digital_data_high_freq_noise_middle/img_77_page_0.jpg,77,0,1,4,3,0,3x4
img_78_page_0.jpg,high_freq_noise_middle_LPAE_13851_hr,digital_data_high_freq_noise_middle/img_78_page_0.jpg,78,0,1,2,6,0,6x2
img_79_page_0.jpg,high_freq_noise_middle_LPAE_13962_hr,digital_data_high_freq_noise_middle/img_79_page_0.jpg,79,0,1,2,6,0,6x2
img_80_page_0.jpg,high_freq_noise_middle_LPAE_19394_hr,digital_data_high_freq_noise_middle/img_80_page_0.jpg,80,0,1,4,3,1,3x4+1R
img_81_page_0.jpg,high_freq_noise_middle_LPAE_00232_hr,digital_data_high_freq_noise_middle/img_81_page_0.jpg,81,0,1,4,3,1,3x4+1R
img_82_page_0.jpg,high_freq_noise_middle_LPAE_19269_hr,digital_data_high_freq_noise_middle/img_82_page_0.jpg,82,0,1,4,3,1,3x4+1R
img_83_page_0.jpg,high_freq_noise_middle_LPAE_20117_hr,digital_data_high_freq_noise_middle/img_83_page_0.jpg,83,0,1,4,3,3,3x4+3R
img_84_page_0.jpg,high_freq_noise_middle_LPAE_19164_hr,digital_data_high_freq_noise_middle/img_84_page_0.jpg,84,0,1,4,3,1,3x4+1R
img_85_page_0.jpg,high_freq_noise_middle_LPAE_19686_hr,digital_data_high_freq_noise_middle/img_85_page_0.jpg,85,0,1,4,3,1,3x4+1R
img_86_page_0.jpg,high_freq_noise_middle_LPAE_19968_hr,digital_data_high_freq_noise_middle/img_86_page_0.jpg,86,0,1,2,6,0,6x2
img_87_page_0.jpg,high_freq_noise_middle_LPAE_19288_hr,digital_data_high_freq_noise_middle/img_87_page_0.jpg,87,0,1,2,6,0,6x2
img_88_page_0.jpg,high_freq_noise_middle_LPAE_14304_hr,digital_data_high_freq_noise_middle/img_88_page_0.jpg,88,0,4,1,3,0,3x4
img_88_page_1.jpg,high_freq_noise_middle_LPAE_14304_hr,digital_data_high_freq_noise_middle/img_88_page_1.jpg,88,1,4,1,3,0,3x4
img_88_page_2.jpg,high_freq_noise_middle_LPAE_14304_hr,digital_data_high_freq_noise_middle/img_88_page_2.jpg,88,2,4,1,3,0,3x4
img_88_page_3.jpg,high_freq_noise_middle_LPAE_14304_hr,digital_data_high_freq_noise_middle/img_88_page_3.jpg,88,3,4,1,3,0,3x4
img_89_page_0.jpg,high_freq_noise_middle_LPAE_19309_hr,digital_data_high_freq_noise_middle/img_89_page_0.jpg,89,0,2,2,3,0,3x4
img_89_page_1.jpg,high_freq_noise_middle_LPAE_19309_hr,digital_data_high_freq_noise_middle/img_89_page_1.jpg,89,1,2,2,3,0,3x4
img_90_page_0.jpg,high_freq_noise_middle_LPAE_14641_hr,digital_data_high_freq_noise_middle/img_90_page_0.jpg,90,0,1,2,6,0,6x2
img_91_page_0.jpg,high_freq_noise_middle_LPAE_15477_hr,digital_data_high_freq_noise_middle/img_91_page_0.jpg,91,0,1,4,3,1,3x4+1R
img_92_page_0.jpg,high_freq_noise_middle_LPAE_14680_hr,digital_data_high_freq_noise_middle/img_92_page_0.jpg,92,0,1,4,3,1,3x4+1R
img_93_page_0.jpg,high_freq_noise_middle_LPAE_15368_hr,digital_data_high_freq_noise_middle/img_93_page_0.jpg,93,0,1,2,6,1,6x2+1R
img_94_page_0.jpg,high_freq_noise_middle_LPAE_19138_hr,digital_data_high_freq_noise_middle/img_94_page_0.jpg,94,0,1,1,12,0,12x1
img_95_page_0.jpg,high_freq_noise_middle_LPAE_15529_hr,digital_data_high_freq_noise_middle/img_95_page_0.jpg,95,0,1,2,6,0,6x2
img_96_page_0.jpg,high_freq_noise_middle_LPAE_15607_hr,digital_data_high_freq_noise_middle/img_96_page_0.jpg,96,0,4,1,3,0,3x4
img_96_page_1.jpg,high_freq_noise_middle_LPAE_15607_hr,digital_data_high_freq_noise_middle/img_96_page_1.jpg,96,1,4,1,3,0,3x4
img_96_page_2.jpg,high_freq_noise_middle_LPAE_15607_hr,digital_data_high_freq_noise_middle/img_96_page_2.jpg,96,2,4,1,3,0,3x4
img_96_page_3.jpg,high_freq_noise_middle_LPAE_15607_hr,digital_data_high_freq_noise_middle/img_96_page_3.jpg,96,3,4,1,3,0,3x4
img_97_page_0.jpg,high_freq_noise_middle_LPAE_19202_hr,digital_data_high_freq_noise_middle/img_97_page_0.jpg,97,0,1,1,12,0,12x1
img_98_page_0.jpg,high_freq_noise_middle_LPAE_16212_hr,digital_data_high_freq_noise_middle/img_98_page_0.jpg,98,0,1,4,3,3,3x4+3R
img_99_page_0.jpg,high_freq_noise_middle_LPAE_19326_hr,digital_data_high_freq_noise_middle/img_99_page_0.jpg,99,0,1,2,6,0,6x2
img_100_page_0.jpg,high_freq_noise_middle_LPAE_20139_hr,digital_data_high_freq_noise_middle/img_100_page_0.jpg,100,0,1,4,3,3,3x4+3R
img_1_page_0.jpg,low_freq_noise_large_LPAE_11666_hr,digital_data_low_freq_noise_large/img_1_page_0.jpg,1,0,2,1,6,0,6x2
img_1_page_1.jpg,low_freq_noise_large_LPAE_11666_hr,digital_data_low_freq_noise_large/img_1_page_1.jpg,1,1,2,1,6,0,6x2
img_2_page_0.jpg,low_freq_noise_large_LPAE_11209_hr,digital_data_low_freq_noise_large/img_2_page_0.jpg,2,0,1,1,12,0,12x1
img_3_page_0.jpg,low_freq_noise_large_LPAE_14009_hr,digital_data_low_freq_noise_large/img_3_page_0.jpg,3,0,1,1,12,0,12x1
img_4_page_0.jpg,low_freq_noise_large_LPAE_20999_hr,digital_data_low_freq_noise_large/img_4_page_0.jpg,4,0,1,4,3,1,3x4+1R
img_5_page_0.jpg,low_freq_noise_large_LPAE_21515_hr,digital_data_low_freq_noise_large/img_5_page_0.jpg,5,0,1,2,6,0,6x2
img_6_page_0.jpg,low_freq_noise_large_LPAE_02926_hr,digital_data_low_freq_noise_large/img_6_page_0.jpg,6,0,1,1,12,0,12x1
img_7_page_0.jpg,low_freq_noise_large_LPAE_21541_hr,digital_data_low_freq_noise_large/img_7_page_0.jpg,7,0,1,2,6,0,6x2
img_8_page_0.jpg,low_freq_noise_large_LPAE_05432_hr,digital_data_low_freq_noise_large/img_8_page_0.jpg,8,0,1,4,3,3,3x4+3R
img_9_page_0.jpg,low_freq_noise_large_LPAE_20159_hr,digital_data_low_freq_noise_large/img_9_page_0.jpg,9,0,1,2,6,0,6x2
img_10_page_0.jpg,low_freq_noise_large_LPAE_04827_hr,digital_data_low_freq_noise_large/img_10_page_0.jpg,10,0,1,4,3,1,3x4+1R
img_11_page_0.jpg,low_freq_noise_large_LPAE_06229_hr,digital_data_low_freq_noise_large/img_11_page_0.jpg,11,0,1,2,6,0,6x2
img_12_page_0.jpg,low_freq_noise_large_LPAE_10505_hr,digital_data_low_freq_noise_large/img_12_page_0.jpg,12,0,1,4,3,3,3x4+3R
img_13_page_0.jpg,low_freq_noise_large_LPAE_10300_hr,digital_data_low_freq_noise_large/img_13_page_0.jpg,13,0,1,2,6,0,6x2
img_14_page_0.jpg,low_freq_noise_large_LPAE_17226_hr,digital_data_low_freq_noise_large/img_14_page_0.jpg,14,0,1,4,3,1,3x4+1R
img_15_page_0.jpg,low_freq_noise_large_LPAE_05742_hr,digital_data_low_freq_noise_large/img_15_page_0.jpg,15,0,1,4,3,1,3x4+1R
img_16_page_0.jpg,low_freq_noise_large_LPAE_19550_hr,digital_data_low_freq_noise_large/img_16_page_0.jpg,16,0,1,4,3,1,3x4+1R
img_17_page_0.jpg,low_freq_noise_large_LPAE_06918_hr,digital_data_low_freq_noise_large/img_17_page_0.jpg,17,0,1,4,3,1,3x4+1R
img_18_page_0.jpg,low_freq_noise_large_LPAE_12879_hr,digital_data_low_freq_noise_large/img_18_page_0.jpg,18,0,1,1,12,0,12x1
img_19_page_0.jpg,low_freq_noise_large_LPAE_20790_hr,digital_data_low_freq_noise_large/img_19_page_0.jpg,19,0,1,2,6,1,6x2+1R
img_20_page_0.jpg,low_freq_noise_large_LPAE_20947_hr,digital_data_low_freq_noise_large/img_20_page_0.jpg,20,0,1,4,3,0,3x4
img_21_page_0.jpg,low_freq_noise_large_LPAE_20515_hr,digital_data_low_freq_noise_large/img_21_page_0.jpg,21,0,1,2,6,0,6x2
img_22_page_0.jpg,low_freq_noise_large_LPAE_06846_hr,digital_data_low_freq_noise_large/img_22_page_0.jpg,22,0,1,4,3,1,3x4+1R
img_23_page_0.jpg,low_freq_noise_large_LPAE_04957_hr,digital_data_low_freq_noise_large/img_23_page_0.jpg,23,0,1,2,6,0,6x2
img_24_page_0.jpg,low_freq_noise_large_LPAE_14819_hr,digital_data_low_freq_noise_large/img_24_page_0.jpg,24,0,1,4,3,0,3x4
img_25_page_0.jpg,low_freq_noise_large_LPAE_05441_hr,digital_data_low_freq_noise_large/img_25_page_0.jpg,25,0,1,1,12,0,12x1
img_26_page_0.jpg,low_freq_noise_large_LPAE_20971_hr,digital_data_low_freq_noise_large/img_26_page_0.jpg,26,0,1,4,3,1,3x4+1R
img_27_page_0.jpg,low_freq_noise_large_LPAE_20680_hr,digital_data_low_freq_noise_large/img_27_page_0.jpg,27,0,1,4,3,0,3x4
img_28_page_0.jpg,low_freq_noise_large_LPAE_07250_hr,digital_data_low_freq_noise_large/img_28_page_0.jpg,28,0,1,4,3,1,3x4+1R
img_29_page_0.jpg,low_freq_noise_large_LPAE_20748_hr,digital_data_low_freq_noise_large/img_29_page_0.jpg,29,0,1,4,3,1,3x4+1R
img_30_page_0.jpg,low_freq_noise_large_LPAE_06938_hr,digital_data_low_freq_noise_large/img_30_page_0.jpg,30,0,1,2,6,1,6x2+1R
img_31_page_0.jpg,low_freq_noise_large_LPAE_20367_hr,digital_data_low_freq_noise_large/img_31_page_0.jpg,31,0,1,4,3,1,3x4+1R
img_32_page_0.jpg,low_freq_noise_large_LPAE_07285_hr,digital_data_low_freq_noise_large/img_32_page_0.jpg,32,0,1,4,3,0,3x4
img_33_page_0.jpg,low_freq_noise_large_LPAE_07299_hr,digital_data_low_freq_noise_large/img_33_page_0.jpg,33,0,1,2,6,0,6x2
img_34_page_0.jpg,low_freq_noise_large_LPAE_21629_hr,digital_data_low_freq_noise_large/img_34_page_0.jpg,34,0,1,2,6,0,6x2
img_35_page_0.jpg,low_freq_noise_large_LPAE_07596_hr,digital_data_low_freq_noise_large/img_35_page_0.jpg,35,0,1,2,6,0,6x2
img_36_page_0.jpg,low_freq_noise_large_LPAE_10555_hr,digital_data_low_freq_noise_large/img_36_page_0.jpg,36,0,1,4,3,0,3x4
img_37_page_0.jpg,low_freq_noise_large_LPAE_21468_hr,digital_data_low_freq_noise_large/img_37_page_0.jpg,37,0,1,4,3,1,3x4+1R
img_38_page_0.jpg,low_freq_noise_large_LPAE_08885_hr,digital_data_low_freq_noise_large/img_38_page_0.jpg,38,0,1,4,3,3,3x4+3R
img_39_page_0.jpg,low_freq_noise_large_LPAE_09331_hr,digital_data_low_freq_noise_large/img_39_page_0.jpg,39,0,1,2,6,0,6x2
img_40_page_0.jpg,low_freq_noise_large_LPAE_09275_hr,digital_data_low_freq_noise_large/img_40_page_0.jpg,40,0,1,4,3,1,3x4+1R
img_41_page_0.jpg,low_freq_noise_large_LPAE_20243_hr,digital_data_low_freq_noise_large/img_41_page_0.jpg,41,0,1,2,6,0,6x2
img_42_page_0.jpg,low_freq_noise_large_LPAE_09545_hr,digital_data_low_freq_noise_large/img_42_page_0.jpg,42,0,1,4,3,1,3x4+1R
img_43_page_0.jpg,low_freq_noise_large_LPAE_09754_hr,digital_data_low_freq_noise_large/img_43_page_0.jpg,43,0,1,4,3,1,3x4+1R
img_44_page_0.jpg,low_freq_noise_large_LPAE_17637_hr,digital_data_low_freq_noise_large/img_44_page_0.jpg,44,0,1,4,3,0,3x4
img_45_page_0.jpg,low_freq_noise_large_LPAE_17118_hr,digital_data_low_freq_noise_large/img_45_page_0.jpg,45,0,1,2,6,0,6x2
img_46_page_0.jpg,low_freq_noise_large_LPAE_10306_hr,digital_data_low_freq_noise_large/img_46_page_0.jpg,46,0,1,4,3,1,3x4+1R
img_47_page_0.jpg,low_freq_noise_large_LPAE_10266_hr,digital_data_low_freq_noise_large/img_47_page_0.jpg,47,0,1,4,3,3,3x4+3R
img_48_page_0.jpg,low_freq_noise_large_LPAE_08007_hr,digital_data_low_freq_noise_large/img_48_page_0.jpg,48,0,1,2,6,0,6x2
img_49_page_0.jpg,low_freq_noise_large_LPAE_08962_hr,digital_data_low_freq_noise_large/img_49_page_0.jpg,49,0,1,2,6,0,6x2
img_50_page_0.jpg,low_freq_noise_large_LPAE_16895_hr,digital_data_low_freq_noise_large/img_50_page_0.jpg,50,0,1,4,3,0,3x4
img_51_page_0.jpg,low_freq_noise_large_LPAE_05359_hr,digital_data_low_freq_noise_large/img_51_page_0.jpg,51,0,1,4,3,0,3x4
img_52_page_0.jpg,low_freq_noise_large_LPAE_10554_hr,digital_data_low_freq_noise_large/img_52_page_0.jpg,52,0,1,2,6,1,6x2+1R
img_53_page_0.jpg,low_freq_noise_large_LPAE_10598_hr,digital_data_low_freq_noise_large/img_53_page_0.jpg,53,0,1,2,6,0,6x2
img_54_page_0.jpg,low_freq_noise_large_LPAE_17269_hr,digital_data_low_freq_noise_large/img_54_page_0.jpg,54,0,2,2,3,0,3x4
img_54_page_1.jpg,low_freq_noise_large_LPAE_17269_hr,digital_data_low_freq_noise_large/img_54_page_1.jpg,54,1,2,2,3,0,3x4
img_55_page_0.jpg,low_freq_noise_large_LPAE_10518_hr,digital_data_low_freq_noise_large/img_55_page_0.jpg,55,0,1,2,6,0,6x2
img_56_page_0.jpg,low_freq_noise_large_LPAE_10564_hr,digital_data_low_freq_noise_large/img_56_page_0.jpg,56,0,1,2,6,0,6x2
img_57_page_0.jpg,low_freq_noise_large_LPAE_06282_hr,digital_data_low_freq_noise_large/img_57_page_0.jpg,57,0,1,1,12,0,12x1
img_58_page_0.jpg,low_freq_noise_large_LPAE_10943_hr,digital_data_low_freq_noise_large/img_58_page_0.jpg,58,0,1,4,3,0,3x4
img_59_page_0.jpg,low_freq_noise_large_LPAE_18073_hr,digital_data_low_freq_noise_large/img_59_page_0.jpg,59,0,1,2,6,0,6x2
img_60_page_0.jpg,low_freq_noise_large_LPAE_11397_hr,digital_data_low_freq_noise_large/img_60_page_0.jpg,60,0,1,2,6,0,6x2
img_61_page_0.jpg,low_freq_noise_large_LPAE_05944_hr,digital_data_low_freq_noise_large/img_61_page_0.jpg,61,0,1,2,6,1,6x2+1R
img_62_page_0.jpg,low_freq_noise_large_LPAE_04733_hr,digital_data_low_freq_noise_large/img_62_page_0.jpg,62,0,1,4,3,1,3x4+1R
img_63_page_0.jpg,low_freq_noise_large_LPAE_10986_hr,digital_data_low_freq_noise_large/img_63_page_0.jpg,63,0,1,4,3,0,3x4
img_64_page_0.jpg,low_freq_noise_large_LPAE_18227_hr,digital_data_low_freq_noise_large/img_64_page_0.jpg,64,0,1,2,6,0,6x2
img_65_page_0.jpg,low_freq_noise_large_LPAE_18552_hr,digital_data_low_freq_noise_large/img_65_page_0.jpg,65,0,1,2,6,0,6x2
img_66_page_0.jpg,low_freq_noise_large_LPAE_11498_hr,digital_data_low_freq_noise_large/img_66_page_0.jpg,66,0,1,4,3,1,3x4+1R
img_67_page_0.jpg,low_freq_noise_large_LPAE_01805_hr,digital_data_low_freq_noise_large/img_67_page_0.jpg,67,0,1,4,3,0,3x4
img_68_page_0.jpg,low_freq_noise_large_LPAE_18945_hr,digital_data_low_freq_noise_large/img_68_page_0.jpg,68,0,1,4,3,1,3x4+1R
img_69_page_0.jpg,low_freq_noise_large_LPAE_12186_hr,digital_data_low_freq_noise_large/img_69_page_0.jpg,69,0,1,4,3,0,3x4
img_70_page_0.jpg,low_freq_noise_large_LPAE_04794_hr,digital_data_low_freq_noise_large/img_70_page_0.jpg,70,0,1,1,12,0,12x1
img_71_page_0.jpg,low_freq_noise_large_LPAE_12190_hr,digital_data_low_freq_noise_large/img_71_page_0.jpg,71,0,1,4,3,1,3x4+1R
img_72_page_0.jpg,low_freq_noise_large_LPAE_12432_hr,digital_data_low_freq_noise_large/img_72_page_0.jpg,72,0,1,4,3,1,3x4+1R
img_73_page_0.jpg,low_freq_noise_large_LPAE_19036_hr,digital_data_low_freq_noise_large/img_73_page_0.jpg,73,0,1,2,6,0,6x2
img_74_page_0.jpg,low_freq_noise_large_LPAE_12629_hr,digital_data_low_freq_noise_large/img_74_page_0.jpg,74,0,1,4,3,1,3x4+1R
img_75_page_0.jpg,low_freq_noise_large_LPAE_02444_hr,digital_data_low_freq_noise_large/img_75_page_0.jpg,75,0,2,1,6,0,6x2
img_75_page_1.jpg,low_freq_noise_large_LPAE_02444_hr,digital_data_low_freq_noise_large/img_75_page_1.jpg,75,1,2,1,6,0,6x2
img_76_page_0.jpg,low_freq_noise_large_LPAE_17345_hr,digital_data_low_freq_noise_large/img_76_page_0.jpg,76,0,1,2,6,0,6x2
img_77_page_0.jpg,low_freq_noise_large_LPAE_06303_hr,digital_data_low_freq_noise_large/img_77_page_0.jpg,77,0,1,4,3,0,3x4
img_78_page_0.jpg,low_freq_noise_large_LPAE_13851_hr,digital_data_low_freq_noise_large/img_78_page_0.jpg,78,0,1,2,6,0,6x2
img_79_page_0.jpg,low_freq_noise_large_LPAE_13962_hr,digital_data_low_freq_noise_large/img_79_page_0.jpg,79,0,1,2,6,0,6x2
img_80_page_0.jpg,low_freq_noise_large_LPAE_19394_hr,digital_data_low_freq_noise_large/img_80_page_0.jpg,80,0,1,4,3,1,3x4+1R
img_81_page_0.jpg,low_freq_noise_large_LPAE_00232_hr,digital_data_low_freq_noise_large/img_81_page_0.jpg,81,0,1,4,3,1,3x4+1R
img_82_page_0.jpg,low_freq_noise_large_LPAE_19269_hr,digital_data_low_freq_noise_large/img_82_page_0.jpg,82,0,1,4,3,1,3x4+1R
img_83_page_0.jpg,low_freq_noise_large_LPAE_20117_hr,digital_data_low_freq_noise_large/img_83_page_0.jpg,83,0,1,4,3,3,3x4+3R
img_84_page_0.jpg,low_freq_noise_large_LPAE_19164_hr,digital_data_low_freq_noise_large/img_84_page_0.jpg,84,0,1,4,3,1,3x4+1R
img_85_page_0.jpg,low_freq_noise_large_LPAE_19686_hr,digital_data_low_freq_noise_large/img_85_page_0.jpg,85,0,1,4,3,1,3x4+1R
img_86_page_0.jpg,low_freq_noise_large_LPAE_19968_hr,digital_data_low_freq_noise_large/img_86_page_0.jpg,86,0,1,2,6,0,6x2
img_87_page_0.jpg,low_freq_noise_large_LPAE_19288_hr,digital_data_low_freq_noise_large/img_87_page_0.jpg,87,0,1,2,6,0,6x2
img_88_page_0.jpg,low_freq_noise_large_LPAE_14304_hr,digital_data_low_freq_noise_large/img_88_page_0.jpg,88,0,4,1,3,0,3x4
img_88_page_1.jpg,low_freq_noise_large_LPAE_14304_hr,digital_data_low_freq_noise_large/img_88_page_1.jpg,88,1,4,1,3,0,3x4
img_88_page_2.jpg,low_freq_noise_large_LPAE_14304_hr,digital_data_low_freq_noise_large/img_88_page_2.jpg,88,2,4,1,3,0,3x4
img_88_page_3.jpg,low_freq_noise_large_LPAE_14304_hr,digital_data_low_freq_noise_large/img_88_page_3.jpg,88,3,4,1,3,0,3x4
img_89_page_0.jpg,low_freq_noise_large_LPAE_19309_hr,digital_data_low_freq_noise_large/img_89_page_0.jpg,89,0,2,2,3,0,3x4
img_89_page_1.jpg,low_freq_noise_large_LPAE_19309_hr,digital_data_low_freq_noise_large/img_89_page_1.jpg,89,1,2,2,3,0,3x4
img_90_page_0.jpg,low_freq_noise_large_LPAE_14641_hr,digital_data_low_freq_noise_large/img_90_page_0.jpg,90,0,1,2,6,0,6x2
img_91_page_0.jpg,low_freq_noise_large_LPAE_15477_hr,digital_data_low_freq_noise_large/img_91_page_0.jpg,91,0,1,4,3,1,3x4+1R
img_92_page_0.jpg,low_freq_noise_large_LPAE_14680_hr,digital_data_low_freq_noise_large/img_92_page_0.jpg,92,0,1,4,3,1,3x4+1R
img_93_page_0.jpg,low_freq_noise_large_LPAE_15368_hr,digital_data_low_freq_noise_large/img_93_page_0.jpg,93,0,1,2,6,1,6x2+1R
img_94_page_0.jpg,low_freq_noise_large_LPAE_19138_hr,digital_data_low_freq_noise_large/img_94_page_0.jpg,94,0,1,1,12,0,12x1
img_95_page_0.jpg,low_freq_noise_large_LPAE_15529_hr,digital_data_low_freq_noise_large/img_95_page_0.jpg,95,0,1,2,6,0,6x2
img_96_page_0.jpg,low_freq_noise_large_LPAE_15607_hr,digital_data_low_freq_noise_large/img_96_page_0.jpg,96,0,4,1,3,0,3x4
img_96_page_1.jpg,low_freq_noise_large_LPAE_15607_hr,digital_data_low_freq_noise_large/img_96_page_1.jpg,96,1,4,1,3,0,3x4
img_96_page_2.jpg,low_freq_noise_large_LPAE_15607_hr,digital_data_low_freq_noise_large/img_96_page_2.jpg,96,2,4,1,3,0,3x4
img_96_page_3.jpg,low_freq_noise_large_LPAE_15607_hr,digital_data_low_freq_noise_large/img_96_page_3.jpg,96,3,4,1,3,0,3x4
img_97_page_0.jpg,low_freq_noise_large_LPAE_19202_hr,digital_data_low_freq_noise_large/img_97_page_0.jpg,97,0,1,1,12,0,12x1
img_98_page_0.jpg,low_freq_noise_large_LPAE_16212_hr,digital_data_low_freq_noise_large/img_98_page_0.jpg,98,0,1,4,3,3,3x4+3R
img_99_page_0.jpg,low_freq_noise_large_LPAE_19326_hr,digital_data_low_freq_noise_large/img_99_page_0.jpg,99,0,1,2,6,0,6x2
img_100_page_0.jpg,low_freq_noise_large_LPAE_20139_hr,digital_data_low_freq_noise_large/img_100_page_0.jpg,100,0,1,4,3,3,3x4+3R
img_1_page_0.jpg,low_freq_noise_low_LPAE_11666_hr,digital_data_low_freq_noise_low/img_1_page_0.jpg,1,0,2,1,6,0,6x2
img_1_page_1.jpg,low_freq_noise_low_LPAE_11666_hr,digital_data_low_freq_noise_low/img_1_page_1.jpg,1,1,2,1,6,0,6x2
img_2_page_0.jpg,low_freq_noise_low_LPAE_11209_hr,digital_data_low_freq_noise_low/img_2_page_0.jpg,2,0,1,1,12,0,12x1
img_3_page_0.jpg,low_freq_noise_low_LPAE_14009_hr,digital_data_low_freq_noise_low/img_3_page_0.jpg,3,0,1,1,12,0,12x1
img_4_page_0.jpg,low_freq_noise_low_LPAE_20999_hr,digital_data_low_freq_noise_low/img_4_page_0.jpg,4,0,1,4,3,1,3x4+1R
img_5_page_0.jpg,low_freq_noise_low_LPAE_21515_hr,digital_data_low_freq_noise_low/img_5_page_0.jpg,5,0,1,2,6,0,6x2
img_6_page_0.jpg,low_freq_noise_low_LPAE_02926_hr,digital_data_low_freq_noise_low/img_6_page_0.jpg,6,0,1,1,12,0,12x1
img_7_page_0.jpg,low_freq_noise_low_LPAE_21541_hr,digital_data_low_freq_noise_low/img_7_page_0.jpg,7,0,1,2,6,0,6x2
img_8_page_0.jpg,low_freq_noise_low_LPAE_05432_hr,digital_data_low_freq_noise_low/img_8_page_0.jpg,8,0,1,4,3,3,3x4+3R
img_9_page_0.jpg,low_freq_noise_low_LPAE_20159_hr,digital_data_low_freq_noise_low/img_9_page_0.jpg,9,0,1,2,6,0,6x2
img_10_page_0.jpg,low_freq_noise_low_LPAE_04827_hr,digital_data_low_freq_noise_low/img_10_page_0.jpg,10,0,1,4,3,1,3x4+1R
img_11_page_0.jpg,low_freq_noise_low_LPAE_06229_hr,digital_data_low_freq_noise_low/img_11_page_0.jpg,11,0,1,2,6,0,6x2
img_12_page_0.jpg,low_freq_noise_low_LPAE_10505_hr,digital_data_low_freq_noise_low/img_12_page_0.jpg,12,0,1,4,3,3,3x4+3R
img_13_page_0.jpg,low_freq_noise_low_LPAE_10300_hr,digital_data_low_freq_noise_low/img_13_page_0.jpg,13,0,1,2,6,0,6x2
img_14_page_0.jpg,low_freq_noise_low_LPAE_17226_hr,digital_data_low_freq_noise_low/img_14_page_0.jpg,14,0,1,4,3,1,3x4+1R
img_15_page_0.jpg,low_freq_noise_low_LPAE_05742_hr,digital_data_low_freq_noise_low/img_15_page_0.jpg,15,0,1,4,3,1,3x4+1R
img_16_page_0.jpg,low_freq_noise_low_LPAE_19550_hr,digital_data_low_freq_noise_low/img_16_page_0.jpg,16,0,1,4,3,1,3x4+1R
img_17_page_0.jpg,low_freq_noise_low_LPAE_06918_hr,digital_data_low_freq_noise_low/img_17_page_0.jpg,17,0,1,4,3,1,3x4+1R
img_18_page_0.jpg,low_freq_noise_low_LPAE_12879_hr,digital_data_low_freq_noise_low/img_18_page_0.jpg,18,0,1,1,12,0,12x1
img_19_page_0.jpg,low_freq_noise_low_LPAE_20790_hr,digital_data_low_freq_noise_low/img_19_page_0.jpg,19,0,1,2,6,1,6x2+1R
img_20_page_0.jpg,low_freq_noise_low_LPAE_20947_hr,digital_data_low_freq_noise_low/img_20_page_0.jpg,20,0,1,4,3,0,3x4
img_21_page_0.jpg,low_freq_noise_low_LPAE_20515_hr,digital_data_low_freq_noise_low/img_21_page_0.jpg,21,0,1,2,6,0,6x2
img_22_page_0.jpg,low_freq_noise_low_LPAE_06846_hr,digital_data_low_freq_noise_low/img_22_page_0.jpg,22,0,1,4,3,1,3x4+1R
img_23_page_0.jpg,low_freq_noise_low_LPAE_04957_hr,digital_data_low_freq_noise_low/img_23_page_0.jpg,23,0,1,2,6,0,6x2
img_24_page_0.jpg,low_freq_noise_low_LPAE_14819_hr,digital_data_low_freq_noise_low/img_24_page_0.jpg,24,0,1,4,3,0,3x4
img_25_page_0.jpg,low_freq_noise_low_LPAE_05441_hr,digital_data_low_freq_noise_low/img_25_page_0.jpg,25,0,1,1,12,0,12x1
img_26_page_0.jpg,low_freq_noise_low_LPAE_20971_hr,digital_data_low_freq_noise_low/img_26_page_0.jpg,26,0,1,4,3,1,3x4+1R
img_27_page_0.jpg,low_freq_noise_low_LPAE_20680_hr,digital_data_low_freq_noise_low/img_27_page_0.jpg,27,0,1,4,3,0,3x4
img_28_page_0.jpg,low_freq_noise_low_LPAE_07250_hr,digital_data_low_freq_noise_low/img_28_page_0.jpg,28,0,1,4,3,1,3x4+1R
img_29_page_0.jpg,low_freq_noise_low_LPAE_20748_hr,digital_data_low_freq_noise_low/img_29_page_0.jpg,29,0,1,4,3,1,3x4+1R
img_30_page_0.jpg,low_freq_noise_low_LPAE_06938_hr,digital_data_low_freq_noise_low/img_30_page_0.jpg,30,0,1,2,6,1,6x2+1R
img_31_page_0.jpg,low_freq_noise_low_LPAE_20367_hr,digital_data_low_freq_noise_low/img_31_page_0.jpg,31,0,1,4,3,1,3x4+1R
img_32_page_0.jpg,low_freq_noise_low_LPAE_07285_hr,digital_data_low_freq_noise_low/img_32_page_0.jpg,32,0,1,4,3,0,3x4
img_33_page_0.jpg,low_freq_noise_low_LPAE_07299_hr,digital_data_low_freq_noise_low/img_33_page_0.jpg,33,0,1,2,6,0,6x2
img_34_page_0.jpg,low_freq_noise_low_LPAE_21629_hr,digital_data_low_freq_noise_low/img_34_page_0.jpg,34,0,1,2,6,0,6x2
img_35_page_0.jpg,low_freq_noise_low_LPAE_07596_hr,digital_data_low_freq_noise_low/img_35_page_0.jpg,35,0,1,2,6,0,6x2
img_36_page_0.jpg,low_freq_noise_low_LPAE_10555_hr,digital_data_low_freq_noise_low/img_36_page_0.jpg,36,0,1,4,3,0,3x4
img_37_page_0.jpg,low_freq_noise_low_LPAE_21468_hr,digital_data_low_freq_noise_low/img_37_page_0.jpg,37,0,1,4,3,1,3x4+1R
img_38_page_0.jpg,low_freq_noise_low_LPAE_08885_hr,digital_data_low_freq_noise_low/img_38_page_0.jpg,38,0,1,4,3,3,3x4+3R
img_39_page_0.jpg,low_freq_noise_low_LPAE_09331_hr,digital_data_low_freq_noise_low/img_39_page_0.jpg,39,0,1,2,6,0,6x2
img_40_page_0.jpg,low_freq_noise_low_LPAE_09275_hr,digital_data_low_freq_noise_low/img_40_page_0.jpg,40,0,1,4,3,1,3x4+1R
img_41_page_0.jpg,low_freq_noise_low_LPAE_20243_hr,digital_data_low_freq_noise_low/img_41_page_0.jpg,41,0,1,2,6,0,6x2
img_42_page_0.jpg,low_freq_noise_low_LPAE_09545_hr,digital_data_low_freq_noise_low/img_42_page_0.jpg,42,0,1,4,3,1,3x4+1R
img_43_page_0.jpg,low_freq_noise_low_LPAE_09754_hr,digital_data_low_freq_noise_low/img_43_page_0.jpg,43,0,1,4,3,1,3x4+1R
img_44_page_0.jpg,low_freq_noise_low_LPAE_17637_hr,digital_data_low_freq_noise_low/img_44_page_0.jpg,44,0,1,4,3,0,3x4
img_45_page_0.jpg,low_freq_noise_low_LPAE_17118_hr,digital_data_low_freq_noise_low/img_45_page_0.jpg,45,0,1,2,6,0,6x2
img_46_page_0.jpg,low_freq_noise_low_LPAE_10306_hr,digital_data_low_freq_noise_low/img_46_page_0.jpg,46,0,1,4,3,1,3x4+1R
img_47_page_0.jpg,low_freq_noise_low_LPAE_10266_hr,digital_data_low_freq_noise_low/img_47_page_0.jpg,47,0,1,4,3,3,3x4+3R
img_48_page_0.jpg,low_freq_noise_low_LPAE_08007_hr,digital_data_low_freq_noise_low/img_48_page_0.jpg,48,0,1,2,6,0,6x2
img_49_page_0.jpg,low_freq_noise_low_LPAE_08962_hr,digital_data_low_freq_noise_low/img_49_page_0.jpg,49,0,1,2,6,0,6x2
img_50_page_0.jpg,low_freq_noise_low_LPAE_16895_hr,digital_data_low_freq_noise_low/img_50_page_0.jpg,50,0,1,4,3,0,3x4
img_51_page_0.jpg,low_freq_noise_low_LPAE_05359_hr,digital_data_low_freq_noise_low/img_51_page_0.jpg,51,0,1,4,3,0,3x4
img_52_page_0.jpg,low_freq_noise_low_LPAE_10554_hr,digital_data_low_freq_noise_low/img_52_page_0.jpg,52,0,1,2,6,1,6x2+1R
img_53_page_0.jpg,low_freq_noise_low_LPAE_10598_hr,digital_data_low_freq_noise_low/img_53_page_0.jpg,53,0,1,2,6,0,6x2
img_54_page_0.jpg,low_freq_noise_low_LPAE_17269_hr,digital_data_low_freq_noise_low/img_54_page_0.jpg,54,0,2,2,3,0,3x4
img_54_page_1.jpg,low_freq_noise_low_LPAE_17269_hr,digital_data_low_freq_noise_low/img_54_page_1.jpg,54,1,2,2,3,0,3x4
img_55_page_0.jpg,low_freq_noise_low_LPAE_10518_hr,digital_data_low_freq_noise_low/img_55_page_0.jpg,55,0,1,2,6,0,6x2
img_56_page_0.jpg,low_freq_noise_low_LPAE_10564_hr,digital_data_low_freq_noise_low/img_56_page_0.jpg,56,0,1,2,6,0,6x2
img_57_page_0.jpg,low_freq_noise_low_LPAE_06282_hr,digital_data_low_freq_noise_low/img_57_page_0.jpg,57,0,1,1,12,0,12x1
img_58_page_0.jpg,low_freq_noise_low_LPAE_10943_hr,digital_data_low_freq_noise_low/img_58_page_0.jpg,58,0,1,4,3,0,3x4
img_59_page_0.jpg,low_freq_noise_low_LPAE_18073_hr,digital_data_low_freq_noise_low/img_59_page_0.jpg,59,0,1,2,6,0,6x2
img_60_page_0.jpg,low_freq_noise_low_LPAE_11397_hr,digital_data_low_freq_noise_low/img_60_page_0.jpg,60,0,1,2,6,0,6x2
img_61_page_0.jpg,low_freq_noise_low_LPAE_05944_hr,digital_data_low_freq_noise_low/img_61_page_0.jpg,61,0,1,2,6,1,6x2+1R
img_62_page_0.jpg,low_freq_noise_low_LPAE_04733_hr,digital_data_low_freq_noise_low/img_62_page_0.jpg,62,0,1,4,3,1,3x4+1R
img_63_page_0.jpg,low_freq_noise_low_LPAE_10986_hr,digital_data_low_freq_noise_low/img_63_page_0.jpg,63,0,1,4,3,0,3x4
img_64_page_0.jpg,low_freq_noise_low_LPAE_18227_hr,digital_data_low_freq_noise_low/img_64_page_0.jpg,64,0,1,2,6,0,6x2
img_65_page_0.jpg,low_freq_noise_low_LPAE_18552_hr,digital_data_low_freq_noise_low/img_65_page_0.jpg,65,0,1,2,6,0,6x2
img_66_page_0.jpg,low_freq_noise_low_LPAE_11498_hr,digital_data_low_freq_noise_low/img_66_page_0.jpg,66,0,1,4,3,1,3x4+1R
img_67_page_0.jpg,low_freq_noise_low_LPAE_01805_hr,digital_data_low_freq_noise_low/img_67_page_0.jpg,67,0,1,4,3,0,3x4
img_68_page_0.jpg,low_freq_noise_low_LPAE_18945_hr,digital_data_low_freq_noise_low/img_68_page_0.jpg,68,0,1,4,3,1,3x4+1R
img_69_page_0.jpg,low_freq_noise_low_LPAE_12186_hr,digital_data_low_freq_noise_low/img_69_page_0.jpg,69,0,1,4,3,0,3x4
img_70_page_0.jpg,low_freq_noise_low_LPAE_04794_hr,digital_data_low_freq_noise_low/img_70_page_0.jpg,70,0,1,1,12,0,12x1
img_71_page_0.jpg,low_freq_noise_low_LPAE_12190_hr,digital_data_low_freq_noise_low/img_71_page_0.jpg,71,0,1,4,3,1,3x4+1R
img_72_page_0.jpg,low_freq_noise_low_LPAE_12432_hr,digital_data_low_freq_noise_low/img_72_page_0.jpg,72,0,1,4,3,1,3x4+1R
img_73_page_0.jpg,low_freq_noise_low_LPAE_19036_hr,digital_data_low_freq_noise_low/img_73_page_0.jpg,73,0,1,2,6,0,6x2
img_74_page_0.jpg,low_freq_noise_low_LPAE_12629_hr,digital_data_low_freq_noise_low/img_74_page_0.jpg,74,0,1,4,3,1,3x4+1R
img_75_page_0.jpg,low_freq_noise_low_LPAE_02444_hr,digital_data_low_freq_noise_low/img_75_page_0.jpg,75,0,2,1,6,0,6x2
img_75_page_1.jpg,low_freq_noise_low_LPAE_02444_hr,digital_data_low_freq_noise_low/img_75_page_1.jpg,75,1,2,1,6,0,6x2
img_76_page_0.jpg,low_freq_noise_low_LPAE_17345_hr,digital_data_low_freq_noise_low/img_76_page_0.jpg,76,0,1,2,6,0,6x2
img_77_page_0.jpg,low_freq_noise_low_LPAE_06303_hr,digital_data_low_freq_noise_low/img_77_page_0.jpg,77,0,1,4,3,0,3x4
img_78_page_0.jpg,low_freq_noise_low_LPAE_13851_hr,digital_data_low_freq_noise_low/img_78_page_0.jpg,78,0,1,2,6,0,6x2
img_79_page_0.jpg,low_freq_noise_low_LPAE_13962_hr,digital_data_low_freq_noise_low/img_79_page_0.jpg,79,0,1,2,6,0,6x2
img_80_page_0.jpg,low_freq_noise_low_LPAE_19394_hr,digital_data_low_freq_noise_low/img_80_page_0.jpg,80,0,1,4,3,1,3x4+1R
img_81_page_0.jpg,low_freq_noise_low_LPAE_00232_hr,digital_data_low_freq_noise_low/img_81_page_0.jpg,81,0,1,4,3,1,3x4+1R
img_82_page_0.jpg,low_freq_noise_low_LPAE_19269_hr,digital_data_low_freq_noise_low/img_82_page_0.jpg,82,0,1,4,3,1,3x4+1R
img_83_page_0.jpg,low_freq_noise_low_LPAE_20117_hr,digital_data_low_freq_noise_low/img_83_page_0.jpg,83,0,1,4,3,3,3x4+3R
img_84_page_0.jpg,low_freq_noise_low_LPAE_19164_hr,digital_data_low_freq_noise_low/img_84_page_0.jpg,84,0,1,4,3,1,3x4+1R
img_85_page_0.jpg,low_freq_noise_low_LPAE_19686_hr,digital_data_low_freq_noise_low/img_85_page_0.jpg,85,0,1,4,3,1,3x4+1R
img_86_page_0.jpg,low_freq_noise_low_LPAE_19968_hr,digital_data_low_freq_noise_low/img_86_page_0.jpg,86,0,1,2,6,0,6x2
img_87_page_0.jpg,low_freq_noise_low_LPAE_19288_hr,digital_data_low_freq_noise_low/img_87_page_0.jpg,87,0,1,2,6,0,6x2
img_88_page_0.jpg,low_freq_noise_low_LPAE_14304_hr,digital_data_low_freq_noise_low/img_88_page_0.jpg,88,0,4,1,3,0,3x4
img_88_page_1.jpg,low_freq_noise_low_LPAE_14304_hr,digital_data_low_freq_noise_low/img_88_page_1.jpg,88,1,4,1,3,0,3x4
img_88_page_2.jpg,low_freq_noise_low_LPAE_14304_hr,digital_data_low_freq_noise_low/img_88_page_2.jpg,88,2,4,1,3,0,3x4
img_88_page_3.jpg,low_freq_noise_low_LPAE_14304_hr,digital_data_low_freq_noise_low/img_88_page_3.jpg,88,3,4,1,3,0,3x4
img_89_page_0.jpg,low_freq_noise_low_LPAE_19309_hr,digital_data_low_freq_noise_low/img_89_page_0.jpg,89,0,2,2,3,0,3x4
img_89_page_1.jpg,low_freq_noise_low_LPAE_19309_hr,digital_data_low_freq_noise_low/img_89_page_1.jpg,89,1,2,2,3,0,3x4
img_90_page_0.jpg,low_freq_noise_low_LPAE_14641_hr,digital_data_low_freq_noise_low/img_90_page_0.jpg,90,0,1,2,6,0,6x2
img_91_page_0.jpg,low_freq_noise_low_LPAE_15477_hr,digital_data_low_freq_noise_low/img_91_page_0.jpg,91,0,1,4,3,1,3x4+1R
img_92_page_0.jpg,low_freq_noise_low_LPAE_14680_hr,digital_data_low_freq_noise_low/img_92_page_0.jpg,92,0,1,4,3,1,3x4+1R
img_93_page_0.jpg,low_freq_noise_low_LPAE_15368_hr,digital_data_low_freq_noise_low/img_93_page_0.jpg,93,0,1,2,6,1,6x2+1R
img_94_page_0.jpg,low_freq_noise_low_LPAE_19138_hr,digital_data_low_freq_noise_low/img_94_page_0.jpg,94,0,1,1,12,0,12x1
img_95_page_0.jpg,low_freq_noise_low_LPAE_15529_hr,digital_data_low_freq_noise_low/img_95_page_0.jpg,95,0,1,2,6,0,6x2
img_96_page_0.jpg,low_freq_noise_low_LPAE_15607_hr,digital_data_low_freq_noise_low/img_96_page_0.jpg,96,0,4,1,3,0,3x4
img_96_page_1.jpg,low_freq_noise_low_LPAE_15607_hr,digital_data_low_freq_noise_low/img_96_page_1.jpg,96,1,4,1,3,0,3x4
img_96_page_2.jpg,low_freq_noise_low_LPAE_15607_hr,digital_data_low_freq_noise_low/img_96_page_2.jpg,96,2,4,1,3,0,3x4
img_96_page_3.jpg,low_freq_noise_low_LPAE_15607_hr,digital_data_low_freq_noise_low/img_96_page_3.jpg,96,3,4,1,3,0,3x4
img_97_page_0.jpg,low_freq_noise_low_LPAE_19202_hr,digital_data_low_freq_noise_low/img_97_page_0.jpg,97,0,1,1,12,0,12x1
img_98_page_0.jpg,low_freq_noise_low_LPAE_16212_hr,digital_data_low_freq_noise_low/img_98_page_0.jpg,98,0,1,4,3,3,3x4+3R
img_99_page_0.jpg,low_freq_noise_low_LPAE_19326_hr,digital_data_low_freq_noise_low/img_99_page_0.jpg,99,0,1,2,6,0,6x2
img_100_page_0.jpg,low_freq_noise_low_LPAE_20139_hr,digital_data_low_freq_noise_low/img_100_page_0.jpg,100,0,1,4,3,3,3x4+3R
img_1_page_0.jpg,low_freq_noise_middle_LPAE_11666_hr,digital_data_low_freq_noise_middle/img_1_page_0.jpg,1,0,2,1,6,0,6x2
img_1_page_1.jpg,low_freq_noise_middle_LPAE_11666_hr,digital_data_low_freq_noise_middle/img_1_page_1.jpg,1,1,2,1,6,0,6x2
img_2_page_0.jpg,low_freq_noise_middle_LPAE_11209_hr,digital_data_low_freq_noise_middle/img_2_page_0.jpg,2,0,1,1,12,0,12x1
img_3_page_0.jpg,low_freq_noise_middle_LPAE_14009_hr,digital_data_low_freq_noise_middle/img_3_page_0.jpg,3,0,1,1,12,0,12x1
img_4_page_0.jpg,low_freq_noise_middle_LPAE_20999_hr,digital_data_low_freq_noise_middle/img_4_page_0.jpg,4,0,1,4,3,1,3x4+1R
img_5_page_0.jpg,low_freq_noise_middle_LPAE_21515_hr,digital_data_low_freq_noise_middle/img_5_page_0.jpg,5,0,1,2,6,0,6x2
img_6_page_0.jpg,low_freq_noise_middle_LPAE_02926_hr,digital_data_low_freq_noise_middle/img_6_page_0.jpg,6,0,1,1,12,0,12x1
img_7_page_0.jpg,low_freq_noise_middle_LPAE_21541_hr,digital_data_low_freq_noise_middle/img_7_page_0.jpg,7,0,1,2,6,0,6x2
img_8_page_0.jpg,low_freq_noise_middle_LPAE_05432_hr,digital_data_low_freq_noise_middle/img_8_page_0.jpg,8,0,1,4,3,3,3x4+3R
img_9_page_0.jpg,low_freq_noise_middle_LPAE_20159_hr,digital_data_low_freq_noise_middle/img_9_page_0.jpg,9,0,1,2,6,0,6x2
img_10_page_0.jpg,low_freq_noise_middle_LPAE_04827_hr,digital_data_low_freq_noise_middle/img_10_page_0.jpg,10,0,1,4,3,1,3x4+1R
img_11_page_0.jpg,low_freq_noise_middle_LPAE_06229_hr,digital_data_low_freq_noise_middle/img_11_page_0.jpg,11,0,1,2,6,0,6x2
img_12_page_0.jpg,low_freq_noise_middle_LPAE_10505_hr,digital_data_low_freq_noise_middle/img_12_page_0.jpg,12,0,1,4,3,3,3x4+3R
img_13_page_0.jpg,low_freq_noise_middle_LPAE_10300_hr,digital_data_low_freq_noise_middle/img_13_page_0.jpg,13,0,1,2,6,0,6x2
img_14_page_0.jpg,low_freq_noise_middle_LPAE_17226_hr,digital_data_low_freq_noise_middle/img_14_page_0.jpg,14,0,1,4,3,1,3x4+1R
img_15_page_0.jpg,low_freq_noise_middle_LPAE_05742_hr,digital_data_low_freq_noise_middle/img_15_page_0.jpg,15,0,1,4,3,1,3x4+1R
img_16_page_0.jpg,low_freq_noise_middle_LPAE_19550_hr,digital_data_low_freq_noise_middle/img_16_page_0.jpg,16,0,1,4,3,1,3x4+1R
img_17_page_0.jpg,low_freq_noise_middle_LPAE_06918_hr,digital_data_low_freq_noise_middle/img_17_page_0.jpg,17,0,1,4,3,1,3x4+1R
img_18_page_0.jpg,low_freq_noise_middle_LPAE_12879_hr,digital_data_low_freq_noise_middle/img_18_page_0.jpg,18,0,1,1,12,0,12x1
img_19_page_0.jpg,low_freq_noise_middle_LPAE_20790_hr,digital_data_low_freq_noise_middle/img_19_page_0.jpg,19,0,1,2,6,1,6x2+1R
img_20_page_0.jpg,low_freq_noise_middle_LPAE_20947_hr,digital_data_low_freq_noise_middle/img_20_page_0.jpg,20,0,1,4,3,0,3x4
img_21_page_0.jpg,low_freq_noise_middle_LPAE_20515_hr,digital_data_low_freq_noise_middle/img_21_page_0.jpg,21,0,1,2,6,0,6x2
img_22_page_0.jpg,low_freq_noise_middle_LPAE_06846_hr,digital_data_low_freq_noise_middle/img_22_page_0.jpg,22,0,1,4,3,1,3x4+1R
img_23_page_0.jpg,low_freq_noise_middle_LPAE_04957_hr,digital_data_low_freq_noise_middle/img_23_page_0.jpg,23,0,1,2,6,0,6x2
img_24_page_0.jpg,low_freq_noise_middle_LPAE_14819_hr,digital_data_low_freq_noise_middle/img_24_page_0.jpg,24,0,1,4,3,0,3x4
img_25_page_0.jpg,low_freq_noise_middle_LPAE_05441_hr,digital_data_low_freq_noise_middle/img_25_page_0.jpg,25,0,1,1,12,0,12x1
img_26_page_0.jpg,low_freq_noise_middle_LPAE_20971_hr,digital_data_low_freq_noise_middle/img_26_page_0.jpg,26,0,1,4,3,1,3x4+1R
img_27_page_0.jpg,low_freq_noise_middle_LPAE_20680_hr,digital_data_low_freq_noise_middle/img_27_page_0.jpg,27,0,1,4,3,0,3x4
img_28_page_0.jpg,low_freq_noise_middle_LPAE_07250_hr,digital_data_low_freq_noise_middle/img_28_page_0.jpg,28,0,1,4,3,1,3x4+1R
img_29_page_0.jpg,low_freq_noise_middle_LPAE_20748_hr,digital_data_low_freq_noise_middle/img_29_page_0.jpg,29,0,1,4,3,1,3x4+1R
img_30_page_0.jpg,low_freq_noise_middle_LPAE_06938_hr,digital_data_low_freq_noise_middle/img_30_page_0.jpg,30,0,1,2,6,1,6x2+1R
img_31_page_0.jpg,low_freq_noise_middle_LPAE_20367_hr,digital_data_low_freq_noise_middle/img_31_page_0.jpg,31,0,1,4,3,1,3x4+1R
img_32_page_0.jpg,low_freq_noise_middle_LPAE_07285_hr,digital_data_low_freq_noise_middle/img_32_page_0.jpg,32,0,1,4,3,0,3x4
img_33_page_0.jpg,low_freq_noise_middle_LPAE_07299_hr,digital_data_low_freq_noise_middle/img_33_page_0.jpg,33,0,1,2,6,0,6x2
img_34_page_0.jpg,low_freq_noise_middle_LPAE_21629_hr,digital_data_low_freq_noise_middle/img_34_page_0.jpg,34,0,1,2,6,0,6x2
img_35_page_0.jpg,low_freq_noise_middle_LPAE_07596_hr,digital_data_low_freq_noise_middle/img_35_page_0.jpg,35,0,1,2,6,0,6x2
img_36_page_0.jpg,low_freq_noise_middle_LPAE_10555_hr,digital_data_low_freq_noise_middle/img_36_page_0.jpg,36,0,1,4,3,0,3x4
img_37_page_0.jpg,low_freq_noise_middle_LPAE_21468_hr,digital_data_low_freq_noise_middle/img_37_page_0.jpg,37,0,1,4,3,1,3x4+1R
img_38_page_0.jpg,low_freq_noise_middle_LPAE_08885_hr,digital_data_low_freq_noise_middle/img_38_page_0.jpg,38,0,1,4,3,3,3x4+3R
img_39_page_0.jpg,low_freq_noise_middle_LPAE_09331_hr,digital_data_low_freq_noise_middle/img_39_page_0.jpg,39,0,1,2,6,0,6x2
img_40_page_0.jpg,low_freq_noise_middle_LPAE_09275_hr,digital_data_low_freq_noise_middle/img_40_page_0.jpg,40,0,1,4,3,1,3x4+1R
img_41_page_0.jpg,low_freq_noise_middle_LPAE_20243_hr,digital_data_low_freq_noise_middle/img_41_page_0.jpg,41,0,1,2,6,0,6x2
img_42_page_0.jpg,low_freq_noise_middle_LPAE_09545_hr,digital_data_low_freq_noise_middle/img_42_page_0.jpg,42,0,1,4,3,1,3x4+1R
img_43_page_0.jpg,low_freq_noise_middle_LPAE_09754_hr,digital_data_low_freq_noise_middle/img_43_page_0.jpg,43,0,1,4,3,1,3x4+1R
img_44_page_0.jpg,low_freq_noise_middle_LPAE_17637_hr,digital_data_low_freq_noise_middle/img_44_page_0.jpg,44,0,1,4,3,0,3x4
img_45_page_0.jpg,low_freq_noise_middle_LPAE_17118_hr,digital_data_low_freq_noise_middle/img_45_page_0.jpg,45,0,1,2,6,0,6x2
img_46_page_0.jpg,low_freq_noise_middle_LPAE_10306_hr,digital_data_low_freq_noise_middle/img_46_page_0.jpg,46,0,1,4,3,1,3x4+1R
img_47_page_0.jpg,low_freq_noise_middle_LPAE_10266_hr,digital_data_low_freq_noise_middle/img_47_page_0.jpg,47,0,1,4,3,3,3x4+3R
img_48_page_0.jpg,low_freq_noise_middle_LPAE_08007_hr,digital_data_low_freq_noise_middle/img_48_page_0.jpg,48,0,1,2,6,0,6x2
img_49_page_0.jpg,low_freq_noise_middle_LPAE_08962_hr,digital_data_low_freq_noise_middle/img_49_page_0.jpg,49,0,1,2,6,0,6x2
img_50_page_0.jpg,low_freq_noise_middle_LPAE_16895_hr,digital_data_low_freq_noise_middle/img_50_page_0.jpg,50,0,1,4,3,0,3x4
img_51_page_0.jpg,low_freq_noise_middle_LPAE_05359_hr,digital_data_low_freq_noise_middle/img_51_page_0.jpg,51,0,1,4,3,0,3x4
img_52_page_0.jpg,low_freq_noise_middle_LPAE_10554_hr,digital_data_low_freq_noise_middle/img_52_page_0.jpg,52,0,1,2,6,1,6x2+1R
img_53_page_0.jpg,low_freq_noise_middle_LPAE_10598_hr,digital_data_low_freq_noise_middle/img_53_page_0.jpg,53,0,1,2,6,0,6x2
img_54_page_0.jpg,low_freq_noise_middle_LPAE_17269_hr,digital_data_low_freq_noise_middle/img_54_page_0.jpg,54,0,2,2,3,0,3x4
img_54_page_1.jpg,low_freq_noise_middle_LPAE_17269_hr,digital_data_low_freq_noise_middle/img_54_page_1.jpg,54,1,2,2,3,0,3x4
img_55_page_0.jpg,low_freq_noise_middle_LPAE_10518_hr,digital_data_low_freq_noise_middle/img_55_page_0.jpg,55,0,1,2,6,0,6x2
img_56_page_0.jpg,low_freq_noise_middle_LPAE_10564_hr,digital_data_low_freq_noise_middle/img_56_page_0.jpg,56,0,1,2,6,0,6x2
img_57_page_0.jpg,low_freq_noise_middle_LPAE_06282_hr,digital_data_low_freq_noise_middle/img_57_page_0.jpg,57,0,1,1,12,0,12x1
img_58_page_0.jpg,low_freq_noise_middle_LPAE_10943_hr,digital_data_low_freq_noise_middle/img_58_page_0.jpg,58,0,1,4,3,0,3x4
img_59_page_0.jpg,low_freq_noise_middle_LPAE_18073_hr,digital_data_low_freq_noise_middle/img_59_page_0.jpg,59,0,1,2,6,0,6x2
img_60_page_0.jpg,low_freq_noise_middle_LPAE_11397_hr,digital_data_low_freq_noise_middle/img_60_page_0.jpg,60,0,1,2,6,0,6x2
img_61_page_0.jpg,low_freq_noise_middle_LPAE_05944_hr,digital_data_low_freq_noise_middle/img_61_page_0.jpg,61,0,1,2,6,1,6x2+1R
img_62_page_0.jpg,low_freq_noise_middle_LPAE_04733_hr,digital_data_low_freq_noise_middle/img_62_page_0.jpg,62,0,1,4,3,1,3x4+1R
img_63_page_0.jpg,low_freq_noise_middle_LPAE_10986_hr,digital_data_low_freq_noise_middle/img_63_page_0.jpg,63,0,1,4,3,0,3x4
img_64_page_0.jpg,low_freq_noise_middle_LPAE_18227_hr,digital_data_low_freq_noise_middle/img_64_page_0.jpg,64,0,1,2,6,0,6x2
img_65_page_0.jpg,low_freq_noise_middle_LPAE_18552_hr,digital_data_low_freq_noise_middle/img_65_page_0.jpg,65,0,1,2,6,0,6x2
img_66_page_0.jpg,low_freq_noise_middle_LPAE_11498_hr,digital_data_low_freq_noise_middle/img_66_page_0.jpg,66,0,1,4,3,1,3x4+1R
img_67_page_0.jpg,low_freq_noise_middle_LPAE_01805_hr,digital_data_low_freq_noise_middle/img_67_page_0.jpg,67,0,1,4,3,0,3x4
img_68_page_0.jpg,low_freq_noise_middle_LPAE_18945_hr,digital_data_low_freq_noise_middle/img_68_page_0.jpg,68,0,1,4,3,1,3x4+1R
img_69_page_0.jpg,low_freq_noise_middle_LPAE_12186_hr,digital_data_low_freq_noise_middle/img_69_page_0.jpg,69,0,1,4,3,0,3x4
img_70_page_0.jpg,low_freq_noise_middle_LPAE_04794_hr,digital_data_low_freq_noise_middle/img_70_page_0.jpg,70,0,1,1,12,0,12x1
img_71_page_0.jpg,low_freq_noise_middle_LPAE_12190_hr,digital_data_low_freq_noise_middle/img_71_page_0.jpg,71,0,1,4,3,1,3x4+1R
img_72_page_0.jpg,low_freq_noise_middle_LPAE_12432_hr,digital_data_low_freq_noise_middle/img_72_page_0.jpg,72,0,1,4,3,1,3x4+1R
img_73_page_0.jpg,low_freq_noise_middle_LPAE_19036_hr,digital_data_low_freq_noise_middle/img_73_page_0.jpg,73,0,1,2,6,0,6x2
img_74_page_0.jpg,low_freq_noise_middle_LPAE_12629_hr,digital_data_low_freq_noise_middle/img_74_page_0.jpg,74,0,1,4,3,1,3x4+1R
img_75_page_0.jpg,low_freq_noise_middle_LPAE_02444_hr,digital_data_low_freq_noise_middle/img_75_page_0.jpg,75,0,2,1,6,0,6x2
img_75_page_1.jpg,low_freq_noise_middle_LPAE_02444_hr,digital_data_low_freq_noise_middle/img_75_page_1.jpg,75,1,2,1,6,0,6x2
img_76_page_0.jpg,low_freq_noise_middle_LPAE_17345_hr,digital_data_low_freq_noise_middle/img_76_page_0.jpg,76,0,1,2,6,0,6x2
img_77_page_0.jpg,low_freq_noise_middle_LPAE_06303_hr,digital_data_low_freq_noise_middle/img_77_page_0.jpg,77,0,1,4,3,0,3x4
img_78_page_0.jpg,low_freq_noise_middle_LPAE_13851_hr,digital_data_low_freq_noise_middle/img_78_page_0.jpg,78,0,1,2,6,0,6x2
img_79_page_0.jpg,low_freq_noise_middle_LPAE_13962_hr,digital_data_low_freq_noise_middle/img_79_page_0.jpg,79,0,1,2,6,0,6x2
img_80_page_0.jpg,low_freq_noise_middle_LPAE_19394_hr,digital_data_low_freq_noise_middle/img_80_page_0.jpg,80,0,1,4,3,1,3x4+1R
img_81_page_0.jpg,low_freq_noise_middle_LPAE_00232_hr,digital_data_low_freq_noise_middle/img_81_page_0.jpg,81,0,1,4,3,1,3x4+1R
img_82_page_0.jpg,low_freq_noise_middle_LPAE_19269_hr,digital_data_low_freq_noise_middle/img_82_page_0.jpg,82,0,1,4,3,1,3x4+1R
img_83_page_0.jpg,low_freq_noise_middle_LPAE_20117_hr,digital_data_low_freq_noise_middle/img_83_page_0.jpg,83,0,1,4,3,3,3x4+3R
img_84_page_0.jpg,low_freq_noise_middle_LPAE_19164_hr,digital_data_low_freq_noise_middle/img_84_page_0.jpg,84,0,1,4,3,1,3x4+1R
img_85_page_0.jpg,low_freq_noise_middle_LPAE_19686_hr,digital_data_low_freq_noise_middle/img_85_page_0.jpg,85,0,1,4,3,1,3x4+1R
img_86_page_0.jpg,low_freq_noise_middle_LPAE_19968_hr,digital_data_low_freq_noise_middle/img_86_page_0.jpg,86,0,1,2,6,0,6x2
img_87_page_0.jpg,low_freq_noise_middle_LPAE_19288_hr,digital_data_low_freq_noise_middle/img_87_page_0.jpg,87,0,1,2,6,0,6x2
img_88_page_0.jpg,low_freq_noise_middle_LPAE_14304_hr,digital_data_low_freq_noise_middle/img_88_page_0.jpg,88,0,4,1,3,0,3x4
img_88_page_1.jpg,low_freq_noise_middle_LPAE_14304_hr,digital_data_low_freq_noise_middle/img_88_page_1.jpg,88,1,4,1,3,0,3x4
img_88_page_2.jpg,low_freq_noise_middle_LPAE_14304_hr,digital_data_low_freq_noise_middle/img_88_page_2.jpg,88,2,4,1,3,0,3x4
img_88_page_3.jpg,low_freq_noise_middle_LPAE_14304_hr,digital_data_low_freq_noise_middle/img_88_page_3.jpg,88,3,4,1,3,0,3x4
img_89_page_0.jpg,low_freq_noise_middle_LPAE_19309_hr,digital_data_low_freq_noise_middle/img_89_page_0.jpg,89,0,2,2,3,0,3x4
img_89_page_1.jpg,low_freq_noise_middle_LPAE_19309_hr,digital_data_low_freq_noise_middle/img_89_page_1.jpg,89,1,2,2,3,0,3x4
img_90_page_0.jpg,low_freq_noise_middle_LPAE_14641_hr,digital_data_low_freq_noise_middle/img_90_page_0.jpg,90,0,1,2,6,0,6x2
img_91_page_0.jpg,low_freq_noise_middle_LPAE_15477_hr,digital_data_low_freq_noise_middle/img_91_page_0.jpg,91,0,1,4,3,1,3x4+1R
img_92_page_0.jpg,low_freq_noise_middle_LPAE_14680_hr,digital_data_low_freq_noise_middle/img_92_page_0.jpg,92,0,1,4,3,1,3x4+1R
img_93_page_0.jpg,low_freq_noise_middle_LPAE_15368_hr,digital_data_low_freq_noise_middle/img_93_page_0.jpg,93,0,1,2,6,1,6x2+1R
img_94_page_0.jpg,low_freq_noise_middle_LPAE_19138_hr,digital_data_low_freq_noise_middle/img_94_page_0.jpg,94,0,1,1,12,0,12x1
img_95_page_0.jpg,low_freq_noise_middle_LPAE_15529_hr,digital_data_low_freq_noise_middle/img_95_page_0.jpg,95,0,1,2,6,0,6x2
img_96_page_0.jpg,low_freq_noise_middle_LPAE_15607_hr,digital_data_low_freq_noise_middle/img_96_page_0.jpg,96,0,4,1,3,0,3x4
img_96_page_1.jpg,low_freq_noise_middle_LPAE_15607_hr,digital_data_low_freq_noise_middle/img_96_page_1.jpg,96,1,4,1,3,0,3x4
img_96_page_2.jpg,low_freq_noise_middle_LPAE_15607_hr,digital_data_low_freq_noise_middle/img_96_page_2.jpg,96,2,4,1,3,0,3x4
img_96_page_3.jpg,low_freq_noise_middle_LPAE_15607_hr,digital_data_low_freq_noise_middle/img_96_page_3.jpg,96,3,4,1,3,0,3x4
img_97_page_0.jpg,low_freq_noise_middle_LPAE_19202_hr,digital_data_low_freq_noise_middle/img_97_page_0.jpg,97,0,1,1,12,0,12x1
img_98_page_0.jpg,low_freq_noise_middle_LPAE_16212_hr,digital_data_low_freq_noise_middle/img_98_page_0.jpg,98,0,1,4,3,3,3x4+3R
img_99_page_0.jpg,low_freq_noise_middle_LPAE_19326_hr,digital_data_low_freq_noise_middle/img_99_page_0.jpg,99,0,1,2,6,0,6x2
img_100_page_0.jpg,low_freq_noise_middle_LPAE_20139_hr,digital_data_low_freq_noise_middle/img_100_page_0.jpg,100,0,1,4,3,3,3x4+3R
img_1_page_0.jpg,LPAE_11666_hr,digital_data_opacity_015/img_1_page_0.jpg,1,0,2,1,6,0,6x2
img_1_page_1.jpg,LPAE_11666_hr,digital_data_opacity_015/img_1_page_1.jpg,1,1,2,1,6,0,6x2
img_2_page_0.jpg,LPAE_11209_hr,digital_data_opacity_015/img_2_page_0.jpg,2,0,1,1,12,0,12x1
img_3_page_0.jpg,LPAE_14009_hr,digital_data_opacity_015/img_3_page_0.jpg,3,0,1,1,12,0,12x1
img_4_page_0.jpg,LPAE_20999_hr,digital_data_opacity_015/img_4_page_0.jpg,4,0,1,4,3,1,3x4+1R
img_5_page_0.jpg,LPAE_21515_hr,digital_data_opacity_015/img_5_page_0.jpg,5,0,1,2,6,0,6x2
img_6_page_0.jpg,LPAE_02926_hr,digital_data_opacity_015/img_6_page_0.jpg,6,0,1,1,12,0,12x1
img_7_page_0.jpg,LPAE_21541_hr,digital_data_opacity_015/img_7_page_0.jpg,7,0,1,2,6,0,6x2
img_8_page_0.jpg,LPAE_05432_hr,digital_data_opacity_015/img_8_page_0.jpg,8,0,1,4,3,3,3x4+3R
img_9_page_0.jpg,LPAE_20159_hr,digital_data_opacity_015/img_9_page_0.jpg,9,0,1,2,6,0,6x2
img_10_page_0.jpg,LPAE_04827_hr,digital_data_opacity_015/img_10_page_0.jpg,10,0,1,4,3,1,3x4+1R
img_11_page_0.jpg,LPAE_06229_hr,digital_data_opacity_015/img_11_page_0.jpg,11,0,1,2,6,0,6x2
img_12_page_0.jpg,LPAE_10505_hr,digital_data_opacity_015/img_12_page_0.jpg,12,0,1,4,3,3,3x4+3R
img_13_page_0.jpg,LPAE_10300_hr,digital_data_opacity_015/img_13_page_0.jpg,13,0,1,2,6,0,6x2
img_14_page_0.jpg,LPAE_17226_hr,digital_data_opacity_015/img_14_page_0.jpg,14,0,1,4,3,1,3x4+1R
img_15_page_0.jpg,LPAE_05742_hr,digital_data_opacity_015/img_15_page_0.jpg,15,0,1,4,3,1,3x4+1R
img_16_page_0.jpg,LPAE_19550_hr,digital_data_opacity_015/img_16_page_0.jpg,16,0,1,4,3,1,3x4+1R
img_17_page_0.jpg,LPAE_06918_hr,digital_data_opacity_015/img_17_page_0.jpg,17,0,1,4,3,1,3x4+1R
img_18_page_0.jpg,LPAE_12879_hr,digital_data_opacity_015/img_18_page_0.jpg,18,0,1,1,12,0,12x1
img_19_page_0.jpg,LPAE_20790_hr,digital_data_opacity_015/img_19_page_0.jpg,19,0,1,2,6,1,6x2+1R
img_20_page_0.jpg,LPAE_20947_hr,digital_data_opacity_015/img_20_page_0.jpg,20,0,1,4,3,0,3x4
img_21_page_0.jpg,LPAE_20515_hr,digital_data_opacity_015/img_21_page_0.jpg,21,0,1,2,6,0,6x2
img_22_page_0.jpg,LPAE_06846_hr,digital_data_opacity_015/img_22_page_0.jpg,22,0,1,4,3,1,3x4+1R
img_23_page_0.jpg,LPAE_04957_hr,digital_data_opacity_015/img_23_page_0.jpg,23,0,1,2,6,0,6x2
img_24_page_0.jpg,LPAE_14819_hr,digital_data_opacity_015/img_24_page_0.jpg,24,0,1,4,3,0,3x4
img_25_page_0.jpg,LPAE_05441_hr,digital_data_opacity_015/img_25_page_0.jpg,25,0,1,1,12,0,12x1
img_26_page_0.jpg,LPAE_20971_hr,digital_data_opacity_015/img_26_page_0.jpg,26,0,1,4,3,1,3x4+1R
img_27_page_0.jpg,LPAE_20680_hr,digital_data_opacity_015/img_27_page_0.jpg,27,0,1,4,3,0,3x4
img_28_page_0.jpg,LPAE_07250_hr,digital_data_opacity_015/img_28_page_0.jpg,28,0,1,4,3,1,3x4+1R
img_29_page_0.jpg,LPAE_20748_hr,digital_data_opacity_015/img_29_page_0.jpg,29,0,1,4,3,1,3x4+1R
img_30_page_0.jpg,LPAE_06938_hr,digital_data_opacity_015/img_30_page_0.jpg,30,0,1,2,6,1,6x2+1R
img_31_page_0.jpg,LPAE_20367_hr,digital_data_opacity_015/img_31_page_0.jpg,31,0,1,4,3,1,3x4+1R
img_32_page_0.jpg,LPAE_07285_hr,digital_data_opacity_015/img_32_page_0.jpg,32,0,1,4,3,0,3x4
img_33_page_0.jpg,LPAE_07299_hr,digital_data_opacity_015/img_33_page_0.jpg,33,0,1,2,6,0,6x2
img_34_page_0.jpg,LPAE_21629_hr,digital_data_opacity_015/img_34_page_0.jpg,34,0,1,2,6,0,6x2
img_35_page_0.jpg,LPAE_07596_hr,digital_data_opacity_015/img_35_page_0.jpg,35,0,1,2,6,0,6x2
img_36_page_0.jpg,LPAE_10555_hr,digital_data_opacity_015/img_36_page_0.jpg,36,0,1,4,3,0,3x4
img_37_page_0.jpg,LPAE_21468_hr,digital_data_opacity_015/img_37_page_0.jpg,37,0,1,4,3,1,3x4+1R
img_38_page_0.jpg,LPAE_08885_hr,digital_data_opacity_015/img_38_page_0.jpg,38,0,1,4,3,3,3x4+3R
img_39_page_0.jpg,LPAE_09331_hr,digital_data_opacity_015/img_39_page_0.jpg,39,0,1,2,6,0,6x2
img_40_page_0.jpg,LPAE_09275_hr,digital_data_opacity_015/img_40_page_0.jpg,40,0,1,4,3,1,3x4+1R
img_41_page_0.jpg,LPAE_20243_hr,digital_data_opacity_015/img_41_page_0.jpg,41,0,1,2,6,0,6x2
img_42_page_0.jpg,LPAE_09545_hr,digital_data_opacity_015/img_42_page_0.jpg,42,0,1,4,3,1,3x4+1R
img_43_page_0.jpg,LPAE_09754_hr,digital_data_opacity_015/img_43_page_0.jpg,43,0,1,4,3,1,3x4+1R
img_44_page_0.jpg,LPAE_17637_hr,digital_data_opacity_015/img_44_page_0.jpg,44,0,1,4,3,0,3x4
img_45_page_0.jpg,LPAE_17118_hr,digital_data_opacity_015/img_45_page_0.jpg,45,0,1,2,6,0,6x2
img_46_page_0.jpg,LPAE_10306_hr,digital_data_opacity_015/img_46_page_0.jpg,46,0,1,4,3,1,3x4+1R
img_47_page_0.jpg,LPAE_10266_hr,digital_data_opacity_015/img_47_page_0.jpg,47,0,1,4,3,3,3x4+3R
img_48_page_0.jpg,LPAE_08007_hr,digital_data_opacity_015/img_48_page_0.jpg,48,0,1,2,6,0,6x2
img_49_page_0.jpg,LPAE_08962_hr,digital_data_opacity_015/img_49_page_0.jpg,49,0,1,2,6,0,6x2
img_50_page_0.jpg,LPAE_16895_hr,digital_data_opacity_015/img_50_page_0.jpg,50,0,1,4,3,0,3x4
img_51_page_0.jpg,LPAE_05359_hr,digital_data_opacity_015/img_51_page_0.jpg,51,0,1,4,3,0,3x4
img_52_page_0.jpg,LPAE_10554_hr,digital_data_opacity_015/img_52_page_0.jpg,52,0,1,2,6,1,6x2+1R
img_53_page_0.jpg,LPAE_10598_hr,digital_data_opacity_015/img_53_page_0.jpg,53,0,1,2,6,0,6x2
img_54_page_0.jpg,LPAE_17269_hr,digital_data_opacity_015/img_54_page_0.jpg,54,0,2,2,3,0,3x4
img_54_page_1.jpg,LPAE_17269_hr,digital_data_opacity_015/img_54_page_1.jpg,54,1,2,2,3,0,3x4
img_55_page_0.jpg,LPAE_10518_hr,digital_data_opacity_015/img_55_page_0.jpg,55,0,1,2,6,0,6x2
img_56_page_0.jpg,LPAE_10564_hr,digital_data_opacity_015/img_56_page_0.jpg,56,0,1,2,6,0,6x2
img_57_page_0.jpg,LPAE_06282_hr,digital_data_opacity_015/img_57_page_0.jpg,57,0,1,1,12,0,12x1
img_58_page_0.jpg,LPAE_10943_hr,digital_data_opacity_015/img_58_page_0.jpg,58,0,1,4,3,0,3x4
img_59_page_0.jpg,LPAE_18073_hr,digital_data_opacity_015/img_59_page_0.jpg,59,0,1,2,6,0,6x2
img_60_page_0.jpg,LPAE_11397_hr,digital_data_opacity_015/img_60_page_0.jpg,60,0,1,2,6,0,6x2
img_61_page_0.jpg,LPAE_05944_hr,digital_data_opacity_015/img_61_page_0.jpg,61,0,1,2,6,1,6x2+1R
img_62_page_0.jpg,LPAE_04733_hr,digital_data_opacity_015/img_62_page_0.jpg,62,0,1,4,3,1,3x4+1R
img_63_page_0.jpg,LPAE_10986_hr,digital_data_opacity_015/img_63_page_0.jpg,63,0,1,4,3,0,3x4
img_64_page_0.jpg,LPAE_18227_hr,digital_data_opacity_015/img_64_page_0.jpg,64,0,1,2,6,0,6x2
img_65_page_0.jpg,LPAE_18552_hr,digital_data_opacity_015/img_65_page_0.jpg,65,0,1,2,6,0,6x2
img_66_page_0.jpg,LPAE_11498_hr,digital_data_opacity_015/img_66_page_0.jpg,66,0,1,4,3,1,3x4+1R
img_67_page_0.jpg,LPAE_01805_hr,digital_data_opacity_015/img_67_page_0.jpg,67,0,1,4,3,0,3x4
img_68_page_0.jpg,LPAE_18945_hr,digital_data_opacity_015/img_68_page_0.jpg,68,0,1,4,3,1,3x4+1R
img_69_page_0.jpg,LPAE_12186_hr,digital_data_opacity_015/img_69_page_0.jpg,69,0,1,4,3,0,3x4
img_70_page_0.jpg,LPAE_04794_hr,digital_data_opacity_015/img_70_page_0.jpg,70,0,1,1,12,0,12x1
img_71_page_0.jpg,LPAE_12190_hr,digital_data_opacity_015/img_71_page_0.jpg,71,0,1,4,3,1,3x4+1R
img_72_page_0.jpg,LPAE_12432_hr,digital_data_opacity_015/img_72_page_0.jpg,72,0,1,4,3,1,3x4+1R
img_73_page_0.jpg,LPAE_19036_hr,digital_data_opacity_015/img_73_page_0.jpg,73,0,1,2,6,0,6x2
img_74_page_0.jpg,LPAE_12629_hr,digital_data_opacity_015/img_74_page_0.jpg,74,0,1,4,3,1,3x4+1R
img_75_page_0.jpg,LPAE_02444_hr,digital_data_opacity_015/img_75_page_0.jpg,75,0,2,1,6,0,6x2
img_75_page_1.jpg,LPAE_02444_hr,digital_data_opacity_015/img_75_page_1.jpg,75,1,2,1,6,0,6x2
img_76_page_0.jpg,LPAE_17345_hr,digital_data_opacity_015/img_76_page_0.jpg,76,0,1,2,6,0,6x2
img_77_page_0.jpg,LPAE_06303_hr,digital_data_opacity_015/img_77_page_0.jpg,77,0,1,4,3,0,3x4
img_78_page_0.jpg,LPAE_13851_hr,digital_data_opacity_015/img_78_page_0.jpg,78,0,1,2,6,0,6x2
img_79_page_0.jpg,LPAE_13962_hr,digital_data_opacity_015/img_79_page_0.jpg,79,0,1,2,6,0,6x2
img_80_page_0.jpg,LPAE_19394_hr,digital_data_opacity_015/img_80_page_0.jpg,80,0,1,4,3,1,3x4+1R
img_81_page_0.jpg,LPAE_00232_hr,digital_data_opacity_015/img_81_page_0.jpg,81,0,1,4,3,1,3x4+1R
img_82_page_0.jpg,LPAE_19269_hr,digital_data_opacity_015/img_82_page_0.jpg,82,0,1,4,3,1,3x4+1R
img_83_page_0.jpg,LPAE_20117_hr,digital_data_opacity_015/img_83_page_0.jpg,83,0,1,4,3,3,3x4+3R
img_84_page_0.jpg,LPAE_19164_hr,digital_data_opacity_015/img_84_page_0.jpg,84,0,1,4,3,1,3x4+1R
img_85_page_0.jpg,LPAE_19686_hr,digital_data_opacity_015/img_85_page_0.jpg,85,0,1,4,3,1,3x4+1R
img_86_page_0.jpg,LPAE_19968_hr,digital_data_opacity_015/img_86_page_0.jpg,86,0,1,2,6,0,6x2
img_87_page_0.jpg,LPAE_19288_hr,digital_data_opacity_015/img_87_page_0.jpg,87,0,1,2,6,0,6x2
img_88_page_0.jpg,LPAE_14304_hr,digital_data_opacity_015/img_88_page_0.jpg,88,0,4,1,3,0,3x4
img_88_page_1.jpg,LPAE_14304_hr,digital_data_opacity_015/img_88_page_1.jpg,88,1,4,1,3,0,3x4
img_88_page_2.jpg,LPAE_14304_hr,digital_data_opacity_015/img_88_page_2.jpg,88,2,4,1,3,0,3x4
img_88_page_3.jpg,LPAE_14304_hr,digital_data_opacity_015/img_88_page_3.jpg,88,3,4,1,3,0,3x4
img_89_page_0.jpg,LPAE_19309_hr,digital_data_opacity_015/img_89_page_0.jpg,89,0,2,2,3,0,3x4
img_89_page_1.jpg,LPAE_19309_hr,digital_data_opacity_015/img_89_page_1.jpg,89,1,2,2,3,0,3x4
img_90_page_0.jpg,LPAE_14641_hr,digital_data_opacity_015/img_90_page_0.jpg,90,0,1,2,6,0,6x2
img_91_page_0.jpg,LPAE_15477_hr,digital_data_opacity_015/img_91_page_0.jpg,91,0,1,4,3,1,3x4+1R
img_92_page_0.jpg,LPAE_14680_hr,digital_data_opacity_015/img_92_page_0.jpg,92,0,1,4,3,1,3x4+1R
img_93_page_0.jpg,LPAE_15368_hr,digital_data_opacity_015/img_93_page_0.jpg,93,0,1,2,6,1,6x2+1R
img_94_page_0.jpg,LPAE_19138_hr,digital_data_opacity_015/img_94_page_0.jpg,94,0,1,1,12,0,12x1
img_95_page_0.jpg,LPAE_15529_hr,digital_data_opacity_015/img_95_page_0.jpg,95,0,1,2,6,0,6x2
img_96_page_0.jpg,LPAE_15607_hr,digital_data_opacity_015/img_96_page_0.jpg,96,0,4,1,3,0,3x4
img_96_page_1.jpg,LPAE_15607_hr,digital_data_opacity_015/img_96_page_1.jpg,96,1,4,1,3,0,3x4
img_96_page_2.jpg,LPAE_15607_hr,digital_data_opacity_015/img_96_page_2.jpg,96,2,4,1,3,0,3x4
img_96_page_3.jpg,LPAE_15607_hr,digital_data_opacity_015/img_96_page_3.jpg,96,3,4,1,3,0,3x4
img_97_page_0.jpg,LPAE_19202_hr,digital_data_opacity_015/img_97_page_0.jpg,97,0,1,1,12,0,12x1
img_98_page_0.jpg,LPAE_16212_hr,digital_data_opacity_015/img_98_page_0.jpg,98,0,1,4,3,3,3x4+3R
img_99_page_0.jpg,LPAE_19326_hr,digital_data_opacity_015/img_99_page_0.jpg,99,0,1,2,6,0,6x2
img_100_page_0.jpg,LPAE_20139_hr,digital_data_opacity_015/img_100_page_0.jpg,100,0,1,4,3,3,3x4+3R
img_1_page_0.jpg,LPAE_11666_hr,digital_data_opacity_02/img_1_page_0.jpg,1,0,2,1,6,0,6x2
img_1_page_1.jpg,LPAE_11666_hr,digital_data_opacity_02/img_1_page_1.jpg,1,1,2,1,6,0,6x2
img_2_page_0.jpg,LPAE_11209_hr,digital_data_opacity_02/img_2_page_0.jpg,2,0,1,1,12,0,12x1
img_3_page_0.jpg,LPAE_14009_hr,digital_data_opacity_02/img_3_page_0.jpg,3,0,1,1,12,0,12x1
img_4_page_0.jpg,LPAE_20999_hr,digital_data_opacity_02/img_4_page_0.jpg,4,0,1,4,3,1,3x4+1R
img_5_page_0.jpg,LPAE_21515_hr,digital_data_opacity_02/img_5_page_0.jpg,5,0,1,2,6,0,6x2
img_6_page_0.jpg,LPAE_02926_hr,digital_data_opacity_02/img_6_page_0.jpg,6,0,1,1,12,0,12x1
img_7_page_0.jpg,LPAE_21541_hr,digital_data_opacity_02/img_7_page_0.jpg,7,0,1,2,6,0,6x2
img_8_page_0.jpg,LPAE_05432_hr,digital_data_opacity_02/img_8_page_0.jpg,8,0,1,4,3,3,3x4+3R
img_9_page_0.jpg,LPAE_20159_hr,digital_data_opacity_02/img_9_page_0.jpg,9,0,1,2,6,0,6x2
img_10_page_0.jpg,LPAE_04827_hr,digital_data_opacity_02/img_10_page_0.jpg,10,0,1,4,3,1,3x4+1R
img_11_page_0.jpg,LPAE_06229_hr,digital_data_opacity_02/img_11_page_0.jpg,11,0,1,2,6,0,6x2
img_12_page_0.jpg,LPAE_10505_hr,digital_data_opacity_02/img_12_page_0.jpg,12,0,1,4,3,3,3x4+3R
img_13_page_0.jpg,LPAE_10300_hr,digital_data_opacity_02/img_13_page_0.jpg,13,0,1,2,6,0,6x2
img_14_page_0.jpg,LPAE_17226_hr,digital_data_opacity_02/img_14_page_0.jpg,14,0,1,4,3,1,3x4+1R
img_15_page_0.jpg,LPAE_05742_hr,digital_data_opacity_02/img_15_page_0.jpg,15,0,1,4,3,1,3x4+1R
img_16_page_0.jpg,LPAE_19550_hr,digital_data_opacity_02/img_16_page_0.jpg,16,0,1,4,3,1,3x4+1R
img_17_page_0.jpg,LPAE_06918_hr,digital_data_opacity_02/img_17_page_0.jpg,17,0,1,4,3,1,3x4+1R
img_18_page_0.jpg,LPAE_12879_hr,digital_data_opacity_02/img_18_page_0.jpg,18,0,1,1,12,0,12x1
img_19_page_0.jpg,LPAE_20790_hr,digital_data_opacity_02/img_19_page_0.jpg,19,0,1,2,6,1,6x2+1R
img_20_page_0.jpg,LPAE_20947_hr,digital_data_opacity_02/img_20_page_0.jpg,20,0,1,4,3,0,3x4
img_21_page_0.jpg,LPAE_20515_hr,digital_data_opacity_02/img_21_page_0.jpg,21,0,1,2,6,0,6x2
img_22_page_0.jpg,LPAE_06846_hr,digital_data_opacity_02/img_22_page_0.jpg,22,0,1,4,3,1,3x4+1R
img_23_page_0.jpg,LPAE_04957_hr,digital_data_opacity_02/img_23_page_0.jpg,23,0,1,2,6,0,6x2
img_24_page_0.jpg,LPAE_14819_hr,digital_data_opacity_02/img_24_page_0.jpg,24,0,1,4,3,0,3x4
img_25_page_0.jpg,LPAE_05441_hr,digital_data_opacity_02/img_25_page_0.jpg,25,0,1,1,12,0,12x1
img_26_page_0.jpg,LPAE_20971_hr,digital_data_opacity_02/img_26_page_0.jpg,26,0,1,4,3,1,3x4+1R
img_27_page_0.jpg,LPAE_20680_hr,digital_data_opacity_02/img_27_page_0.jpg,27,0,1,4,3,0,3x4
img_28_page_0.jpg,LPAE_07250_hr,digital_data_opacity_02/img_28_page_0.jpg,28,0,1,4,3,1,3x4+1R
img_29_page_0.jpg,LPAE_20748_hr,digital_data_opacity_02/img_29_page_0.jpg,29,0,1,4,3,1,3x4+1R
img_30_page_0.jpg,LPAE_06938_hr,digital_data_opacity_02/img_30_page_0.jpg,30,0,1,2,6,1,6x2+1R
img_31_page_0.jpg,LPAE_20367_hr,digital_data_opacity_02/img_31_page_0.jpg,31,0,1,4,3,1,3x4+1R
img_32_page_0.jpg,LPAE_07285_hr,digital_data_opacity_02/img_32_page_0.jpg,32,0,1,4,3,0,3x4
img_33_page_0.jpg,LPAE_07299_hr,digital_data_opacity_02/img_33_page_0.jpg,33,0,1,2,6,0,6x2
img_34_page_0.jpg,LPAE_21629_hr,digital_data_opacity_02/img_34_page_0.jpg,34,0,1,2,6,0,6x2
img_35_page_0.jpg,LPAE_07596_hr,digital_data_opacity_02/img_35_page_0.jpg,35,0,1,2,6,0,6x2
img_36_page_0.jpg,LPAE_10555_hr,digital_data_opacity_02/img_36_page_0.jpg,36,0,1,4,3,0,3x4
img_37_page_0.jpg,LPAE_21468_hr,digital_data_opacity_02/img_37_page_0.jpg,37,0,1,4,3,1,3x4+1R
img_38_page_0.jpg,LPAE_08885_hr,digital_data_opacity_02/img_38_page_0.jpg,38,0,1,4,3,3,3x4+3R
img_39_page_0.jpg,LPAE_09331_hr,digital_data_opacity_02/img_39_page_0.jpg,39,0,1,2,6,0,6x2
img_40_page_0.jpg,LPAE_09275_hr,digital_data_opacity_02/img_40_page_0.jpg,40,0,1,4,3,1,3x4+1R
img_41_page_0.jpg,LPAE_20243_hr,digital_data_opacity_02/img_41_page_0.jpg,41,0,1,2,6,0,6x2
img_42_page_0.jpg,LPAE_09545_hr,digital_data_opacity_02/img_42_page_0.jpg,42,0,1,4,3,1,3x4+1R
img_43_page_0.jpg,LPAE_09754_hr,digital_data_opacity_02/img_43_page_0.jpg,43,0,1,4,3,1,3x4+1R
img_44_page_0.jpg,LPAE_17637_hr,digital_data_opacity_02/img_44_page_0.jpg,44,0,1,4,3,0,3x4
img_45_page_0.jpg,LPAE_17118_hr,digital_data_opacity_02/img_45_page_0.jpg,45,0,1,2,6,0,6x2
img_46_page_0.jpg,LPAE_10306_hr,digital_data_opacity_02/img_46_page_0.jpg,46,0,1,4,3,1,3x4+1R
img_47_page_0.jpg,LPAE_10266_hr,digital_data_opacity_02/img_47_page_0.jpg,47,0,1,4,3,3,3x4+3R
img_48_page_0.jpg,LPAE_08007_hr,digital_data_opacity_02/img_48_page_0.jpg,48,0,1,2,6,0,6x2
img_49_page_0.jpg,LPAE_08962_hr,digital_data_opacity_02/img_49_page_0.jpg,49,0,1,2,6,0,6x2
img_50_page_0.jpg,LPAE_16895_hr,digital_data_opacity_02/img_50_page_0.jpg,50,0,1,4,3,0,3x4
img_51_page_0.jpg,LPAE_05359_hr,digital_data_opacity_02/img_51_page_0.jpg,51,0,1,4,3,0,3x4
img_52_page_0.jpg,LPAE_10554_hr,digital_data_opacity_02/img_52_page_0.jpg,52,0,1,2,6,1,6x2+1R
img_53_page_0.jpg,LPAE_10598_hr,digital_data_opacity_02/img_53_page_0.jpg,53,0,1,2,6,0,6x2
img_54_page_0.jpg,LPAE_17269_hr,digital_data_opacity_02/img_54_page_0.jpg,54,0,2,2,3,0,3x4
img_54_page_1.jpg,LPAE_17269_hr,digital_data_opacity_02/img_54_page_1.jpg,54,1,2,2,3,0,3x4
img_55_page_0.jpg,LPAE_10518_hr,digital_data_opacity_02/img_55_page_0.jpg,55,0,1,2,6,0,6x2
img_56_page_0.jpg,LPAE_10564_hr,digital_data_opacity_02/img_56_page_0.jpg,56,0,1,2,6,0,6x2
img_57_page_0.jpg,LPAE_06282_hr,digital_data_opacity_02/img_57_page_0.jpg,57,0,1,1,12,0,12x1
img_58_page_0.jpg,LPAE_10943_hr,digital_data_opacity_02/img_58_page_0.jpg,58,0,1,4,3,0,3x4
img_59_page_0.jpg,LPAE_18073_hr,digital_data_opacity_02/img_59_page_0.jpg,59,0,1,2,6,0,6x2
img_60_page_0.jpg,LPAE_11397_hr,digital_data_opacity_02/img_60_page_0.jpg,60,0,1,2,6,0,6x2
img_61_page_0.jpg,LPAE_05944_hr,digital_data_opacity_02/img_61_page_0.jpg,61,0,1,2,6,1,6x2+1R
img_62_page_0.jpg,LPAE_04733_hr,digital_data_opacity_02/img_62_page_0.jpg,62,0,1,4,3,1,3x4+1R
img_63_page_0.jpg,LPAE_10986_hr,digital_data_opacity_02/img_63_page_0.jpg,63,0,1,4,3,0,3x4
img_64_page_0.jpg,LPAE_18227_hr,digital_data_opacity_02/img_64_page_0.jpg,64,0,1,2,6,0,6x2
img_65_page_0.jpg,LPAE_18552_hr,digital_data_opacity_02/img_65_page_0.jpg,65,0,1,2,6,0,6x2
img_66_page_0.jpg,LPAE_11498_hr,digital_data_opacity_02/img_66_page_0.jpg,66,0,1,4,3,1,3x4+1R
img_67_page_0.jpg,LPAE_01805_hr,digital_data_opacity_02/img_67_page_0.jpg,67,0,1,4,3,0,3x4
img_68_page_0.jpg,LPAE_18945_hr,digital_data_opacity_02/img_68_page_0.jpg,68,0,1,4,3,1,3x4+1R
img_69_page_0.jpg,LPAE_12186_hr,digital_data_opacity_02/img_69_page_0.jpg,69,0,1,4,3,0,3x4
img_70_page_0.jpg,LPAE_04794_hr,digital_data_opacity_02/img_70_page_0.jpg,70,0,1,1,12,0,12x1
img_71_page_0.jpg,LPAE_12190_hr,digital_data_opacity_02/img_71_page_0.jpg,71,0,1,4,3,1,3x4+1R
img_72_page_0.jpg,LPAE_12432_hr,digital_data_opacity_02/img_72_page_0.jpg,72,0,1,4,3,1,3x4+1R
img_73_page_0.jpg,LPAE_19036_hr,digital_data_opacity_02/img_73_page_0.jpg,73,0,1,2,6,0,6x2
img_74_page_0.jpg,LPAE_12629_hr,digital_data_opacity_02/img_74_page_0.jpg,74,0,1,4,3,1,3x4+1R
img_75_page_0.jpg,LPAE_02444_hr,digital_data_opacity_02/img_75_page_0.jpg,75,0,2,1,6,0,6x2
img_75_page_1.jpg,LPAE_02444_hr,digital_data_opacity_02/img_75_page_1.jpg,75,1,2,1,6,0,6x2
img_76_page_0.jpg,LPAE_17345_hr,digital_data_opacity_02/img_76_page_0.jpg,76,0,1,2,6,0,6x2
img_77_page_0.jpg,LPAE_06303_hr,digital_data_opacity_02/img_77_page_0.jpg,77,0,1,4,3,0,3x4
img_78_page_0.jpg,LPAE_13851_hr,digital_data_opacity_02/img_78_page_0.jpg,78,0,1,2,6,0,6x2
img_79_page_0.jpg,LPAE_13962_hr,digital_data_opacity_02/img_79_page_0.jpg,79,0,1,2,6,0,6x2
img_80_page_0.jpg,LPAE_19394_hr,digital_data_opacity_02/img_80_page_0.jpg,80,0,1,4,3,1,3x4+1R
img_81_page_0.jpg,LPAE_00232_hr,digital_data_opacity_02/img_81_page_0.jpg,81,0,1,4,3,1,3x4+1R
img_82_page_0.jpg,LPAE_19269_hr,digital_data_opacity_02/img_82_page_0.jpg,82,0,1,4,3,1,3x4+1R
img_83_page_0.jpg,LPAE_20117_hr,digital_data_opacity_02/img_83_page_0.jpg,83,0,1,4,3,3,3x4+3R
img_84_page_0.jpg,LPAE_19164_hr,digital_data_opacity_02/img_84_page_0.jpg,84,0,1,4,3,1,3x4+1R
img_85_page_0.jpg,LPAE_19686_hr,digital_data_opacity_02/img_85_page_0.jpg,85,0,1,4,3,1,3x4+1R
img_86_page_0.jpg,LPAE_19968_hr,digital_data_opacity_02/img_86_page_0.jpg,86,0,1,2,6,0,6x2
img_87_page_0.jpg,LPAE_19288_hr,digital_data_opacity_02/img_87_page_0.jpg,87,0,1,2,6,0,6x2
img_88_page_0.jpg,LPAE_14304_hr,digital_data_opacity_02/img_88_page_0.jpg,88,0,4,1,3,0,3x4
img_88_page_1.jpg,LPAE_14304_hr,digital_data_opacity_02/img_88_page_1.jpg,88,1,4,1,3,0,3x4
img_88_page_2.jpg,LPAE_14304_hr,digital_data_opacity_02/img_88_page_2.jpg,88,2,4,1,3,0,3x4
img_88_page_3.jpg,LPAE_14304_hr,digital_data_opacity_02/img_88_page_3.jpg,88,3,4,1,3,0,3x4
img_89_page_0.jpg,LPAE_19309_hr,digital_data_opacity_02/img_89_page_0.jpg,89,0,2,2,3,0,3x4
img_89_page_1.jpg,LPAE_19309_hr,digital_data_opacity_02/img_89_page_1.jpg,89,1,2,2,3,0,3x4
img_90_page_0.jpg,LPAE_14641_hr,digital_data_opacity_02/img_90_page_0.jpg,90,0,1,2,6,0,6x2
img_91_page_0.jpg,LPAE_15477_hr,digital_data_opacity_02/img_91_page_0.jpg,91,0,1,4,3,1,3x4+1R
img_92_page_0.jpg,LPAE_14680_hr,digital_data_opacity_02/img_92_page_0.jpg,92,0,1,4,3,1,3x4+1R
img_93_page_0.jpg,LPAE_15368_hr,digital_data_opacity_02/img_93_page_0.jpg,93,0,1,2,6,1,6x2+1R
img_94_page_0.jpg,LPAE_19138_hr,digital_data_opacity_02/img_94_page_0.jpg,94,0,1,1,12,0,12x1
img_95_page_0.jpg,LPAE_15529_hr,digital_data_opacity_02/img_95_page_0.jpg,95,0,1,2,6,0,6x2
img_96_page_0.jpg,LPAE_15607_hr,digital_data_opacity_02/img_96_page_0.jpg,96,0,4,1,3,0,3x4
img_96_page_1.jpg,LPAE_15607_hr,digital_data_opacity_02/img_96_page_1.jpg,96,1,4,1,3,0,3x4
img_96_page_2.jpg,LPAE_15607_hr,digital_data_opacity_02/img_96_page_2.jpg,96,2,4,1,3,0,3x4
img_96_page_3.jpg,LPAE_15607_hr,digital_data_opacity_02/img_96_page_3.jpg,96,3,4,1,3,0,3x4
img_97_page_0.jpg,LPAE_19202_hr,digital_data_opacity_02/img_97_page_0.jpg,97,0,1,1,12,0,12x1
img_98_page_0.jpg,LPAE_16212_hr,digital_data_opacity_02/img_98_page_0.jpg,98,0,1,4,3,3,3x4+3R
img_99_page_0.jpg,LPAE_19326_hr,digital_data_opacity_02/img_99_page_0.jpg,99,0,1,2,6,0,6x2
img_100_page_0.jpg,LPAE_20139_hr,digital_data_opacity_02/img_100_page_0.jpg,100,0,1,4,3,3,3x4+3R
img_1_page_0.jpg,LPAE_11666_hr,digital_data_opacity_04/img_1_page_0.jpg,1,0,2,1,6,0,6x2
img_1_page_1.jpg,LPAE_11666_hr,digital_data_opacity_04/img_1_page_1.jpg,1,1,2,1,6,0,6x2
img_2_page_0.jpg,LPAE_11209_hr,digital_data_opacity_04/img_2_page_0.jpg,2,0,1,1,12,0,12x1
img_3_page_0.jpg,LPAE_14009_hr,digital_data_opacity_04/img_3_page_0.jpg,3,0,1,1,12,0,12x1
img_4_page_0.jpg,LPAE_20999_hr,digital_data_opacity_04/img_4_page_0.jpg,4,0,1,4,3,1,3x4+1R
img_5_page_0.jpg,LPAE_21515_hr,digital_data_opacity_04/img_5_page_0.jpg,5,0,1,2,6,0,6x2
img_6_page_0.jpg,LPAE_02926_hr,digital_data_opacity_04/img_6_page_0.jpg,6,0,1,1,12,0,12x1
img_7_page_0.jpg,LPAE_21541_hr,digital_data_opacity_04/img_7_page_0.jpg,7,0,1,2,6,0,6x2
img_8_page_0.jpg,LPAE_05432_hr,digital_data_opacity_04/img_8_page_0.jpg,8,0,1,4,3,3,3x4+3R
img_9_page_0.jpg,LPAE_20159_hr,digital_data_opacity_04/img_9_page_0.jpg,9,0,1,2,6,0,6x2
img_10_page_0.jpg,LPAE_04827_hr,digital_data_opacity_04/img_10_page_0.jpg,10,0,1,4,3,1,3x4+1R
img_11_page_0.jpg,LPAE_06229_hr,digital_data_opacity_04/img_11_page_0.jpg,11,0,1,2,6,0,6x2
img_12_page_0.jpg,LPAE_10505_hr,digital_data_opacity_04/img_12_page_0.jpg,12,0,1,4,3,3,3x4+3R
img_13_page_0.jpg,LPAE_10300_hr,digital_data_opacity_04/img_13_page_0.jpg,13,0,1,2,6,0,6x2
img_14_page_0.jpg,LPAE_17226_hr,digital_data_opacity_04/img_14_page_0.jpg,14,0,1,4,3,1,3x4+1R
img_15_page_0.jpg,LPAE_05742_hr,digital_data_opacity_04/img_15_page_0.jpg,15,0,1,4,3,1,3x4+1R
img_16_page_0.jpg,LPAE_19550_hr,digital_data_opacity_04/img_16_page_0.jpg,16,0,1,4,3,1,3x4+1R
img_17_page_0.jpg,LPAE_06918_hr,digital_data_opacity_04/img_17_page_0.jpg,17,0,1,4,3,1,3x4+1R
img_18_page_0.jpg,LPAE_12879_hr,digital_data_opacity_04/img_18_page_0.jpg,18,0,1,1,12,0,12x1
img_19_page_0.jpg,LPAE_20790_hr,digital_data_opacity_04/img_19_page_0.jpg,19,0,1,2,6,1,6x2+1R
img_20_page_0.jpg,LPAE_20947_hr,digital_data_opacity_04/img_20_page_0.jpg,20,0,1,4,3,0,3x4
img_21_page_0.jpg,LPAE_20515_hr,digital_data_opacity_04/img_21_page_0.jpg,21,0,1,2,6,0,6x2
img_22_page_0.jpg,LPAE_06846_hr,digital_data_opacity_04/img_22_page_0.jpg,22,0,1,4,3,1,3x4+1R
img_23_page_0.jpg,LPAE_04957_hr,digital_data_opacity_04/img_23_page_0.jpg,23,0,1,2,6,0,6x2
img_24_page_0.jpg,LPAE_14819_hr,digital_data_opacity_04/img_24_page_0.jpg,24,0,1,4,3,0,3x4
img_25_page_0.jpg,LPAE_05441_hr,digital_data_opacity_04/img_25_page_0.jpg,25,0,1,1,12,0,12x1
img_26_page_0.jpg,LPAE_20971_hr,digital_data_opacity_04/img_26_page_0.jpg,26,0,1,4,3,1,3x4+1R
img_27_page_0.jpg,LPAE_20680_hr,digital_data_opacity_04/img_27_page_0.jpg,27,0,1,4,3,0,3x4
img_28_page_0.jpg,LPAE_07250_hr,digital_data_opacity_04/img_28_page_0.jpg,28,0,1,4,3,1,3x4+1R
img_29_page_0.jpg,LPAE_20748_hr,digital_data_opacity_04/img_29_page_0.jpg,29,0,1,4,3,1,3x4+1R
img_30_page_0.jpg,LPAE_06938_hr,digital_data_opacity_04/img_30_page_0.jpg,30,0,1,2,6,1,6x2+1R
img_31_page_0.jpg,LPAE_20367_hr,digital_data_opacity_04/img_31_page_0.jpg,31,0,1,4,3,1,3x4+1R
img_32_page_0.jpg,LPAE_07285_hr,digital_data_opacity_04/img_32_page_0.jpg,32,0,1,4,3,0,3x4
img_33_page_0.jpg,LPAE_07299_hr,digital_data_opacity_04/img_33_page_0.jpg,33,0,1,2,6,0,6x2
img_34_page_0.jpg,LPAE_21629_hr,digital_data_opacity_04/img_34_page_0.jpg,34,0,1,2,6,0,6x2
img_35_page_0.jpg,LPAE_07596_hr,digital_data_opacity_04/img_35_page_0.jpg,35,0,1,2,6,0,6x2
img_36_page_0.jpg,LPAE_10555_hr,digital_data_opacity_04/img_36_page_0.jpg,36,0,1,4,3,0,3x4
img_37_page_0.jpg,LPAE_21468_hr,digital_data_opacity_04/img_37_page_0.jpg,37,0,1,4,3,1,3x4+1R
img_38_page_0.jpg,LPAE_08885_hr,digital_data_opacity_04/img_38_page_0.jpg,38,0,1,4,3,3,3x4+3R
img_39_page_0.jpg,LPAE_09331_hr,digital_data_opacity_04/img_39_page_0.jpg,39,0,1,2,6,0,6x2
img_40_page_0.jpg,LPAE_09275_hr,digital_data_opacity_04/img_40_page_0.jpg,40,0,1,4,3,1,3x4+1R
img_41_page_0.jpg,LPAE_20243_hr,digital_data_opacity_04/img_41_page_0.jpg,41,0,1,2,6,0,6x2
img_42_page_0.jpg,LPAE_09545_hr,digital_data_opacity_04/img_42_page_0.jpg,42,0,1,4,3,1,3x4+1R
img_43_page_0.jpg,LPAE_09754_hr,digital_data_opacity_04/img_43_page_0.jpg,43,0,1,4,3,1,3x4+1R
img_44_page_0.jpg,LPAE_17637_hr,digital_data_opacity_04/img_44_page_0.jpg,44,0,1,4,3,0,3x4
img_45_page_0.jpg,LPAE_17118_hr,digital_data_opacity_04/img_45_page_0.jpg,45,0,1,2,6,0,6x2
img_46_page_0.jpg,LPAE_10306_hr,digital_data_opacity_04/img_46_page_0.jpg,46,0,1,4,3,1,3x4+1R
img_47_page_0.jpg,LPAE_10266_hr,digital_data_opacity_04/img_47_page_0.jpg,47,0,1,4,3,3,3x4+3R
img_48_page_0.jpg,LPAE_08007_hr,digital_data_opacity_04/img_48_page_0.jpg,48,0,1,2,6,0,6x2
img_49_page_0.jpg,LPAE_08962_hr,digital_data_opacity_04/img_49_page_0.jpg,49,0,1,2,6,0,6x2
img_50_page_0.jpg,LPAE_16895_hr,digital_data_opacity_04/img_50_page_0.jpg,50,0,1,4,3,0,3x4
img_51_page_0.jpg,LPAE_05359_hr,digital_data_opacity_04/img_51_page_0.jpg,51,0,1,4,3,0,3x4
img_52_page_0.jpg,LPAE_10554_hr,digital_data_opacity_04/img_52_page_0.jpg,52,0,1,2,6,1,6x2+1R
img_53_page_0.jpg,LPAE_10598_hr,digital_data_opacity_04/img_53_page_0.jpg,53,0,1,2,6,0,6x2
img_54_page_0.jpg,LPAE_17269_hr,digital_data_opacity_04/img_54_page_0.jpg,54,0,2,2,3,0,3x4
img_54_page_1.jpg,LPAE_17269_hr,digital_data_opacity_04/img_54_page_1.jpg,54,1,2,2,3,0,3x4
img_55_page_0.jpg,LPAE_10518_hr,digital_data_opacity_04/img_55_page_0.jpg,55,0,1,2,6,0,6x2
img_56_page_0.jpg,LPAE_10564_hr,digital_data_opacity_04/img_56_page_0.jpg,56,0,1,2,6,0,6x2
img_57_page_0.jpg,LPAE_06282_hr,digital_data_opacity_04/img_57_page_0.jpg,57,0,1,1,12,0,12x1
img_58_page_0.jpg,LPAE_10943_hr,digital_data_opacity_04/img_58_page_0.jpg,58,0,1,4,3,0,3x4
img_59_page_0.jpg,LPAE_18073_hr,digital_data_opacity_04/img_59_page_0.jpg,59,0,1,2,6,0,6x2
img_60_page_0.jpg,LPAE_11397_hr,digital_data_opacity_04/img_60_page_0.jpg,60,0,1,2,6,0,6x2
img_61_page_0.jpg,LPAE_05944_hr,digital_data_opacity_04/img_61_page_0.jpg,61,0,1,2,6,1,6x2+1R
img_62_page_0.jpg,LPAE_04733_hr,digital_data_opacity_04/img_62_page_0.jpg,62,0,1,4,3,1,3x4+1R
img_63_page_0.jpg,LPAE_10986_hr,digital_data_opacity_04/img_63_page_0.jpg,63,0,1,4,3,0,3x4
img_64_page_0.jpg,LPAE_18227_hr,digital_data_opacity_04/img_64_page_0.jpg,64,0,1,2,6,0,6x2
img_65_page_0.jpg,LPAE_18552_hr,digital_data_opacity_04/img_65_page_0.jpg,65,0,1,2,6,0,6x2
img_66_page_0.jpg,LPAE_11498_hr,digital_data_opacity_04/img_66_page_0.jpg,66,0,1,4,3,1,3x4+1R
img_67_page_0.jpg,LPAE_01805_hr,digital_data_opacity_04/img_67_page_0.jpg,67,0,1,4,3,0,3x4
img_68_page_0.jpg,LPAE_18945_hr,digital_data_opacity_04/img_68_page_0.jpg,68,0,1,4,3,1,3x4+1R
img_69_page_0.jpg,LPAE_12186_hr,digital_data_opacity_04/img_69_page_0.jpg,69,0,1,4,3,0,3x4
img_70_page_0.jpg,LPAE_04794_hr,digital_data_opacity_04/img_70_page_0.jpg,70,0,1,1,12,0,12x1
img_71_page_0.jpg,LPAE_12190_hr,digital_data_opacity_04/img_71_page_0.jpg,71,0,1,4,3,1,3x4+1R
img_72_page_0.jpg,LPAE_12432_hr,digital_data_opacity_04/img_72_page_0.jpg,72,0,1,4,3,1,3x4+1R
img_73_page_0.jpg,LPAE_19036_hr,digital_data_opacity_04/img_73_page_0.jpg,73,0,1,2,6,0,6x2
img_74_page_0.jpg,LPAE_12629_hr,digital_data_opacity_04/img_74_page_0.jpg,74,0,1,4,3,1,3x4+1R
img_75_page_0.jpg,LPAE_02444_hr,digital_data_opacity_04/img_75_page_0.jpg,75,0,2,1,6,0,6x2
img_75_page_1.jpg,LPAE_02444_hr,digital_data_opacity_04/img_75_page_1.jpg,75,1,2,1,6,0,6x2
img_76_page_0.jpg,LPAE_17345_hr,digital_data_opacity_04/img_76_page_0.jpg,76,0,1,2,6,0,6x2
img_77_page_0.jpg,LPAE_06303_hr,digital_data_opacity_04/img_77_page_0.jpg,77,0,1,4,3,0,3x4
img_78_page_0.jpg,LPAE_13851_hr,digital_data_opacity_04/img_78_page_0.jpg,78,0,1,2,6,0,6x2
img_79_page_0.jpg,LPAE_13962_hr,digital_data_opacity_04/img_79_page_0.jpg,79,0,1,2,6,0,6x2
img_80_page_0.jpg,LPAE_19394_hr,digital_data_opacity_04/img_80_page_0.jpg,80,0,1,4,3,1,3x4+1R
img_81_page_0.jpg,LPAE_00232_hr,digital_data_opacity_04/img_81_page_0.jpg,81,0,1,4,3,1,3x4+1R
img_82_page_0.jpg,LPAE_19269_hr,digital_data_opacity_04/img_82_page_0.jpg,82,0,1,4,3,1,3x4+1R
img_83_page_0.jpg,LPAE_20117_hr,digital_data_opacity_04/img_83_page_0.jpg,83,0,1,4,3,3,3x4+3R
img_84_page_0.jpg,LPAE_19164_hr,digital_data_opacity_04/img_84_page_0.jpg,84,0,1,4,3,1,3x4+1R
img_85_page_0.jpg,LPAE_19686_hr,digital_data_opacity_04/img_85_page_0.jpg,85,0,1,4,3,1,3x4+1R
img_86_page_0.jpg,LPAE_19968_hr,digital_data_opacity_04/img_86_page_0.jpg,86,0,1,2,6,0,6x2
img_87_page_0.jpg,LPAE_19288_hr,digital_data_opacity_04/img_87_page_0.jpg,87,0,1,2,6,0,6x2
img_88_page_0.jpg,LPAE_14304_hr,digital_data_opacity_04/img_88_page_0.jpg,88,0,4,1,3,0,3x4
img_88_page_1.jpg,LPAE_14304_hr,digital_data_opacity_04/img_88_page_1.jpg,88,1,4,1,3,0,3x4
img_88_page_2.jpg,LPAE_14304_hr,digital_data_opacity_04/img_88_page_2.jpg,88,2,4,1,3,0,3x4
img_88_page_3.jpg,LPAE_14304_hr,digital_data_opacity_04/img_88_page_3.jpg,88,3,4,1,3,0,3x4
img_89_page_0.jpg,LPAE_19309_hr,digital_data_opacity_04/img_89_page_0.jpg,89,0,2,2,3,0,3x4
img_89_page_1.jpg,LPAE_19309_hr,digital_data_opacity_04/img_89_page_1.jpg,89,1,2,2,3,0,3x4
img_90_page_0.jpg,LPAE_14641_hr,digital_data_opacity_04/img_90_page_0.jpg,90,0,1,2,6,0,6x2
img_91_page_0.jpg,LPAE_15477_hr,digital_data_opacity_04/img_91_page_0.jpg,91,0,1,4,3,1,3x4+1R
img_92_page_0.jpg,LPAE_14680_hr,digital_data_opacity_04/img_92_page_0.jpg,92,0,1,4,3,1,3x4+1R
img_93_page_0.jpg,LPAE_15368_hr,digital_data_opacity_04/img_93_page_0.jpg,93,0,1,2,6,1,6x2+1R
img_94_page_0.jpg,LPAE_19138_hr,digital_data_opacity_04/img_94_page_0.jpg,94,0,1,1,12,0,12x1
img_95_page_0.jpg,LPAE_15529_hr,digital_data_opacity_04/img_95_page_0.jpg,95,0,1,2,6,0,6x2
img_96_page_0.jpg,LPAE_15607_hr,digital_data_opacity_04/img_96_page_0.jpg,96,0,4,1,3,0,3x4
img_96_page_1.jpg,LPAE_15607_hr,digital_data_opacity_04/img_96_page_1.jpg,96,1,4,1,3,0,3x4
img_96_page_2.jpg,LPAE_15607_hr,digital_data_opacity_04/img_96_page_2.jpg,96,2,4,1,3,0,3x4
img_96_page_3.jpg,LPAE_15607_hr,digital_data_opacity_04/img_96_page_3.jpg,96,3,4,1,3,0,3x4
img_97_page_0.jpg,LPAE_19202_hr,digital_data_opacity_04/img_97_page_0.jpg,97,0,1,1,12,0,12x1
img_98_page_0.jpg,LPAE_16212_hr,digital_data_opacity_04/img_98_page_0.jpg,98,0,1,4,3,3,3x4+3R
img_99_page_0.jpg,LPAE_19326_hr,digital_data_opacity_04/img_99_page_0.jpg,99,0,1,2,6,0,6x2
img_100_page_0.jpg,LPAE_20139_hr,digital_data_opacity_04/img_100_page_0.jpg,100,0,1,4,3,3,3x4+3R
img_1_page_0.jpg,LPAE_11666_hr,digital_data_opacity_06/img_1_page_0.jpg,1,0,2,1,6,0,6x2
img_1_page_1.jpg,LPAE_11666_hr,digital_data_opacity_06/img_1_page_1.jpg,1,1,2,1,6,0,6x2
img_2_page_0.jpg,LPAE_11209_hr,digital_data_opacity_06/img_2_page_0.jpg,2,0,1,1,12,0,12x1
img_3_page_0.jpg,LPAE_14009_hr,digital_data_opacity_06/img_3_page_0.jpg,3,0,1,1,12,0,12x1
img_4_page_0.jpg,LPAE_20999_hr,digital_data_opacity_06/img_4_page_0.jpg,4,0,1,4,3,1,3x4+1R
img_5_page_0.jpg,LPAE_21515_hr,digital_data_opacity_06/img_5_page_0.jpg,5,0,1,2,6,0,6x2
img_6_page_0.jpg,LPAE_02926_hr,digital_data_opacity_06/img_6_page_0.jpg,6,0,1,1,12,0,12x1
img_7_page_0.jpg,LPAE_21541_hr,digital_data_opacity_06/img_7_page_0.jpg,7,0,1,2,6,0,6x2
img_8_page_0.jpg,LPAE_05432_hr,digital_data_opacity_06/img_8_page_0.jpg,8,0,1,4,3,3,3x4+3R
img_9_page_0.jpg,LPAE_20159_hr,digital_data_opacity_06/img_9_page_0.jpg,9,0,1,2,6,0,6x2
img_10_page_0.jpg,LPAE_04827_hr,digital_data_opacity_06/img_10_page_0.jpg,10,0,1,4,3,1,3x4+1R
img_11_page_0.jpg,LPAE_06229_hr,digital_data_opacity_06/img_11_page_0.jpg,11,0,1,2,6,0,6x2
img_12_page_0.jpg,LPAE_10505_hr,digital_data_opacity_06/img_12_page_0.jpg,12,0,1,4,3,3,3x4+3R
img_13_page_0.jpg,LPAE_10300_hr,digital_data_opacity_06/img_13_page_0.jpg,13,0,1,2,6,0,6x2
img_14_page_0.jpg,LPAE_17226_hr,digital_data_opacity_06/img_14_page_0.jpg,14,0,1,4,3,1,3x4+1R
img_15_page_0.jpg,LPAE_05742_hr,digital_data_opacity_06/img_15_page_0.jpg,15,0,1,4,3,1,3x4+1R
img_16_page_0.jpg,LPAE_19550_hr,digital_data_opacity_06/img_16_page_0.jpg,16,0,1,4,3,1,3x4+1R
img_17_page_0.jpg,LPAE_06918_hr,digital_data_opacity_06/img_17_page_0.jpg,17,0,1,4,3,1,3x4+1R
img_18_page_0.jpg,LPAE_12879_hr,digital_data_opacity_06/img_18_page_0.jpg,18,0,1,1,12,0,12x1
img_19_page_0.jpg,LPAE_20790_hr,digital_data_opacity_06/img_19_page_0.jpg,19,0,1,2,6,1,6x2+1R
img_20_page_0.jpg,LPAE_20947_hr,digital_data_opacity_06/img_20_page_0.jpg,20,0,1,4,3,0,3x4
img_21_page_0.jpg,LPAE_20515_hr,digital_data_opacity_06/img_21_page_0.jpg,21,0,1,2,6,0,6x2
img_22_page_0.jpg,LPAE_06846_hr,digital_data_opacity_06/img_22_page_0.jpg,22,0,1,4,3,1,3x4+1R
img_23_page_0.jpg,LPAE_04957_hr,digital_data_opacity_06/img_23_page_0.jpg,23,0,1,2,6,0,6x2
img_24_page_0.jpg,LPAE_14819_hr,digital_data_opacity_06/img_24_page_0.jpg,24,0,1,4,3,0,3x4
img_25_page_0.jpg,LPAE_05441_hr,digital_data_opacity_06/img_25_page_0.jpg,25,0,1,1,12,0,12x1
img_26_page_0.jpg,LPAE_20971_hr,digital_data_opacity_06/img_26_page_0.jpg,26,0,1,4,3,1,3x4+1R
img_27_page_0.jpg,LPAE_20680_hr,digital_data_opacity_06/img_27_page_0.jpg,27,0,1,4,3,0,3x4
img_28_page_0.jpg,LPAE_07250_hr,digital_data_opacity_06/img_28_page_0.jpg,28,0,1,4,3,1,3x4+1R
img_29_page_0.jpg,LPAE_20748_hr,digital_data_opacity_06/img_29_page_0.jpg,29,0,1,4,3,1,3x4+1R
img_30_page_0.jpg,LPAE_06938_hr,digital_data_opacity_06/img_30_page_0.jpg,30,0,1,2,6,1,6x2+1R
img_31_page_0.jpg,LPAE_20367_hr,digital_data_opacity_06/img_31_page_0.jpg,31,0,1,4,3,1,3x4+1R
img_32_page_0.jpg,LPAE_07285_hr,digital_data_opacity_06/img_32_page_0.jpg,32,0,1,4,3,0,3x4
img_33_page_0.jpg,LPAE_07299_hr,digital_data_opacity_06/img_33_page_0.jpg,33,0,1,2,6,0,6x2
img_34_page_0.jpg,LPAE_21629_hr,digital_data_opacity_06/img_34_page_0.jpg,34,0,1,2,6,0,6x2
img_35_page_0.jpg,LPAE_07596_hr,digital_data_opacity_06/img_35_page_0.jpg,35,0,1,2,6,0,6x2
img_36_page_0.jpg,LPAE_10555_hr,digital_data_opacity_06/img_36_page_0.jpg,36,0,1,4,3,0,3x4
img_37_page_0.jpg,LPAE_21468_hr,digital_data_opacity_06/img_37_page_0.jpg,37,0,1,4,3,1,3x4+1R
img_38_page_0.jpg,LPAE_08885_hr,digital_data_opacity_06/img_38_page_0.jpg,38,0,1,4,3,3,3x4+3R
img_39_page_0.jpg,LPAE_09331_hr,digital_data_opacity_06/img_39_page_0.jpg,39,0,1,2,6,0,6x2
img_40_page_0.jpg,LPAE_09275_hr,digital_data_opacity_06/img_40_page_0.jpg,40,0,1,4,3,1,3x4+1R
img_41_page_0.jpg,LPAE_20243_hr,digital_data_opacity_06/img_41_page_0.jpg,41,0,1,2,6,0,6x2
img_42_page_0.jpg,LPAE_09545_hr,digital_data_opacity_06/img_42_page_0.jpg,42,0,1,4,3,1,3x4+1R
img_43_page_0.jpg,LPAE_09754_hr,digital_data_opacity_06/img_43_page_0.jpg,43,0,1,4,3,1,3x4+1R
img_44_page_0.jpg,LPAE_17637_hr,digital_data_opacity_06/img_44_page_0.jpg,44,0,1,4,3,0,3x4
img_45_page_0.jpg,LPAE_17118_hr,digital_data_opacity_06/img_45_page_0.jpg,45,0,1,2,6,0,6x2
img_46_page_0.jpg,LPAE_10306_hr,digital_data_opacity_06/img_46_page_0.jpg,46,0,1,4,3,1,3x4+1R
img_47_page_0.jpg,LPAE_10266_hr,digital_data_opacity_06/img_47_page_0.jpg,47,0,1,4,3,3,3x4+3R
img_48_page_0.jpg,LPAE_08007_hr,digital_data_opacity_06/img_48_page_0.jpg,48,0,1,2,6,0,6x2
img_49_page_0.jpg,LPAE_08962_hr,digital_data_opacity_06/img_49_page_0.jpg,49,0,1,2,6,0,6x2
img_50_page_0.jpg,LPAE_16895_hr,digital_data_opacity_06/img_50_page_0.jpg,50,0,1,4,3,0,3x4
img_51_page_0.jpg,LPAE_05359_hr,digital_data_opacity_06/img_51_page_0.jpg,51,0,1,4,3,0,3x4
img_52_page_0.jpg,LPAE_10554_hr,digital_data_opacity_06/img_52_page_0.jpg,52,0,1,2,6,1,6x2+1R
img_53_page_0.jpg,LPAE_10598_hr,digital_data_opacity_06/img_53_page_0.jpg,53,0,1,2,6,0,6x2
img_54_page_0.jpg,LPAE_17269_hr,digital_data_opacity_06/img_54_page_0.jpg,54,0,2,2,3,0,3x4
img_54_page_1.jpg,LPAE_17269_hr,digital_data_opacity_06/img_54_page_1.jpg,54,1,2,2,3,0,3x4
img_55_page_0.jpg,LPAE_10518_hr,digital_data_opacity_06/img_55_page_0.jpg,55,0,1,2,6,0,6x2
img_56_page_0.jpg,LPAE_10564_hr,digital_data_opacity_06/img_56_page_0.jpg,56,0,1,2,6,0,6x2
img_57_page_0.jpg,LPAE_06282_hr,digital_data_opacity_06/img_57_page_0.jpg,57,0,1,1,12,0,12x1
img_58_page_0.jpg,LPAE_10943_hr,digital_data_opacity_06/img_58_page_0.jpg,58,0,1,4,3,0,3x4
img_59_page_0.jpg,LPAE_18073_hr,digital_data_opacity_06/img_59_page_0.jpg,59,0,1,2,6,0,6x2
img_60_page_0.jpg,LPAE_11397_hr,digital_data_opacity_06/img_60_page_0.jpg,60,0,1,2,6,0,6x2
img_61_page_0.jpg,LPAE_05944_hr,digital_data_opacity_06/img_61_page_0.jpg,61,0,1,2,6,1,6x2+1R
img_62_page_0.jpg,LPAE_04733_hr,digital_data_opacity_06/img_62_page_0.jpg,62,0,1,4,3,1,3x4+1R
img_63_page_0.jpg,LPAE_10986_hr,digital_data_opacity_06/img_63_page_0.jpg,63,0,1,4,3,0,3x4
img_64_page_0.jpg,LPAE_18227_hr,digital_data_opacity_06/img_64_page_0.jpg,64,0,1,2,6,0,6x2
img_65_page_0.jpg,LPAE_18552_hr,digital_data_opacity_06/img_65_page_0.jpg,65,0,1,2,6,0,6x2
img_66_page_0.jpg,LPAE_11498_hr,digital_data_opacity_06/img_66_page_0.jpg,66,0,1,4,3,1,3x4+1R
img_67_page_0.jpg,LPAE_01805_hr,digital_data_opacity_06/img_67_page_0.jpg,67,0,1,4,3,0,3x4
img_68_page_0.jpg,LPAE_18945_hr,digital_data_opacity_06/img_68_page_0.jpg,68,0,1,4,3,1,3x4+1R
img_69_page_0.jpg,LPAE_12186_hr,digital_data_opacity_06/img_69_page_0.jpg,69,0,1,4,3,0,3x4
img_70_page_0.jpg,LPAE_04794_hr,digital_data_opacity_06/img_70_page_0.jpg,70,0,1,1,12,0,12x1
img_71_page_0.jpg,LPAE_12190_hr,digital_data_opacity_06/img_71_page_0.jpg,71,0,1,4,3,1,3x4+1R
img_72_page_0.jpg,LPAE_12432_hr,digital_data_opacity_06/img_72_page_0.jpg,72,0,1,4,3,1,3x4+1R
img_73_page_0.jpg,LPAE_19036_hr,digital_data_opacity_06/img_73_page_0.jpg,73,0,1,2,6,0,6x2
img_74_page_0.jpg,LPAE_12629_hr,digital_data_opacity_06/img_74_page_0.jpg,74,0,1,4,3,1,3x4+1R
img_75_page_0.jpg,LPAE_02444_hr,digital_data_opacity_06/img_75_page_0.jpg,75,0,2,1,6,0,6x2
img_75_page_1.jpg,LPAE_02444_hr,digital_data_opacity_06/img_75_page_1.jpg,75,1,2,1,6,0,6x2
img_76_page_0.jpg,LPAE_17345_hr,digital_data_opacity_06/img_76_page_0.jpg,76,0,1,2,6,0,6x2
img_77_page_0.jpg,LPAE_06303_hr,digital_data_opacity_06/img_77_page_0.jpg,77,0,1,4,3,0,3x4
img_78_page_0.jpg,LPAE_13851_hr,digital_data_opacity_06/img_78_page_0.jpg,78,0,1,2,6,0,6x2
img_79_page_0.jpg,LPAE_13962_hr,digital_data_opacity_06/img_79_page_0.jpg,79,0,1,2,6,0,6x2
img_80_page_0.jpg,LPAE_19394_hr,digital_data_opacity_06/img_80_page_0.jpg,80,0,1,4,3,1,3x4+1R
img_81_page_0.jpg,LPAE_00232_hr,digital_data_opacity_06/img_81_page_0.jpg,81,0,1,4,3,1,3x4+1R
img_82_page_0.jpg,LPAE_19269_hr,digital_data_opacity_06/img_82_page_0.jpg,82,0,1,4,3,1,3x4+1R
img_83_page_0.jpg,LPAE_20117_hr,digital_data_opacity_06/img_83_page_0.jpg,83,0,1,4,3,3,3x4+3R
img_84_page_0.jpg,LPAE_19164_hr,digital_data_opacity_06/img_84_page_0.jpg,84,0,1,4,3,1,3x4+1R
img_85_page_0.jpg,LPAE_19686_hr,digital_data_opacity_06/img_85_page_0.jpg,85,0,1,4,3,1,3x4+1R
img_86_page_0.jpg,LPAE_19968_hr,digital_data_opacity_06/img_86_page_0.jpg,86,0,1,2,6,0,6x2
img_87_page_0.jpg,LPAE_19288_hr,digital_data_opacity_06/img_87_page_0.jpg,87,0,1,2,6,0,6x2
img_88_page_0.jpg,LPAE_14304_hr,digital_data_opacity_06/img_88_page_0.jpg,88,0,4,1,3,0,3x4
img_88_page_1.jpg,LPAE_14304_hr,digital_data_opacity_06/img_88_page_1.jpg,88,1,4,1,3,0,3x4
img_88_page_2.jpg,LPAE_14304_hr,digital_data_opacity_06/img_88_page_2.jpg,88,2,4,1,3,0,3x4
img_88_page_3.jpg,LPAE_14304_hr,digital_data_opacity_06/img_88_page_3.jpg,88,3,4,1,3,0,3x4
img_89_page_0.jpg,LPAE_19309_hr,digital_data_opacity_06/img_89_page_0.jpg,89,0,2,2,3,0,3x4
img_89_page_1.jpg,LPAE_19309_hr,digital_data_opacity_06/img_89_page_1.jpg,89,1,2,2,3,0,3x4
img_90_page_0.jpg,LPAE_14641_hr,digital_data_opacity_06/img_90_page_0.jpg,90,0,1,2,6,0,6x2
img_91_page_0.jpg,LPAE_15477_hr,digital_data_opacity_06/img_91_page_0.jpg,91,0,1,4,3,1,3x4+1R
img_92_page_0.jpg,LPAE_14680_hr,digital_data_opacity_06/img_92_page_0.jpg,92,0,1,4,3,1,3x4+1R
img_93_page_0.jpg,LPAE_15368_hr,digital_data_opacity_06/img_93_page_0.jpg,93,0,1,2,6,1,6x2+1R
img_94_page_0.jpg,LPAE_19138_hr,digital_data_opacity_06/img_94_page_0.jpg,94,0,1,1,12,0,12x1
img_95_page_0.jpg,LPAE_15529_hr,digital_data_opacity_06/img_95_page_0.jpg,95,0,1,2,6,0,6x2
img_96_page_0.jpg,LPAE_15607_hr,digital_data_opacity_06/img_96_page_0.jpg,96,0,4,1,3,0,3x4
img_96_page_1.jpg,LPAE_15607_hr,digital_data_opacity_06/img_96_page_1.jpg,96,1,4,1,3,0,3x4
img_96_page_2.jpg,LPAE_15607_hr,digital_data_opacity_06/img_96_page_2.jpg,96,2,4,1,3,0,3x4
img_96_page_3.jpg,LPAE_15607_hr,digital_data_opacity_06/img_96_page_3.jpg,96,3,4,1,3,0,3x4
img_97_page_0.jpg,LPAE_19202_hr,digital_data_opacity_06/img_97_page_0.jpg,97,0,1,1,12,0,12x1
img_98_page_0.jpg,LPAE_16212_hr,digital_data_opacity_06/img_98_page_0.jpg,98,0,1,4,3,3,3x4+3R
img_99_page_0.jpg,LPAE_19326_hr,digital_data_opacity_06/img_99_page_0.jpg,99,0,1,2,6,0,6x2
img_100_page_0.jpg,LPAE_20139_hr,digital_data_opacity_06/img_100_page_0.jpg,100,0,1,4,3,3,3x4+3R
img_1_page_0.jpg,LPAE_11666_hr,digital_data_opacity_1/img_1_page_0.jpg,1,0,2,1,6,0,6x2
img_1_page_1.jpg,LPAE_11666_hr,digital_data_opacity_1/img_1_page_1.jpg,1,1,2,1,6,0,6x2
img_2_page_0.jpg,LPAE_11209_hr,digital_data_opacity_1/img_2_page_0.jpg,2,0,1,1,12,0,12x1
img_3_page_0.jpg,LPAE_14009_hr,digital_data_opacity_1/img_3_page_0.jpg,3,0,1,1,12,0,12x1
img_4_page_0.jpg,LPAE_20999_hr,digital_data_opacity_1/img_4_page_0.jpg,4,0,1,4,3,1,3x4+1R
img_5_page_0.jpg,LPAE_21515_hr,digital_data_opacity_1/img_5_page_0.jpg,5,0,1,2,6,0,6x2
img_6_page_0.jpg,LPAE_02926_hr,digital_data_opacity_1/img_6_page_0.jpg,6,0,1,1,12,0,12x1
img_7_page_0.jpg,LPAE_21541_hr,digital_data_opacity_1/img_7_page_0.jpg,7,0,1,2,6,0,6x2
img_8_page_0.jpg,LPAE_05432_hr,digital_data_opacity_1/img_8_page_0.jpg,8,0,1,4,3,3,3x4+3R
img_9_page_0.jpg,LPAE_20159_hr,digital_data_opacity_1/img_9_page_0.jpg,9,0,1,2,6,0,6x2
img_10_page_0.jpg,LPAE_04827_hr,digital_data_opacity_1/img_10_page_0.jpg,10,0,1,4,3,1,3x4+1R
img_11_page_0.jpg,LPAE_06229_hr,digital_data_opacity_1/img_11_page_0.jpg,11,0,1,2,6,0,6x2
img_12_page_0.jpg,LPAE_10505_hr,digital_data_opacity_1/img_12_page_0.jpg,12,0,1,4,3,3,3x4+3R
img_13_page_0.jpg,LPAE_10300_hr,digital_data_opacity_1/img_13_page_0.jpg,13,0,1,2,6,0,6x2
img_14_page_0.jpg,LPAE_17226_hr,digital_data_opacity_1/img_14_page_0.jpg,14,0,1,4,3,1,3x4+1R
img_15_page_0.jpg,LPAE_05742_hr,digital_data_opacity_1/img_15_page_0.jpg,15,0,1,4,3,1,3x4+1R
img_16_page_0.jpg,LPAE_19550_hr,digital_data_opacity_1/img_16_page_0.jpg,16,0,1,4,3,1,3x4+1R
img_17_page_0.jpg,LPAE_06918_hr,digital_data_opacity_1/img_17_page_0.jpg,17,0,1,4,3,1,3x4+1R
img_18_page_0.jpg,LPAE_12879_hr,digital_data_opacity_1/img_18_page_0.jpg,18,0,1,1,12,0,12x1
img_19_page_0.jpg,LPAE_20790_hr,digital_data_opacity_1/img_19_page_0.jpg,19,0,1,2,6,1,6x2+1R
img_20_page_0.jpg,LPAE_20947_hr,digital_data_opacity_1/img_20_page_0.jpg,20,0,1,4,3,0,3x4
img_21_page_0.jpg,LPAE_20515_hr,digital_data_opacity_1/img_21_page_0.jpg,21,0,1,2,6,0,6x2
img_22_page_0.jpg,LPAE_06846_hr,digital_data_opacity_1/img_22_page_0.jpg,22,0,1,4,3,1,3x4+1R
img_23_page_0.jpg,LPAE_04957_hr,digital_data_opacity_1/img_23_page_0.jpg,23,0,1,2,6,0,6x2
img_24_page_0.jpg,LPAE_14819_hr,digital_data_opacity_1/img_24_page_0.jpg,24,0,1,4,3,0,3x4
img_25_page_0.jpg,LPAE_05441_hr,digital_data_opacity_1/img_25_page_0.jpg,25,0,1,1,12,0,12x1
img_26_page_0.jpg,LPAE_20971_hr,digital_data_opacity_1/img_26_page_0.jpg,26,0,1,4,3,1,3x4+1R
img_27_page_0.jpg,LPAE_20680_hr,digital_data_opacity_1/img_27_page_0.jpg,27,0,1,4,3,0,3x4
img_28_page_0.jpg,LPAE_07250_hr,digital_data_opacity_1/img_28_page_0.jpg,28,0,1,4,3,1,3x4+1R
img_29_page_0.jpg,LPAE_20748_hr,digital_data_opacity_1/img_29_page_0.jpg,29,0,1,4,3,1,3x4+1R
img_30_page_0.jpg,LPAE_06938_hr,digital_data_opacity_1/img_30_page_0.jpg,30,0,1,2,6,1,6x2+1R
img_31_page_0.jpg,LPAE_20367_hr,digital_data_opacity_1/img_31_page_0.jpg,31,0,1,4,3,1,3x4+1R
img_32_page_0.jpg,LPAE_07285_hr,digital_data_opacity_1/img_32_page_0.jpg,32,0,1,4,3,0,3x4
img_33_page_0.jpg,LPAE_07299_hr,digital_data_opacity_1/img_33_page_0.jpg,33,0,1,2,6,0,6x2
img_34_page_0.jpg,LPAE_21629_hr,digital_data_opacity_1/img_34_page_0.jpg,34,0,1,2,6,0,6x2
img_35_page_0.jpg,LPAE_07596_hr,digital_data_opacity_1/img_35_page_0.jpg,35,0,1,2,6,0,6x2
img_36_page_0.jpg,LPAE_10555_hr,digital_data_opacity_1/img_36_page_0.jpg,36,0,1,4,3,0,3x4
img_37_page_0.jpg,LPAE_21468_hr,digital_data_opacity_1/img_37_page_0.jpg,37,0,1,4,3,1,3x4+1R
img_38_page_0.jpg,LPAE_08885_hr,digital_data_opacity_1/img_38_page_0.jpg,38,0,1,4,3,3,3x4+3R
img_39_page_0.jpg,LPAE_09331_hr,digital_data_opacity_1/img_39_page_0.jpg,39,0,1,2,6,0,6x2
img_40_page_0.jpg,LPAE_09275_hr,digital_data_opacity_1/img_40_page_0.jpg,40,0,1,4,3,1,3x4+1R
img_41_page_0.jpg,LPAE_20243_hr,digital_data_opacity_1/img_41_page_0.jpg,41,0,1,2,6,0,6x2
img_42_page_0.jpg,LPAE_09545_hr,digital_data_opacity_1/img_42_page_0.jpg,42,0,1,4,3,1,3x4+1R
img_43_page_0.jpg,LPAE_09754_hr,digital_data_opacity_1/img_43_page_0.jpg,43,0,1,4,3,1,3x4+1R
img_44_page_0.jpg,LPAE_17637_hr,digital_data_opacity_1/img_44_page_0.jpg,44,0,1,4,3,0,3x4
img_45_page_0.jpg,LPAE_17118_hr,digital_data_opacity_1/img_45_page_0.jpg,45,0,1,2,6,0,6x2
img_46_page_0.jpg,LPAE_10306_hr,digital_data_opacity_1/img_46_page_0.jpg,46,0,1,4,3,1,3x4+1R
img_47_page_0.jpg,LPAE_10266_hr,digital_data_opacity_1/img_47_page_0.jpg,47,0,1,4,3,3,3x4+3R
img_48_page_0.jpg,LPAE_08007_hr,digital_data_opacity_1/img_48_page_0.jpg,48,0,1,2,6,0,6x2
img_49_page_0.jpg,LPAE_08962_hr,digital_data_opacity_1/img_49_page_0.jpg,49,0,1,2,6,0,6x2
img_50_page_0.jpg,LPAE_16895_hr,digital_data_opacity_1/img_50_page_0.jpg,50,0,1,4,3,0,3x4
img_51_page_0.jpg,LPAE_05359_hr,digital_data_opacity_1/img_51_page_0.jpg,51,0,1,4,3,0,3x4
img_52_page_0.jpg,LPAE_10554_hr,digital_data_opacity_1/img_52_page_0.jpg,52,0,1,2,6,1,6x2+1R
img_53_page_0.jpg,LPAE_10598_hr,digital_data_opacity_1/img_53_page_0.jpg,53,0,1,2,6,0,6x2
img_54_page_0.jpg,LPAE_17269_hr,digital_data_opacity_1/img_54_page_0.jpg,54,0,2,2,3,0,3x4
img_54_page_1.jpg,LPAE_17269_hr,digital_data_opacity_1/img_54_page_1.jpg,54,1,2,2,3,0,3x4
img_55_page_0.jpg,LPAE_10518_hr,digital_data_opacity_1/img_55_page_0.jpg,55,0,1,2,6,0,6x2
img_56_page_0.jpg,LPAE_10564_hr,digital_data_opacity_1/img_56_page_0.jpg,56,0,1,2,6,0,6x2
img_57_page_0.jpg,LPAE_06282_hr,digital_data_opacity_1/img_57_page_0.jpg,57,0,1,1,12,0,12x1
img_58_page_0.jpg,LPAE_10943_hr,digital_data_opacity_1/img_58_page_0.jpg,58,0,1,4,3,0,3x4
img_59_page_0.jpg,LPAE_18073_hr,digital_data_opacity_1/img_59_page_0.jpg,59,0,1,2,6,0,6x2
img_60_page_0.jpg,LPAE_11397_hr,digital_data_opacity_1/img_60_page_0.jpg,60,0,1,2,6,0,6x2
img_61_page_0.jpg,LPAE_05944_hr,digital_data_opacity_1/img_61_page_0.jpg,61,0,1,2,6,1,6x2+1R
img_62_page_0.jpg,LPAE_04733_hr,digital_data_opacity_1/img_62_page_0.jpg,62,0,1,4,3,1,3x4+1R
img_63_page_0.jpg,LPAE_10986_hr,digital_data_opacity_1/img_63_page_0.jpg,63,0,1,4,3,0,3x4
img_64_page_0.jpg,LPAE_18227_hr,digital_data_opacity_1/img_64_page_0.jpg,64,0,1,2,6,0,6x2
img_65_page_0.jpg,LPAE_18552_hr,digital_data_opacity_1/img_65_page_0.jpg,65,0,1,2,6,0,6x2
img_66_page_0.jpg,LPAE_11498_hr,digital_data_opacity_1/img_66_page_0.jpg,66,0,1,4,3,1,3x4+1R
img_67_page_0.jpg,LPAE_01805_hr,digital_data_opacity_1/img_67_page_0.jpg,67,0,1,4,3,0,3x4
img_68_page_0.jpg,LPAE_18945_hr,digital_data_opacity_1/img_68_page_0.jpg,68,0,1,4,3,1,3x4+1R
img_69_page_0.jpg,LPAE_12186_hr,digital_data_opacity_1/img_69_page_0.jpg,69,0,1,4,3,0,3x4
img_70_page_0.jpg,LPAE_04794_hr,digital_data_opacity_1/img_70_page_0.jpg,70,0,1,1,12,0,12x1
img_71_page_0.jpg,LPAE_12190_hr,digital_data_opacity_1/img_71_page_0.jpg,71,0,1,4,3,1,3x4+1R
img_72_page_0.jpg,LPAE_12432_hr,digital_data_opacity_1/img_72_page_0.jpg,72,0,1,4,3,1,3x4+1R
img_73_page_0.jpg,LPAE_19036_hr,digital_data_opacity_1/img_73_page_0.jpg,73,0,1,2,6,0,6x2
img_74_page_0.jpg,LPAE_12629_hr,digital_data_opacity_1/img_74_page_0.jpg,74,0,1,4,3,1,3x4+1R
img_75_page_0.jpg,LPAE_02444_hr,digital_data_opacity_1/img_75_page_0.jpg,75,0,2,1,6,0,6x2
img_75_page_1.jpg,LPAE_02444_hr,digital_data_opacity_1/img_75_page_1.jpg,75,1,2,1,6,0,6x2
img_76_page_0.jpg,LPAE_17345_hr,digital_data_opacity_1/img_76_page_0.jpg,76,0,1,2,6,0,6x2
img_77_page_0.jpg,LPAE_06303_hr,digital_data_opacity_1/img_77_page_0.jpg,77,0,1,4,3,0,3x4
img_78_page_0.jpg,LPAE_13851_hr,digital_data_opacity_1/img_78_page_0.jpg,78,0,1,2,6,0,6x2
img_79_page_0.jpg,LPAE_13962_hr,digital_data_opacity_1/img_79_page_0.jpg,79,0,1,2,6,0,6x2
img_80_page_0.jpg,LPAE_19394_hr,digital_data_opacity_1/img_80_page_0.jpg,80,0,1,4,3,1,3x4+1R
img_81_page_0.jpg,LPAE_00232_hr,digital_data_opacity_1/img_81_page_0.jpg,81,0,1,4,3,1,3x4+1R
img_82_page_0.jpg,LPAE_19269_hr,digital_data_opacity_1/img_82_page_0.jpg,82,0,1,4,3,1,3x4+1R
img_83_page_0.jpg,LPAE_20117_hr,digital_data_opacity_1/img_83_page_0.jpg,83,0,1,4,3,3,3x4+3R
img_84_page_0.jpg,LPAE_19164_hr,digital_data_opacity_1/img_84_page_0.jpg,84,0,1,4,3,1,3x4+1R
img_85_page_0.jpg,LPAE_19686_hr,digital_data_opacity_1/img_85_page_0.jpg,85,0,1,4,3,1,3x4+1R
img_86_page_0.jpg,LPAE_19968_hr,digital_data_opacity_1/img_86_page_0.jpg,86,0,1,2,6,0,6x2
img_87_page_0.jpg,LPAE_19288_hr,digital_data_opacity_1/img_87_page_0.jpg,87,0,1,2,6,0,6x2
img_88_page_0.jpg,LPAE_14304_hr,digital_data_opacity_1/img_88_page_0.jpg,88,0,4,1,3,0,3x4
img_88_page_1.jpg,LPAE_14304_hr,digital_data_opacity_1/img_88_page_1.jpg,88,1,4,1,3,0,3x4
img_88_page_2.jpg,LPAE_14304_hr,digital_data_opacity_1/img_88_page_2.jpg,88,2,4,1,3,0,3x4
img_88_page_3.jpg,LPAE_14304_hr,digital_data_opacity_1/img_88_page_3.jpg,88,3,4,1,3,0,3x4
img_89_page_0.jpg,LPAE_19309_hr,digital_data_opacity_1/img_89_page_0.jpg,89,0,2,2,3,0,3x4
img_89_page_1.jpg,LPAE_19309_hr,digital_data_opacity_1/img_89_page_1.jpg,89,1,2,2,3,0,3x4
img_90_page_0.jpg,LPAE_14641_hr,digital_data_opacity_1/img_90_page_0.jpg,90,0,1,2,6,0,6x2
img_91_page_0.jpg,LPAE_15477_hr,digital_data_opacity_1/img_91_page_0.jpg,91,0,1,4,3,1,3x4+1R
img_92_page_0.jpg,LPAE_14680_hr,digital_data_opacity_1/img_92_page_0.jpg,92,0,1,4,3,1,3x4+1R
img_93_page_0.jpg,LPAE_15368_hr,digital_data_opacity_1/img_93_page_0.jpg,93,0,1,2,6,1,6x2+1R
img_94_page_0.jpg,LPAE_19138_hr,digital_data_opacity_1/img_94_page_0.jpg,94,0,1,1,12,0,12x1
img_95_page_0.jpg,LPAE_15529_hr,digital_data_opacity_1/img_95_page_0.jpg,95,0,1,2,6,0,6x2
img_96_page_0.jpg,LPAE_15607_hr,digital_data_opacity_1/img_96_page_0.jpg,96,0,4,1,3,0,3x4
img_96_page_1.jpg,LPAE_15607_hr,digital_data_opacity_1/img_96_page_1.jpg,96,1,4,1,3,0,3x4
img_96_page_2.jpg,LPAE_15607_hr,digital_data_opacity_1/img_96_page_2.jpg,96,2,4,1,3,0,3x4
img_96_page_3.jpg,LPAE_15607_hr,digital_data_opacity_1/img_96_page_3.jpg,96,3,4,1,3,0,3x4
img_97_page_0.jpg,LPAE_19202_hr,digital_data_opacity_1/img_97_page_0.jpg,97,0,1,1,12,0,12x1
img_98_page_0.jpg,LPAE_16212_hr,digital_data_opacity_1/img_98_page_0.jpg,98,0,1,4,3,3,3x4+3R
img_99_page_0.jpg,LPAE_19326_hr,digital_data_opacity_1/img_99_page_0.jpg,99,0,1,2,6,0,6x2
img_100_page_0.jpg,LPAE_20139_hr,digital_data_opacity_1/img_100_page_0.jpg,100,0,1,4,3,3,3x4+3R
img_1_page_0.jpeg,LPAE_11666_hr,photos_bents/img_1_page_0.jpeg,1,0,2,1,6,0,6x2
img_1_page_1.jpeg,LPAE_11666_hr,photos_bents/img_1_page_1.jpeg,1,1,2,1,6,0,6x2
img_2_page_0.jpeg,LPAE_11209_hr,photos_bents/img_2_page_0.jpeg,2,0,1,1,12,0,12x1
img_3_page_0.jpeg,LPAE_14009_hr,photos_bents/img_3_page_0.jpeg,3,0,1,1,12,0,12x1
img_4_page_0.jpeg,LPAE_20999_hr,photos_bents/img_4_page_0.jpeg,4,0,1,4,3,1,3x4+1R
img_5_page_0.jpeg,LPAE_21515_hr,photos_bents/img_5_page_0.jpeg,5,0,1,2,6,0,6x2
img_6_page_0.jpeg,LPAE_02926_hr,photos_bents/img_6_page_0.jpeg,6,0,1,1,12,0,12x1
img_7_page_0.jpeg,LPAE_21541_hr,photos_bents/img_7_page_0.jpeg,7,0,1,2,6,0,6x2
img_8_page_0.jpeg,LPAE_05432_hr,photos_bents/img_8_page_0.jpeg,8,0,1,4,3,3,3x4+3R
img_9_page_0.jpeg,LPAE_20159_hr,photos_bents/img_9_page_0.jpeg,9,0,1,2,6,0,6x2
img_10_page_0.jpeg,LPAE_04827_hr,photos_bents/img_10_page_0.jpeg,10,0,1,4,3,1,3x4+1R
img_11_page_0.jpeg,LPAE_06229_hr,photos_bents/img_11_page_0.jpeg,11,0,1,2,6,0,6x2
img_12_page_0.jpeg,LPAE_10505_hr,photos_bents/img_12_page_0.jpeg,12,0,1,4,3,3,3x4+3R
img_13_page_0.jpeg,LPAE_10300_hr,photos_bents/img_13_page_0.jpeg,13,0,1,2,6,0,6x2
img_14_page_0.jpeg,LPAE_17226_hr,photos_bents/img_14_page_0.jpeg,14,0,1,4,3,1,3x4+1R
img_15_page_0.jpeg,LPAE_05742_hr,photos_bents/img_15_page_0.jpeg,15,0,1,4,3,1,3x4+1R
img_16_page_0.jpeg,LPAE_19550_hr,photos_bents/img_16_page_0.jpeg,16,0,1,4,3,1,3x4+1R
img_17_page_0.jpeg,LPAE_06918_hr,photos_bents/img_17_page_0.jpeg,17,0,1,4,3,1,3x4+1R
img_18_page_0.jpeg,LPAE_12879_hr,photos_bents/img_18_page_0.jpeg,18,0,1,1,12,0,12x1
img_19_page_0.jpeg,LPAE_20790_hr,photos_bents/img_19_page_0.jpeg,19,0,1,2,6,1,6x2+1R
img_20_page_0.jpeg,LPAE_20947_hr,photos_bents/img_20_page_0.jpeg,20,0,1,4,3,0,3x4
img_21_page_0.jpeg,LPAE_20515_hr,photos_bents/img_21_page_0.jpeg,21,0,1,2,6,0,6x2
img_22_page_0.jpeg,LPAE_06846_hr,photos_bents/img_22_page_0.jpeg,22,0,1,4,3,1,3x4+1R
img_23_page_0.jpeg,LPAE_04957_hr,photos_bents/img_23_page_0.jpeg,23,0,1,2,6,0,6x2
img_24_page_0.jpeg,LPAE_14819_hr,photos_bents/img_24_page_0.jpeg,24,0,1,4,3,0,3x4
img_25_page_0.jpeg,LPAE_05441_hr,photos_bents/img_25_page_0.jpeg,25,0,1,1,12,0,12x1
img_26_page_0.jpeg,LPAE_20971_hr,photos_bents/img_26_page_0.jpeg,26,0,1,4,3,1,3x4+1R
img_27_page_0.jpeg,LPAE_20680_hr,photos_bents/img_27_page_0.jpeg,27,0,1,4,3,0,3x4
img_28_page_0.jpeg,LPAE_07250_hr,photos_bents/img_28_page_0.jpeg,28,0,1,4,3,1,3x4+1R
img_29_page_0.jpeg,LPAE_20748_hr,photos_bents/img_29_page_0.jpeg,29,0,1,4,3,1,3x4+1R
img_30_page_0.jpeg,LPAE_06938_hr,photos_bents/img_30_page_0.jpeg,30,0,1,2,6,1,6x2+1R
img_31_page_0.jpeg,LPAE_20367_hr,photos_bents/img_31_page_0.jpeg,31,0,1,4,3,1,3x4+1R
img_32_page_0.jpeg,LPAE_07285_hr,photos_bents/img_32_page_0.jpeg,32,0,1,4,3,0,3x4
img_33_page_0.jpeg,LPAE_07299_hr,photos_bents/img_33_page_0.jpeg,33,0,1,2,6,0,6x2
img_34_page_0.jpeg,LPAE_21629_hr,photos_bents/img_34_page_0.jpeg,34,0,1,2,6,0,6x2
img_35_page_0.jpeg,LPAE_07596_hr,photos_bents/img_35_page_0.jpeg,35,0,1,2,6,0,6x2
img_36_page_0.jpeg,LPAE_10555_hr,photos_bents/img_36_page_0.jpeg,36,0,1,4,3,0,3x4
img_37_page_0.jpeg,LPAE_21468_hr,photos_bents/img_37_page_0.jpeg,37,0,1,4,3,1,3x4+1R
img_38_page_0.jpeg,LPAE_08885_hr,photos_bents/img_38_page_0.jpeg,38,0,1,4,3,3,3x4+3R
img_39_page_0.jpeg,LPAE_09331_hr,photos_bents/img_39_page_0.jpeg,39,0,1,2,6,0,6x2
img_40_page_0.jpeg,LPAE_09275_hr,photos_bents/img_40_page_0.jpeg,40,0,1,4,3,1,3x4+1R
img_41_page_0.jpeg,LPAE_20243_hr,photos_bents/img_41_page_0.jpeg,41,0,1,2,6,0,6x2
img_42_page_0.jpeg,LPAE_09545_hr,photos_bents/img_42_page_0.jpeg,42,0,1,4,3,1,3x4+1R
img_43_page_0.jpeg,LPAE_09754_hr,photos_bents/img_43_page_0.jpeg,43,0,1,4,3,1,3x4+1R
img_44_page_0.jpeg,LPAE_17637_hr,photos_bents/img_44_page_0.jpeg,44,0,1,4,3,0,3x4
img_45_page_0.jpeg,LPAE_17118_hr,photos_bents/img_45_page_0.jpeg,45,0,1,2,6,0,6x2
img_46_page_0.jpeg,LPAE_10306_hr,photos_bents/img_46_page_0.jpeg,46,0,1,4,3,1,3x4+1R
img_47_page_0.jpeg,LPAE_10266_hr,photos_bents/img_47_page_0.jpeg,47,0,1,4,3,3,3x4+3R
img_48_page_0.jpeg,LPAE_08007_hr,photos_bents/img_48_page_0.jpeg,48,0,1,2,6,0,6x2
img_49_page_0.jpeg,LPAE_08962_hr,photos_bents/img_49_page_0.jpeg,49,0,1,2,6,0,6x2
img_50_page_0.jpeg,LPAE_16895_hr,photos_bents/img_50_page_0.jpeg,50,0,1,4,3,0,3x4
img_51_page_0.jpeg,LPAE_05359_hr,photos_bents/img_51_page_0.jpeg,51,0,1,4,3,0,3x4
img_52_page_0.jpeg,LPAE_10554_hr,photos_bents/img_52_page_0.jpeg,52,0,1,2,6,1,6x2+1R
img_53_page_0.jpeg,LPAE_10598_hr,photos_bents/img_53_page_0.jpeg,53,0,1,2,6,0,6x2
img_54_page_0.jpeg,LPAE_17269_hr,photos_bents/img_54_page_0.jpeg,54,0,2,2,3,0,3x4
img_54_page_1.jpeg,LPAE_17269_hr,photos_bents/img_54_page_1.jpeg,54,1,2,2,3,0,3x4
img_55_page_0.jpeg,LPAE_10518_hr,photos_bents/img_55_page_0.jpeg,55,0,1,2,6,0,6x2
img_56_page_0.jpeg,LPAE_10564_hr,photos_bents/img_56_page_0.jpeg,56,0,1,2,6,0,6x2
img_57_page_0.jpeg,LPAE_06282_hr,photos_bents/img_57_page_0.jpeg,57,0,1,1,12,0,12x1
img_58_page_0.jpeg,LPAE_10943_hr,photos_bents/img_58_page_0.jpeg,58,0,1,4,3,0,3x4
img_59_page_0.jpeg,LPAE_18073_hr,photos_bents/img_59_page_0.jpeg,59,0,1,2,6,0,6x2
img_60_page_0.jpeg,LPAE_11397_hr,photos_bents/img_60_page_0.jpeg,60,0,1,2,6,0,6x2
img_61_page_0.jpeg,LPAE_05944_hr,photos_bents/img_61_page_0.jpeg,61,0,1,2,6,1,6x2+1R
img_62_page_0.jpeg,LPAE_04733_hr,photos_bents/img_62_page_0.jpeg,62,0,1,4,3,1,3x4+1R
img_63_page_0.jpeg,LPAE_10986_hr,photos_bents/img_63_page_0.jpeg,63,0,1,4,3,0,3x4
img_64_page_0.jpeg,LPAE_18227_hr,photos_bents/img_64_page_0.jpeg,64,0,1,2,6,0,6x2
img_65_page_0.jpeg,LPAE_18552_hr,photos_bents/img_65_page_0.jpeg,65,0,1,2,6,0,6x2
img_66_page_0.jpeg,LPAE_11498_hr,photos_bents/img_66_page_0.jpeg,66,0,1,4,3,1,3x4+1R
img_67_page_0.jpeg,LPAE_01805_hr,photos_bents/img_67_page_0.jpeg,67,0,1,4,3,0,3x4
img_68_page_0.jpeg,LPAE_18945_hr,photos_bents/img_68_page_0.jpeg,68,0,1,4,3,1,3x4+1R
img_69_page_0.jpeg,LPAE_12186_hr,photos_bents/img_69_page_0.jpeg,69,0,1,4,3,0,3x4
img_70_page_0.jpeg,LPAE_04794_hr,photos_bents/img_70_page_0.jpeg,70,0,1,1,12,0,12x1
img_71_page_0.jpeg,LPAE_12190_hr,photos_bents/img_71_page_0.jpeg,71,0,1,4,3,1,3x4+1R
img_72_page_0.jpeg,LPAE_12432_hr,photos_bents/img_72_page_0.jpeg,72,0,1,4,3,1,3x4+1R
img_73_page_0.jpeg,LPAE_19036_hr,photos_bents/img_73_page_0.jpeg,73,0,1,2,6,0,6x2
img_74_page_0.jpeg,LPAE_12629_hr,photos_bents/img_74_page_0.jpeg,74,0,1,4,3,1,3x4+1R
img_75_page_0.jpeg,LPAE_02444_hr,photos_bents/img_75_page_0.jpeg,75,0,2,1,6,0,6x2
img_75_page_1.jpeg,LPAE_02444_hr,photos_bents/img_75_page_1.jpeg,75,1,2,1,6,0,6x2
img_76_page_0.jpeg,LPAE_17345_hr,photos_bents/img_76_page_0.jpeg,76,0,1,2,6,0,6x2
img_77_page_0.jpeg,LPAE_06303_hr,photos_bents/img_77_page_0.jpeg,77,0,1,4,3,0,3x4
img_78_page_0.jpeg,LPAE_13851_hr,photos_bents/img_78_page_0.jpeg,78,0,1,2,6,0,6x2
img_79_page_0.jpeg,LPAE_13962_hr,photos_bents/img_79_page_0.jpeg,79,0,1,2,6,0,6x2
img_80_page_0.jpeg,LPAE_19394_hr,photos_bents/img_80_page_0.jpeg,80,0,1,4,3,1,3x4+1R
img_81_page_0.jpeg,LPAE_00232_hr,photos_bents/img_81_page_0.jpeg,81,0,1,4,3,1,3x4+1R
img_82_page_0.jpeg,LPAE_19269_hr,photos_bents/img_82_page_0.jpeg,82,0,1,4,3,1,3x4+1R
img_83_page_0.jpeg,LPAE_20117_hr,photos_bents/img_83_page_0.jpeg,83,0,1,4,3,3,3x4+3R
img_84_page_0.jpeg,LPAE_19164_hr,photos_bents/img_84_page_0.jpeg,84,0,1,4,3,1,3x4+1R
img_85_page_0.jpeg,LPAE_19686_hr,photos_bents/img_85_page_0.jpeg,85,0,1,4,3,1,3x4+1R
img_86_page_0.jpeg,LPAE_19968_hr,photos_bents/img_86_page_0.jpeg,86,0,1,2,6,0,6x2
img_87_page_0.jpeg,LPAE_19288_hr,photos_bents/img_87_page_0.jpeg,87,0,1,2,6,0,6x2
img_88_page_0.jpeg,LPAE_14304_hr,photos_bents/img_88_page_0.jpeg,88,0,4,1,3,0,3x4
img_88_page_1.jpeg,LPAE_14304_hr,photos_bents/img_88_page_1.jpeg,88,1,4,1,3,0,3x4
img_88_page_2.jpeg,LPAE_14304_hr,photos_bents/img_88_page_2.jpeg,88,2,4,1,3,0,3x4
img_88_page_3.jpeg,LPAE_14304_hr,photos_bents/img_88_page_3.jpeg,88,3,4,1,3,0,3x4
img_89_page_0.jpeg,LPAE_19309_hr,photos_bents/img_89_page_0.jpeg,89,0,2,2,3,0,3x4
img_89_page_1.jpeg,LPAE_19309_hr,photos_bents/img_89_page_1.jpeg,89,1,2,2,3,0,3x4
img_90_page_0.jpeg,LPAE_14641_hr,photos_bents/img_90_page_0.jpeg,90,0,1,2,6,0,6x2
img_91_page_0.jpeg,LPAE_15477_hr,photos_bents/img_91_page_0.jpeg,91,0,1,4,3,1,3x4+1R
img_92_page_0.jpeg,LPAE_14680_hr,photos_bents/img_92_page_0.jpeg,92,0,1,4,3,1,3x4+1R
img_93_page_0.jpeg,LPAE_15368_hr,photos_bents/img_93_page_0.jpeg,93,0,1,2,6,1,6x2+1R
img_94_page_0.jpeg,LPAE_19138_hr,photos_bents/img_94_page_0.jpeg,94,0,1,1,12,0,12x1
img_95_page_0.jpeg,LPAE_15529_hr,photos_bents/img_95_page_0.jpeg,95,0,1,2,6,0,6x2
img_96_page_0.jpeg,LPAE_15607_hr,photos_bents/img_96_page_0.jpeg,96,0,4,1,3,0,3x4
img_96_page_1.jpeg,LPAE_15607_hr,photos_bents/img_96_page_1.jpeg,96,1,4,1,3,0,3x4
img_96_page_2.jpeg,LPAE_15607_hr,photos_bents/img_96_page_2.jpeg,96,2,4,1,3,0,3x4
img_96_page_3.jpeg,LPAE_15607_hr,photos_bents/img_96_page_3.jpeg,96,3,4,1,3,0,3x4
img_97_page_0.jpeg,LPAE_19202_hr,photos_bents/img_97_page_0.jpeg,97,0,1,1,12,0,12x1
img_98_page_0.jpeg,LPAE_16212_hr,photos_bents/img_98_page_0.jpeg,98,0,1,4,3,3,3x4+3R
img_99_page_0.jpeg,LPAE_19326_hr,photos_bents/img_99_page_0.jpeg,99,0,1,2,6,0,6x2
img_100_page_0.jpeg,LPAE_20139_hr,photos_bents/img_100_page_0.jpeg,100,0,1,4,3,3,3x4+3R
img_1_page_0.jpeg,LPAE_11666_hr,photos_crumbles/img_1_page_0.jpeg,1,0,2,1,6,0,6x2
img_1_page_1.jpeg,LPAE_11666_hr,photos_crumbles/img_1_page_1.jpeg,1,1,2,1,6,0,6x2
img_2_page_0.jpeg,LPAE_11209_hr,photos_crumbles/img_2_page_0.jpeg,2,0,1,1,12,0,12x1
img_3_page_0.jpeg,LPAE_14009_hr,photos_crumbles/img_3_page_0.jpeg,3,0,1,1,12,0,12x1
img_4_page_0.jpeg,LPAE_20999_hr,photos_crumbles/img_4_page_0.jpeg,4,0,1,4,3,1,3x4+1R
img_5_page_0.jpeg,LPAE_21515_hr,photos_crumbles/img_5_page_0.jpeg,5,0,1,2,6,0,6x2
img_6_page_0.jpeg,LPAE_02926_hr,photos_crumbles/img_6_page_0.jpeg,6,0,1,1,12,0,12x1
img_7_page_0.jpeg,LPAE_21541_hr,photos_crumbles/img_7_page_0.jpeg,7,0,1,2,6,0,6x2
img_8_page_0.jpeg,LPAE_05432_hr,photos_crumbles/img_8_page_0.jpeg,8,0,1,4,3,3,3x4+3R
img_9_page_0.jpeg,LPAE_20159_hr,photos_crumbles/img_9_page_0.jpeg,9,0,1,2,6,0,6x2
img_10_page_0.jpeg,LPAE_04827_hr,photos_crumbles/img_10_page_0.jpeg,10,0,1,4,3,1,3x4+1R
img_11_page_0.jpeg,LPAE_06229_hr,photos_crumbles/img_11_page_0.jpeg,11,0,1,2,6,0,6x2
img_12_page_0.jpeg,LPAE_10505_hr,photos_crumbles/img_12_page_0.jpeg,12,0,1,4,3,3,3x4+3R
img_13_page_0.jpeg,LPAE_10300_hr,photos_crumbles/img_13_page_0.jpeg,13,0,1,2,6,0,6x2
img_14_page_0.jpeg,LPAE_17226_hr,photos_crumbles/img_14_page_0.jpeg,14,0,1,4,3,1,3x4+1R
img_15_page_0.jpeg,LPAE_05742_hr,photos_crumbles/img_15_page_0.jpeg,15,0,1,4,3,1,3x4+1R
img_16_page_0.jpeg,LPAE_19550_hr,photos_crumbles/img_16_page_0.jpeg,16,0,1,4,3,1,3x4+1R
img_17_page_0.jpeg,LPAE_06918_hr,photos_crumbles/img_17_page_0.jpeg,17,0,1,4,3,1,3x4+1R
img_18_page_0.jpeg,LPAE_12879_hr,photos_crumbles/img_18_page_0.jpeg,18,0,1,1,12,0,12x1
img_19_page_0.jpeg,LPAE_20790_hr,photos_crumbles/img_19_page_0.jpeg,19,0,1,2,6,1,6x2+1R
img_20_page_0.jpeg,LPAE_20947_hr,photos_crumbles/img_20_page_0.jpeg,20,0,1,4,3,0,3x4
img_21_page_0.jpeg,LPAE_20515_hr,photos_crumbles/img_21_page_0.jpeg,21,0,1,2,6,0,6x2
img_22_page_0.jpeg,LPAE_06846_hr,photos_crumbles/img_22_page_0.jpeg,22,0,1,4,3,1,3x4+1R
img_23_page_0.jpeg,LPAE_04957_hr,photos_crumbles/img_23_page_0.jpeg,23,0,1,2,6,0,6x2
img_24_page_0.jpeg,LPAE_14819_hr,photos_crumbles/img_24_page_0.jpeg,24,0,1,4,3,0,3x4
img_25_page_0.jpeg,LPAE_05441_hr,photos_crumbles/img_25_page_0.jpeg,25,0,1,1,12,0,12x1
img_26_page_0.jpeg,LPAE_20971_hr,photos_crumbles/img_26_page_0.jpeg,26,0,1,4,3,1,3x4+1R
img_27_page_0.jpeg,LPAE_20680_hr,photos_crumbles/img_27_page_0.jpeg,27,0,1,4,3,0,3x4
img_28_page_0.jpeg,LPAE_07250_hr,photos_crumbles/img_28_page_0.jpeg,28,0,1,4,3,1,3x4+1R
img_29_page_0.jpeg,LPAE_20748_hr,photos_crumbles/img_29_page_0.jpeg,29,0,1,4,3,1,3x4+1R
img_30_page_0.jpeg,LPAE_06938_hr,photos_crumbles/img_30_page_0.jpeg,30,0,1,2,6,1,6x2+1R
img_31_page_0.jpeg,LPAE_20367_hr,photos_crumbles/img_31_page_0.jpeg,31,0,1,4,3,1,3x4+1R
img_32_page_0.jpeg,LPAE_07285_hr,photos_crumbles/img_32_page_0.jpeg,32,0,1,4,3,0,3x4
img_33_page_0.jpeg,LPAE_07299_hr,photos_crumbles/img_33_page_0.jpeg,33,0,1,2,6,0,6x2
img_34_page_0.jpeg,LPAE_21629_hr,photos_crumbles/img_34_page_0.jpeg,34,0,1,2,6,0,6x2
img_35_page_0.jpeg,LPAE_07596_hr,photos_crumbles/img_35_page_0.jpeg,35,0,1,2,6,0,6x2
img_36_page_0.jpeg,LPAE_10555_hr,photos_crumbles/img_36_page_0.jpeg,36,0,1,4,3,0,3x4
img_37_page_0.jpeg,LPAE_21468_hr,photos_crumbles/img_37_page_0.jpeg,37,0,1,4,3,1,3x4+1R
img_38_page_0.jpeg,LPAE_08885_hr,photos_crumbles/img_38_page_0.jpeg,38,0,1,4,3,3,3x4+3R
img_39_page_0.jpeg,LPAE_09331_hr,photos_crumbles/img_39_page_0.jpeg,39,0,1,2,6,0,6x2
img_40_page_0.jpeg,LPAE_09275_hr,photos_crumbles/img_40_page_0.jpeg,40,0,1,4,3,1,3x4+1R
img_41_page_0.jpeg,LPAE_20243_hr,photos_crumbles/img_41_page_0.jpeg,41,0,1,2,6,0,6x2
img_42_page_0.jpeg,LPAE_09545_hr,photos_crumbles/img_42_page_0.jpeg,42,0,1,4,3,1,3x4+1R
img_43_page_0.jpeg,LPAE_09754_hr,photos_crumbles/img_43_page_0.jpeg,43,0,1,4,3,1,3x4+1R
img_44_page_0.jpeg,LPAE_17637_hr,photos_crumbles/img_44_page_0.jpeg,44,0,1,4,3,0,3x4
img_45_page_0.jpeg,LPAE_17118_hr,photos_crumbles/img_45_page_0.jpeg,45,0,1,2,6,0,6x2
img_46_page_0.jpeg,LPAE_10306_hr,photos_crumbles/img_46_page_0.jpeg,46,0,1,4,3,1,3x4+1R
img_47_page_0.jpeg,LPAE_10266_hr,photos_crumbles/img_47_page_0.jpeg,47,0,1,4,3,3,3x4+3R
img_48_page_0.jpeg,LPAE_08007_hr,photos_crumbles/img_48_page_0.jpeg,48,0,1,2,6,0,6x2
img_49_page_0.jpeg,LPAE_08962_hr,photos_crumbles/img_49_page_0.jpeg,49,0,1,2,6,0,6x2
img_50_page_0.jpeg,LPAE_16895_hr,photos_crumbles/img_50_page_0.jpeg,50,0,1,4,3,0,3x4
img_51_page_0.jpeg,LPAE_05359_hr,photos_crumbles/img_51_page_0.jpeg,51,0,1,4,3,0,3x4
img_52_page_0.jpeg,LPAE_10554_hr,photos_crumbles/img_52_page_0.jpeg,52,0,1,2,6,1,6x2+1R
img_53_page_0.jpeg,LPAE_10598_hr,photos_crumbles/img_53_page_0.jpeg,53,0,1,2,6,0,6x2
img_54_page_0.jpeg,LPAE_17269_hr,photos_crumbles/img_54_page_0.jpeg,54,0,2,2,3,0,3x4
img_54_page_1.jpeg,LPAE_17269_hr,photos_crumbles/img_54_page_1.jpeg,54,1,2,2,3,0,3x4
img_55_page_0.jpeg,LPAE_10518_hr,photos_crumbles/img_55_page_0.jpeg,55,0,1,2,6,0,6x2
img_56_page_0.jpeg,LPAE_10564_hr,photos_crumbles/img_56_page_0.jpeg,56,0,1,2,6,0,6x2
img_57_page_0.jpeg,LPAE_06282_hr,photos_crumbles/img_57_page_0.jpeg,57,0,1,1,12,0,12x1
img_58_page_0.jpeg,LPAE_10943_hr,photos_crumbles/img_58_page_0.jpeg,58,0,1,4,3,0,3x4
img_59_page_0.jpeg,LPAE_18073_hr,photos_crumbles/img_59_page_0.jpeg,59,0,1,2,6,0,6x2
img_60_page_0.jpeg,LPAE_11397_hr,photos_crumbles/img_60_page_0.jpeg,60,0,1,2,6,0,6x2
img_61_page_0.jpeg,LPAE_05944_hr,photos_crumbles/img_61_page_0.jpeg,61,0,1,2,6,1,6x2+1R
img_62_page_0.jpeg,LPAE_04733_hr,photos_crumbles/img_62_page_0.jpeg,62,0,1,4,3,1,3x4+1R
img_63_page_0.jpeg,LPAE_10986_hr,photos_crumbles/img_63_page_0.jpeg,63,0,1,4,3,0,3x4
img_64_page_0.jpeg,LPAE_18227_hr,photos_crumbles/img_64_page_0.jpeg,64,0,1,2,6,0,6x2
img_65_page_0.jpeg,LPAE_18552_hr,photos_crumbles/img_65_page_0.jpeg,65,0,1,2,6,0,6x2
img_66_page_0.jpeg,LPAE_11498_hr,photos_crumbles/img_66_page_0.jpeg,66,0,1,4,3,1,3x4+1R
img_67_page_0.jpeg,LPAE_01805_hr,photos_crumbles/img_67_page_0.jpeg,67,0,1,4,3,0,3x4
img_68_page_0.jpeg,LPAE_18945_hr,photos_crumbles/img_68_page_0.jpeg,68,0,1,4,3,1,3x4+1R
img_69_page_0.jpeg,LPAE_12186_hr,photos_crumbles/img_69_page_0.jpeg,69,0,1,4,3,0,3x4
img_70_page_0.jpeg,LPAE_04794_hr,photos_crumbles/img_70_page_0.jpeg,70,0,1,1,12,0,12x1
img_71_page_0.jpeg,LPAE_12190_hr,photos_crumbles/img_71_page_0.jpeg,71,0,1,4,3,1,3x4+1R
img_72_page_0.jpeg,LPAE_12432_hr,photos_crumbles/img_72_page_0.jpeg,72,0,1,4,3,1,3x4+1R
img_73_page_0.jpeg,LPAE_19036_hr,photos_crumbles/img_73_page_0.jpeg,73,0,1,2,6,0,6x2
img_74_page_0.jpeg,LPAE_12629_hr,photos_crumbles/img_74_page_0.jpeg,74,0,1,4,3,1,3x4+1R
img_75_page_0.jpeg,LPAE_02444_hr,photos_crumbles/img_75_page_0.jpeg,75,0,2,1,6,0,6x2
img_75_page_1.jpeg,LPAE_02444_hr,photos_crumbles/img_75_page_1.jpeg,75,1,2,1,6,0,6x2
img_76_page_0.jpeg,LPAE_17345_hr,photos_crumbles/img_76_page_0.jpeg,76,0,1,2,6,0,6x2
img_77_page_0.jpeg,LPAE_06303_hr,photos_crumbles/img_77_page_0.jpeg,77,0,1,4,3,0,3x4
img_78_page_0.jpeg,LPAE_13851_hr,photos_crumbles/img_78_page_0.jpeg,78,0,1,2,6,0,6x2
img_79_page_0.jpeg,LPAE_13962_hr,photos_crumbles/img_79_page_0.jpeg,79,0,1,2,6,0,6x2
img_80_page_0.jpeg,LPAE_19394_hr,photos_crumbles/img_80_page_0.jpeg,80,0,1,4,3,1,3x4+1R
img_81_page_0.jpeg,LPAE_00232_hr,photos_crumbles/img_81_page_0.jpeg,81,0,1,4,3,1,3x4+1R
img_82_page_0.jpeg,LPAE_19269_hr,photos_crumbles/img_82_page_0.jpeg,82,0,1,4,3,1,3x4+1R
img_83_page_0.jpeg,LPAE_20117_hr,photos_crumbles/img_83_page_0.jpeg,83,0,1,4,3,3,3x4+3R
img_84_page_0.jpeg,LPAE_19164_hr,photos_crumbles/img_84_page_0.jpeg,84,0,1,4,3,1,3x4+1R
img_85_page_0.jpeg,LPAE_19686_hr,photos_crumbles/img_85_page_0.jpeg,85,0,1,4,3,1,3x4+1R
img_86_page_0.jpeg,LPAE_19968_hr,photos_crumbles/img_86_page_0.jpeg,86,0,1,2,6,0,6x2
img_87_page_0.jpeg,LPAE_19288_hr,photos_crumbles/img_87_page_0.jpeg,87,0,1,2,6,0,6x2
img_88_page_0.jpeg,LPAE_14304_hr,photos_crumbles/img_88_page_0.jpeg,88,0,4,1,3,0,3x4
img_88_page_1.jpeg,LPAE_14304_hr,photos_crumbles/img_88_page_1.jpeg,88,1,4,1,3,0,3x4
img_88_page_2.jpeg,LPAE_14304_hr,photos_crumbles/img_88_page_2.jpeg,88,2,4,1,3,0,3x4
img_88_page_3.jpeg,LPAE_14304_hr,photos_crumbles/img_88_page_3.jpeg,88,3,4,1,3,0,3x4
img_89_page_0.jpeg,LPAE_19309_hr,photos_crumbles/img_89_page_0.jpeg,89,0,2,2,3,0,3x4
img_89_page_1.jpeg,LPAE_19309_hr,photos_crumbles/img_89_page_1.jpeg,89,1,2,2,3,0,3x4
img_90_page_0.jpeg,LPAE_14641_hr,photos_crumbles/img_90_page_0.jpeg,90,0,1,2,6,0,6x2
img_91_page_0.jpeg,LPAE_15477_hr,photos_crumbles/img_91_page_0.jpeg,91,0,1,4,3,1,3x4+1R
img_92_page_0.jpeg,LPAE_14680_hr,photos_crumbles/img_92_page_0.jpeg,92,0,1,4,3,1,3x4+1R
img_93_page_0.jpeg,LPAE_15368_hr,photos_crumbles/img_93_page_0.jpeg,93,0,1,2,6,1,6x2+1R
img_94_page_0.jpeg,LPAE_19138_hr,photos_crumbles/img_94_page_0.jpeg,94,0,1,1,12,0,12x1
img_95_page_0.jpeg,LPAE_15529_hr,photos_crumbles/img_95_page_0.jpeg,95,0,1,2,6,0,6x2
img_96_page_0.jpeg,LPAE_15607_hr,photos_crumbles/img_96_page_0.jpeg,96,0,4,1,3,0,3x4
img_96_page_1.jpeg,LPAE_15607_hr,photos_crumbles/img_96_page_1.jpeg,96,1,4,1,3,0,3x4
img_96_page_2.jpeg,LPAE_15607_hr,photos_crumbles/img_96_page_2.jpeg,96,2,4,1,3,0,3x4
img_96_page_3.jpeg,LPAE_15607_hr,photos_crumbles/img_96_page_3.jpeg,96,3,4,1,3,0,3x4
img_97_page_0.jpeg,LPAE_19202_hr,photos_crumbles/img_97_page_0.jpeg,97,0,1,1,12,0,12x1
img_98_page_0.jpeg,LPAE_16212_hr,photos_crumbles/img_98_page_0.jpeg,98,0,1,4,3,3,3x4+3R
img_99_page_0.jpeg,LPAE_19326_hr,photos_crumbles/img_99_page_0.jpeg,99,0,1,2,6,0,6x2
img_100_page_0.jpeg,LPAE_20139_hr,photos_crumbles/img_100_page_0.jpeg,100,0,1,4,3,3,3x4+3R
img_1_page_0.jpeg,LPAE_11666_hr,photos_doogee/img_1_page_0.jpeg,1,0,2,1,6,0,6x2
img_1_page_1.jpeg,LPAE_11666_hr,photos_doogee/img_1_page_1.jpeg,1,1,2,1,6,0,6x2
img_2_page_0.jpeg,LPAE_11209_hr,photos_doogee/img_2_page_0.jpeg,2,0,1,1,12,0,12x1
img_3_page_0.jpeg,LPAE_14009_hr,photos_doogee/img_3_page_0.jpeg,3,0,1,1,12,0,12x1
img_4_page_0.jpeg,LPAE_20999_hr,photos_doogee/img_4_page_0.jpeg,4,0,1,4,3,1,3x4+1R
img_5_page_0.jpeg,LPAE_21515_hr,photos_doogee/img_5_page_0.jpeg,5,0,1,2,6,0,6x2
img_6_page_0.jpeg,LPAE_02926_hr,photos_doogee/img_6_page_0.jpeg,6,0,1,1,12,0,12x1
img_7_page_0.jpeg,LPAE_21541_hr,photos_doogee/img_7_page_0.jpeg,7,0,1,2,6,0,6x2
img_8_page_0.jpeg,LPAE_05432_hr,photos_doogee/img_8_page_0.jpeg,8,0,1,4,3,3,3x4+3R
img_9_page_0.jpeg,LPAE_20159_hr,photos_doogee/img_9_page_0.jpeg,9,0,1,2,6,0,6x2
img_10_page_0.jpeg,LPAE_04827_hr,photos_doogee/img_10_page_0.jpeg,10,0,1,4,3,1,3x4+1R
img_11_page_0.jpeg,LPAE_06229_hr,photos_doogee/img_11_page_0.jpeg,11,0,1,2,6,0,6x2
img_12_page_0.jpeg,LPAE_10505_hr,photos_doogee/img_12_page_0.jpeg,12,0,1,4,3,3,3x4+3R
img_13_page_0.jpeg,LPAE_10300_hr,photos_doogee/img_13_page_0.jpeg,13,0,1,2,6,0,6x2
img_14_page_0.jpeg,LPAE_17226_hr,photos_doogee/img_14_page_0.jpeg,14,0,1,4,3,1,3x4+1R
img_15_page_0.jpeg,LPAE_05742_hr,photos_doogee/img_15_page_0.jpeg,15,0,1,4,3,1,3x4+1R
img_16_page_0.jpeg,LPAE_19550_hr,photos_doogee/img_16_page_0.jpeg,16,0,1,4,3,1,3x4+1R
img_17_page_0.jpeg,LPAE_06918_hr,photos_doogee/img_17_page_0.jpeg,17,0,1,4,3,1,3x4+1R
img_18_page_0.jpeg,LPAE_12879_hr,photos_doogee/img_18_page_0.jpeg,18,0,1,1,12,0,12x1
img_19_page_0.jpeg,LPAE_20790_hr,photos_doogee/img_19_page_0.jpeg,19,0,1,2,6,1,6x2+1R
img_20_page_0.jpeg,LPAE_20947_hr,photos_doogee/img_20_page_0.jpeg,20,0,1,4,3,0,3x4
img_21_page_0.jpeg,LPAE_20515_hr,photos_doogee/img_21_page_0.jpeg,21,0,1,2,6,0,6x2
img_22_page_0.jpeg,LPAE_06846_hr,photos_doogee/img_22_page_0.jpeg,22,0,1,4,3,1,3x4+1R
img_23_page_0.jpeg,LPAE_04957_hr,photos_doogee/img_23_page_0.jpeg,23,0,1,2,6,0,6x2
img_24_page_0.jpeg,LPAE_14819_hr,photos_doogee/img_24_page_0.jpeg,24,0,1,4,3,0,3x4
img_25_page_0.jpeg,LPAE_05441_hr,photos_doogee/img_25_page_0.jpeg,25,0,1,1,12,0,12x1
img_26_page_0.jpeg,LPAE_20971_hr,photos_doogee/img_26_page_0.jpeg,26,0,1,4,3,1,3x4+1R
img_27_page_0.jpeg,LPAE_20680_hr,photos_doogee/img_27_page_0.jpeg,27,0,1,4,3,0,3x4
img_28_page_0.jpeg,LPAE_07250_hr,photos_doogee/img_28_page_0.jpeg,28,0,1,4,3,1,3x4+1R
img_29_page_0.jpeg,LPAE_20748_hr,photos_doogee/img_29_page_0.jpeg,29,0,1,4,3,1,3x4+1R
img_30_page_0.jpeg,LPAE_06938_hr,photos_doogee/img_30_page_0.jpeg,30,0,1,2,6,1,6x2+1R
img_31_page_0.jpeg,LPAE_20367_hr,photos_doogee/img_31_page_0.jpeg,31,0,1,4,3,1,3x4+1R
img_32_page_0.jpeg,LPAE_07285_hr,photos_doogee/img_32_page_0.jpeg,32,0,1,4,3,0,3x4
img_33_page_0.jpeg,LPAE_07299_hr,photos_doogee/img_33_page_0.jpeg,33,0,1,2,6,0,6x2
img_34_page_0.jpeg,LPAE_21629_hr,photos_doogee/img_34_page_0.jpeg,34,0,1,2,6,0,6x2
img_35_page_0.jpeg,LPAE_07596_hr,photos_doogee/img_35_page_0.jpeg,35,0,1,2,6,0,6x2
img_36_page_0.jpeg,LPAE_10555_hr,photos_doogee/img_36_page_0.jpeg,36,0,1,4,3,0,3x4
img_37_page_0.jpeg,LPAE_21468_hr,photos_doogee/img_37_page_0.jpeg,37,0,1,4,3,1,3x4+1R
img_38_page_0.jpeg,LPAE_08885_hr,photos_doogee/img_38_page_0.jpeg,38,0,1,4,3,3,3x4+3R
img_39_page_0.jpeg,LPAE_09331_hr,photos_doogee/img_39_page_0.jpeg,39,0,1,2,6,0,6x2
img_40_page_0.jpeg,LPAE_09275_hr,photos_doogee/img_40_page_0.jpeg,40,0,1,4,3,1,3x4+1R
img_41_page_0.jpeg,LPAE_20243_hr,photos_doogee/img_41_page_0.jpeg,41,0,1,2,6,0,6x2
img_42_page_0.jpeg,LPAE_09545_hr,photos_doogee/img_42_page_0.jpeg,42,0,1,4,3,1,3x4+1R
img_43_page_0.jpeg,LPAE_09754_hr,photos_doogee/img_43_page_0.jpeg,43,0,1,4,3,1,3x4+1R
img_44_page_0.jpeg,LPAE_17637_hr,photos_doogee/img_44_page_0.jpeg,44,0,1,4,3,0,3x4
img_45_page_0.jpeg,LPAE_17118_hr,photos_doogee/img_45_page_0.jpeg,45,0,1,2,6,0,6x2
img_46_page_0.jpeg,LPAE_10306_hr,photos_doogee/img_46_page_0.jpeg,46,0,1,4,3,1,3x4+1R
img_47_page_0.jpeg,LPAE_10266_hr,photos_doogee/img_47_page_0.jpeg,47,0,1,4,3,3,3x4+3R
img_48_page_0.jpeg,LPAE_08007_hr,photos_doogee/img_48_page_0.jpeg,48,0,1,2,6,0,6x2
img_49_page_0.jpeg,LPAE_08962_hr,photos_doogee/img_49_page_0.jpeg,49,0,1,2,6,0,6x2
img_50_page_0.jpeg,LPAE_16895_hr,photos_doogee/img_50_page_0.jpeg,50,0,1,4,3,0,3x4
img_51_page_0.jpeg,LPAE_05359_hr,photos_doogee/img_51_page_0.jpeg,51,0,1,4,3,0,3x4
img_52_page_0.jpeg,LPAE_10554_hr,photos_doogee/img_52_page_0.jpeg,52,0,1,2,6,1,6x2+1R
img_53_page_0.jpeg,LPAE_10598_hr,photos_doogee/img_53_page_0.jpeg,53,0,1,2,6,0,6x2
img_54_page_0.jpeg,LPAE_17269_hr,photos_doogee/img_54_page_0.jpeg,54,0,2,2,3,0,3x4
img_54_page_1.jpeg,LPAE_17269_hr,photos_doogee/img_54_page_1.jpeg,54,1,2,2,3,0,3x4
img_55_page_0.jpeg,LPAE_10518_hr,photos_doogee/img_55_page_0.jpeg,55,0,1,2,6,0,6x2
img_56_page_0.jpeg,LPAE_10564_hr,photos_doogee/img_56_page_0.jpeg,56,0,1,2,6,0,6x2
img_57_page_0.jpeg,LPAE_06282_hr,photos_doogee/img_57_page_0.jpeg,57,0,1,1,12,0,12x1
img_58_page_0.jpeg,LPAE_10943_hr,photos_doogee/img_58_page_0.jpeg,58,0,1,4,3,0,3x4
img_59_page_0.jpeg,LPAE_18073_hr,photos_doogee/img_59_page_0.jpeg,59,0,1,2,6,0,6x2
img_60_page_0.jpeg,LPAE_11397_hr,photos_doogee/img_60_page_0.jpeg,60,0,1,2,6,0,6x2
img_61_page_0.jpeg,LPAE_05944_hr,photos_doogee/img_61_page_0.jpeg,61,0,1,2,6,1,6x2+1R
img_62_page_0.jpeg,LPAE_04733_hr,photos_doogee/img_62_page_0.jpeg,62,0,1,4,3,1,3x4+1R
img_63_page_0.jpeg,LPAE_10986_hr,photos_doogee/img_63_page_0.jpeg,63,0,1,4,3,0,3x4
img_64_page_0.jpeg,LPAE_18227_hr,photos_doogee/img_64_page_0.jpeg,64,0,1,2,6,0,6x2
img_65_page_0.jpeg,LPAE_18552_hr,photos_doogee/img_65_page_0.jpeg,65,0,1,2,6,0,6x2
img_66_page_0.jpeg,LPAE_11498_hr,photos_doogee/img_66_page_0.jpeg,66,0,1,4,3,1,3x4+1R
img_67_page_0.jpeg,LPAE_01805_hr,photos_doogee/img_67_page_0.jpeg,67,0,1,4,3,0,3x4
img_68_page_0.jpeg,LPAE_18945_hr,photos_doogee/img_68_page_0.jpeg,68,0,1,4,3,1,3x4+1R
img_69_page_0.jpeg,LPAE_12186_hr,photos_doogee/img_69_page_0.jpeg,69,0,1,4,3,0,3x4
img_70_page_0.jpeg,LPAE_04794_hr,photos_doogee/img_70_page_0.jpeg,70,0,1,1,12,0,12x1
img_71_page_0.jpeg,LPAE_12190_hr,photos_doogee/img_71_page_0.jpeg,71,0,1,4,3,1,3x4+1R
img_72_page_0.jpeg,LPAE_12432_hr,photos_doogee/img_72_page_0.jpeg,72,0,1,4,3,1,3x4+1R
img_73_page_0.jpeg,LPAE_19036_hr,photos_doogee/img_73_page_0.jpeg,73,0,1,2,6,0,6x2
img_74_page_0.jpeg,LPAE_12629_hr,photos_doogee/img_74_page_0.jpeg,74,0,1,4,3,1,3x4+1R
img_75_page_0.jpeg,LPAE_02444_hr,photos_doogee/img_75_page_0.jpeg,75,0,2,1,6,0,6x2
img_75_page_1.jpeg,LPAE_02444_hr,photos_doogee/img_75_page_1.jpeg,75,1,2,1,6,0,6x2
img_76_page_0.jpeg,LPAE_17345_hr,photos_doogee/img_76_page_0.jpeg,76,0,1,2,6,0,6x2
img_77_page_0.jpeg,LPAE_06303_hr,photos_doogee/img_77_page_0.jpeg,77,0,1,4,3,0,3x4
img_78_page_0.jpeg,LPAE_13851_hr,photos_doogee/img_78_page_0.jpeg,78,0,1,2,6,0,6x2
img_79_page_0.jpeg,LPAE_13962_hr,photos_doogee/img_79_page_0.jpeg,79,0,1,2,6,0,6x2
img_80_page_0.jpeg,LPAE_19394_hr,photos_doogee/img_80_page_0.jpeg,80,0,1,4,3,1,3x4+1R
img_81_page_0.jpeg,LPAE_00232_hr,photos_doogee/img_81_page_0.jpeg,81,0,1,4,3,1,3x4+1R
img_82_page_0.jpeg,LPAE_19269_hr,photos_doogee/img_82_page_0.jpeg,82,0,1,4,3,1,3x4+1R
img_83_page_0.jpeg,LPAE_20117_hr,photos_doogee/img_83_page_0.jpeg,83,0,1,4,3,3,3x4+3R
img_84_page_0.jpeg,LPAE_19164_hr,photos_doogee/img_84_page_0.jpeg,84,0,1,4,3,1,3x4+1R
img_85_page_0.jpeg,LPAE_19686_hr,photos_doogee/img_85_page_0.jpeg,85,0,1,4,3,1,3x4+1R
img_86_page_0.jpeg,LPAE_19968_hr,photos_doogee/img_86_page_0.jpeg,86,0,1,2,6,0,6x2
img_87_page_0.jpeg,LPAE_19288_hr,photos_doogee/img_87_page_0.jpeg,87,0,1,2,6,0,6x2
img_88_page_0.jpeg,LPAE_14304_hr,photos_doogee/img_88_page_0.jpeg,88,0,4,1,3,0,3x4
img_88_page_1.jpeg,LPAE_14304_hr,photos_doogee/img_88_page_1.jpeg,88,1,4,1,3,0,3x4
img_88_page_2.jpeg,LPAE_14304_hr,photos_doogee/img_88_page_2.jpeg,88,2,4,1,3,0,3x4
img_88_page_3.jpeg,LPAE_14304_hr,photos_doogee/img_88_page_3.jpeg,88,3,4,1,3,0,3x4
img_89_page_0.jpeg,LPAE_19309_hr,photos_doogee/img_89_page_0.jpeg,89,0,2,2,3,0,3x4
img_89_page_1.jpeg,LPAE_19309_hr,photos_doogee/img_89_page_1.jpeg,89,1,2,2,3,0,3x4
img_90_page_0.jpeg,LPAE_14641_hr,photos_doogee/img_90_page_0.jpeg,90,0,1,2,6,0,6x2
img_91_page_0.jpeg,LPAE_15477_hr,photos_doogee/img_91_page_0.jpeg,91,0,1,4,3,1,3x4+1R
img_92_page_0.jpeg,LPAE_14680_hr,photos_doogee/img_92_page_0.jpeg,92,0,1,4,3,1,3x4+1R
img_93_page_0.jpeg,LPAE_15368_hr,photos_doogee/img_93_page_0.jpeg,93,0,1,2,6,1,6x2+1R
img_94_page_0.jpeg,LPAE_19138_hr,photos_doogee/img_94_page_0.jpeg,94,0,1,1,12,0,12x1
img_95_page_0.jpeg,LPAE_15529_hr,photos_doogee/img_95_page_0.jpeg,95,0,1,2,6,0,6x2
img_96_page_0.jpeg,LPAE_15607_hr,photos_doogee/img_96_page_0.jpeg,96,0,4,1,3,0,3x4
img_96_page_1.jpeg,LPAE_15607_hr,photos_doogee/img_96_page_1.jpeg,96,1,4,1,3,0,3x4
img_96_page_2.jpeg,LPAE_15607_hr,photos_doogee/img_96_page_2.jpeg,96,2,4,1,3,0,3x4
img_96_page_3.jpeg,LPAE_15607_hr,photos_doogee/img_96_page_3.jpeg,96,3,4,1,3,0,3x4
img_97_page_0.jpeg,LPAE_19202_hr,photos_doogee/img_97_page_0.jpeg,97,0,1,1,12,0,12x1
img_98_page_0.jpeg,LPAE_16212_hr,photos_doogee/img_98_page_0.jpeg,98,0,1,4,3,3,3x4+3R
img_99_page_0.jpeg,LPAE_19326_hr,photos_doogee/img_99_page_0.jpeg,99,0,1,2,6,0,6x2
img_100_page_0.jpeg,LPAE_20139_hr,photos_doogee/img_100_page_0.jpeg,100,0,1,4,3,3,3x4+3R
img_1_page_0.jpeg,LPAE_11666_hr,photos_iphone/img_1_page_0.jpeg,1,0,2,1,6,0,6x2
img_1_page_1.jpeg,LPAE_11666_hr,photos_iphone/img_1_page_1.jpeg,1,1,2,1,6,0,6x2
img_2_page_0.jpeg,LPAE_11209_hr,photos_iphone/img_2_page_0.jpeg,2,0,1,1,12,0,12x1
img_3_page_0.jpeg,LPAE_14009_hr,photos_iphone/img_3_page_0.jpeg,3,0,1,1,12,0,12x1
img_4_page_0.jpeg,LPAE_20999_hr,photos_iphone/img_4_page_0.jpeg,4,0,1,4,3,1,3x4+1R
img_5_page_0.jpeg,LPAE_21515_hr,photos_iphone/img_5_page_0.jpeg,5,0,1,2,6,0,6x2
img_6_page_0.jpeg,LPAE_02926_hr,photos_iphone/img_6_page_0.jpeg,6,0,1,1,12,0,12x1
img_7_page_0.jpeg,LPAE_21541_hr,photos_iphone/img_7_page_0.jpeg,7,0,1,2,6,0,6x2
img_8_page_0.jpeg,LPAE_05432_hr,photos_iphone/img_8_page_0.jpeg,8,0,1,4,3,3,3x4+3R
img_9_page_0.jpeg,LPAE_20159_hr,photos_iphone/img_9_page_0.jpeg,9,0,1,2,6,0,6x2
img_10_page_0.jpeg,LPAE_04827_hr,photos_iphone/img_10_page_0.jpeg,10,0,1,4,3,1,3x4+1R
img_11_page_0.jpeg,LPAE_06229_hr,photos_iphone/img_11_page_0.jpeg,11,0,1,2,6,0,6x2
img_12_page_0.jpeg,LPAE_10505_hr,photos_iphone/img_12_page_0.jpeg,12,0,1,4,3,3,3x4+3R
img_13_page_0.jpeg,LPAE_10300_hr,photos_iphone/img_13_page_0.jpeg,13,0,1,2,6,0,6x2
img_14_page_0.jpeg,LPAE_17226_hr,photos_iphone/img_14_page_0.jpeg,14,0,1,4,3,1,3x4+1R
img_15_page_0.jpeg,LPAE_05742_hr,photos_iphone/img_15_page_0.jpeg,15,0,1,4,3,1,3x4+1R
img_16_page_0.jpeg,LPAE_19550_hr,photos_iphone/img_16_page_0.jpeg,16,0,1,4,3,1,3x4+1R
img_17_page_0.jpeg,LPAE_06918_hr,photos_iphone/img_17_page_0.jpeg,17,0,1,4,3,1,3x4+1R
img_18_page_0.jpeg,LPAE_12879_hr,photos_iphone/img_18_page_0.jpeg,18,0,1,1,12,0,12x1
img_19_page_0.jpeg,LPAE_20790_hr,photos_iphone/img_19_page_0.jpeg,19,0,1,2,6,1,6x2+1R
img_20_page_0.jpeg,LPAE_20947_hr,photos_iphone/img_20_page_0.jpeg,20,0,1,4,3,0,3x4
img_21_page_0.jpeg,LPAE_20515_hr,photos_iphone/img_21_page_0.jpeg,21,0,1,2,6,0,6x2
img_22_page_0.jpeg,LPAE_06846_hr,photos_iphone/img_22_page_0.jpeg,22,0,1,4,3,1,3x4+1R
img_23_page_0.jpeg,LPAE_04957_hr,photos_iphone/img_23_page_0.jpeg,23,0,1,2,6,0,6x2
img_24_page_0.jpeg,LPAE_14819_hr,photos_iphone/img_24_page_0.jpeg,24,0,1,4,3,0,3x4
img_25_page_0.jpeg,LPAE_05441_hr,photos_iphone/img_25_page_0.jpeg,25,0,1,1,12,0,12x1
img_26_page_0.jpeg,LPAE_20971_hr,photos_iphone/img_26_page_0.jpeg,26,0,1,4,3,1,3x4+1R
img_27_page_0.jpeg,LPAE_20680_hr,photos_iphone/img_27_page_0.jpeg,27,0,1,4,3,0,3x4
img_28_page_0.jpeg,LPAE_07250_hr,photos_iphone/img_28_page_0.jpeg,28,0,1,4,3,1,3x4+1R
img_29_page_0.jpeg,LPAE_20748_hr,photos_iphone/img_29_page_0.jpeg,29,0,1,4,3,1,3x4+1R
img_30_page_0.jpeg,LPAE_06938_hr,photos_iphone/img_30_page_0.jpeg,30,0,1,2,6,1,6x2+1R
img_31_page_0.jpeg,LPAE_20367_hr,photos_iphone/img_31_page_0.jpeg,31,0,1,4,3,1,3x4+1R
img_32_page_0.jpeg,LPAE_07285_hr,photos_iphone/img_32_page_0.jpeg,32,0,1,4,3,0,3x4
img_33_page_0.jpeg,LPAE_07299_hr,photos_iphone/img_33_page_0.jpeg,33,0,1,2,6,0,6x2
img_34_page_0.jpeg,LPAE_21629_hr,photos_iphone/img_34_page_0.jpeg,34,0,1,2,6,0,6x2
img_35_page_0.jpeg,LPAE_07596_hr,photos_iphone/img_35_page_0.jpeg,35,0,1,2,6,0,6x2
img_36_page_0.jpeg,LPAE_10555_hr,photos_iphone/img_36_page_0.jpeg,36,0,1,4,3,0,3x4
img_37_page_0.jpeg,LPAE_21468_hr,photos_iphone/img_37_page_0.jpeg,37,0,1,4,3,1,3x4+1R
img_38_page_0.jpeg,LPAE_08885_hr,photos_iphone/img_38_page_0.jpeg,38,0,1,4,3,3,3x4+3R
img_39_page_0.jpeg,LPAE_09331_hr,photos_iphone/img_39_page_0.jpeg,39,0,1,2,6,0,6x2
img_40_page_0.jpeg,LPAE_09275_hr,photos_iphone/img_40_page_0.jpeg,40,0,1,4,3,1,3x4+1R
img_41_page_0.jpeg,LPAE_20243_hr,photos_iphone/img_41_page_0.jpeg,41,0,1,2,6,0,6x2
img_42_page_0.jpeg,LPAE_09545_hr,photos_iphone/img_42_page_0.jpeg,42,0,1,4,3,1,3x4+1R
img_43_page_0.jpeg,LPAE_09754_hr,photos_iphone/img_43_page_0.jpeg,43,0,1,4,3,1,3x4+1R
img_44_page_0.jpeg,LPAE_17637_hr,photos_iphone/img_44_page_0.jpeg,44,0,1,4,3,0,3x4
img_45_page_0.jpeg,LPAE_17118_hr,photos_iphone/img_45_page_0.jpeg,45,0,1,2,6,0,6x2
img_46_page_0.jpeg,LPAE_10306_hr,photos_iphone/img_46_page_0.jpeg,46,0,1,4,3,1,3x4+1R
img_47_page_0.jpeg,LPAE_10266_hr,photos_iphone/img_47_page_0.jpeg,47,0,1,4,3,3,3x4+3R
img_48_page_0.jpeg,LPAE_08007_hr,photos_iphone/img_48_page_0.jpeg,48,0,1,2,6,0,6x2
img_49_page_0.jpeg,LPAE_08962_hr,photos_iphone/img_49_page_0.jpeg,49,0,1,2,6,0,6x2
img_50_page_0.jpeg,LPAE_16895_hr,photos_iphone/img_50_page_0.jpeg,50,0,1,4,3,0,3x4
img_51_page_0.jpeg,LPAE_05359_hr,photos_iphone/img_51_page_0.jpeg,51,0,1,4,3,0,3x4
img_52_page_0.jpeg,LPAE_10554_hr,photos_iphone/img_52_page_0.jpeg,52,0,1,2,6,1,6x2+1R
img_53_page_0.jpeg,LPAE_10598_hr,photos_iphone/img_53_page_0.jpeg,53,0,1,2,6,0,6x2
img_54_page_0.jpeg,LPAE_17269_hr,photos_iphone/img_54_page_0.jpeg,54,0,2,2,3,0,3x4
img_54_page_1.jpeg,LPAE_17269_hr,photos_iphone/img_54_page_1.jpeg,54,1,2,2,3,0,3x4
img_55_page_0.jpeg,LPAE_10518_hr,photos_iphone/img_55_page_0.jpeg,55,0,1,2,6,0,6x2
img_56_page_0.jpeg,LPAE_10564_hr,photos_iphone/img_56_page_0.jpeg,56,0,1,2,6,0,6x2
img_57_page_0.jpeg,LPAE_06282_hr,photos_iphone/img_57_page_0.jpeg,57,0,1,1,12,0,12x1
img_58_page_0.jpeg,LPAE_10943_hr,photos_iphone/img_58_page_0.jpeg,58,0,1,4,3,0,3x4
img_59_page_0.jpeg,LPAE_18073_hr,photos_iphone/img_59_page_0.jpeg,59,0,1,2,6,0,6x2
img_60_page_0.jpeg,LPAE_11397_hr,photos_iphone/img_60_page_0.jpeg,60,0,1,2,6,0,6x2
img_61_page_0.jpeg,LPAE_05944_hr,photos_iphone/img_61_page_0.jpeg,61,0,1,2,6,1,6x2+1R
img_62_page_0.jpeg,LPAE_04733_hr,photos_iphone/img_62_page_0.jpeg,62,0,1,4,3,1,3x4+1R
img_63_page_0.jpeg,LPAE_10986_hr,photos_iphone/img_63_page_0.jpeg,63,0,1,4,3,0,3x4
img_64_page_0.jpeg,LPAE_18227_hr,photos_iphone/img_64_page_0.jpeg,64,0,1,2,6,0,6x2
img_65_page_0.jpeg,LPAE_18552_hr,photos_iphone/img_65_page_0.jpeg,65,0,1,2,6,0,6x2
img_66_page_0.jpeg,LPAE_11498_hr,photos_iphone/img_66_page_0.jpeg,66,0,1,4,3,1,3x4+1R
img_67_page_0.jpeg,LPAE_01805_hr,photos_iphone/img_67_page_0.jpeg,67,0,1,4,3,0,3x4
img_68_page_0.jpeg,LPAE_18945_hr,photos_iphone/img_68_page_0.jpeg,68,0,1,4,3,1,3x4+1R
img_69_page_0.jpeg,LPAE_12186_hr,photos_iphone/img_69_page_0.jpeg,69,0,1,4,3,0,3x4
img_70_page_0.jpeg,LPAE_04794_hr,photos_iphone/img_70_page_0.jpeg,70,0,1,1,12,0,12x1
img_71_page_0.jpeg,LPAE_12190_hr,photos_iphone/img_71_page_0.jpeg,71,0,1,4,3,1,3x4+1R
img_72_page_0.jpeg,LPAE_12432_hr,photos_iphone/img_72_page_0.jpeg,72,0,1,4,3,1,3x4+1R
img_73_page_0.jpeg,LPAE_19036_hr,photos_iphone/img_73_page_0.jpeg,73,0,1,2,6,0,6x2
img_74_page_0.jpeg,LPAE_12629_hr,photos_iphone/img_74_page_0.jpeg,74,0,1,4,3,1,3x4+1R
img_75_page_0.jpeg,LPAE_02444_hr,photos_iphone/img_75_page_0.jpeg,75,0,2,1,6,0,6x2
img_75_page_1.jpeg,LPAE_02444_hr,photos_iphone/img_75_page_1.jpeg,75,1,2,1,6,0,6x2
img_76_page_0.jpeg,LPAE_17345_hr,photos_iphone/img_76_page_0.jpeg,76,0,1,2,6,0,6x2
img_77_page_0.jpeg,LPAE_06303_hr,photos_iphone/img_77_page_0.jpeg,77,0,1,4,3,0,3x4
img_78_page_0.jpeg,LPAE_13851_hr,photos_iphone/img_78_page_0.jpeg,78,0,1,2,6,0,6x2
img_79_page_0.jpeg,LPAE_13962_hr,photos_iphone/img_79_page_0.jpeg,79,0,1,2,6,0,6x2
img_80_page_0.jpeg,LPAE_19394_hr,photos_iphone/img_80_page_0.jpeg,80,0,1,4,3,1,3x4+1R
img_81_page_0.jpeg,LPAE_00232_hr,photos_iphone/img_81_page_0.jpeg,81,0,1,4,3,1,3x4+1R
img_82_page_0.jpeg,LPAE_19269_hr,photos_iphone/img_82_page_0.jpeg,82,0,1,4,3,1,3x4+1R
img_83_page_0.jpeg,LPAE_20117_hr,photos_iphone/img_83_page_0.jpeg,83,0,1,4,3,3,3x4+3R
img_84_page_0.jpeg,LPAE_19164_hr,photos_iphone/img_84_page_0.jpeg,84,0,1,4,3,1,3x4+1R
img_85_page_0.jpeg,LPAE_19686_hr,photos_iphone/img_85_page_0.jpeg,85,0,1,4,3,1,3x4+1R
img_86_page_0.jpeg,LPAE_19968_hr,photos_iphone/img_86_page_0.jpeg,86,0,1,2,6,0,6x2
img_87_page_0.jpeg,LPAE_19288_hr,photos_iphone/img_87_page_0.jpeg,87,0,1,2,6,0,6x2
img_88_page_0.jpeg,LPAE_14304_hr,photos_iphone/img_88_page_0.jpeg,88,0,4,1,3,0,3x4
img_88_page_1.jpeg,LPAE_14304_hr,photos_iphone/img_88_page_1.jpeg,88,1,4,1,3,0,3x4
img_88_page_2.jpeg,LPAE_14304_hr,photos_iphone/img_88_page_2.jpeg,88,2,4,1,3,0,3x4
img_88_page_3.jpeg,LPAE_14304_hr,photos_iphone/img_88_page_3.jpeg,88,3,4,1,3,0,3x4
img_89_page_0.jpeg,LPAE_19309_hr,photos_iphone/img_89_page_0.jpeg,89,0,2,2,3,0,3x4
img_89_page_1.jpeg,LPAE_19309_hr,photos_iphone/img_89_page_1.jpeg,89,1,2,2,3,0,3x4
img_90_page_0.jpeg,LPAE_14641_hr,photos_iphone/img_90_page_0.jpeg,90,0,1,2,6,0,6x2
img_91_page_0.jpeg,LPAE_15477_hr,photos_iphone/img_91_page_0.jpeg,91,0,1,4,3,1,3x4+1R
img_92_page_0.jpeg,LPAE_14680_hr,photos_iphone/img_92_page_0.jpeg,92,0,1,4,3,1,3x4+1R
img_93_page_0.jpeg,LPAE_15368_hr,photos_iphone/img_93_page_0.jpeg,93,0,1,2,6,1,6x2+1R
img_94_page_0.jpeg,LPAE_19138_hr,photos_iphone/img_94_page_0.jpeg,94,0,1,1,12,0,12x1
img_95_page_0.jpeg,LPAE_15529_hr,photos_iphone/img_95_page_0.jpeg,95,0,1,2,6,0,6x2
img_96_page_0.jpeg,LPAE_15607_hr,photos_iphone/img_96_page_0.jpeg,96,0,4,1,3,0,3x4
img_96_page_1.jpeg,LPAE_15607_hr,photos_iphone/img_96_page_1.jpeg,96,1,4,1,3,0,3x4
img_96_page_2.jpeg,LPAE_15607_hr,photos_iphone/img_96_page_2.jpeg,96,2,4,1,3,0,3x4
img_96_page_3.jpeg,LPAE_15607_hr,photos_iphone/img_96_page_3.jpeg,96,3,4,1,3,0,3x4
img_97_page_0.jpeg,LPAE_19202_hr,photos_iphone/img_97_page_0.jpeg,97,0,1,1,12,0,12x1
img_98_page_0.jpeg,LPAE_16212_hr,photos_iphone/img_98_page_0.jpeg,98,0,1,4,3,3,3x4+3R
img_99_page_0.jpeg,LPAE_19326_hr,photos_iphone/img_99_page_0.jpeg,99,0,1,2,6,0,6x2
img_100_page_0.jpeg,LPAE_20139_hr,photos_iphone/img_100_page_0.jpeg,100,0,1,4,3,3,3x4+3R
img_1_page_0.jpeg,LPAE_11666_hr,photos_samsung/img_1_page_0.jpeg,1,0,2,1,6,0,6x2
img_1_page_1.jpeg,LPAE_11666_hr,photos_samsung/img_1_page_1.jpeg,1,1,2,1,6,0,6x2
img_2_page_0.jpeg,LPAE_11209_hr,photos_samsung/img_2_page_0.jpeg,2,0,1,1,12,0,12x1
img_3_page_0.jpeg,LPAE_14009_hr,photos_samsung/img_3_page_0.jpeg,3,0,1,1,12,0,12x1
img_4_page_0.jpeg,LPAE_20999_hr,photos_samsung/img_4_page_0.jpeg,4,0,1,4,3,1,3x4+1R
img_5_page_0.jpeg,LPAE_21515_hr,photos_samsung/img_5_page_0.jpeg,5,0,1,2,6,0,6x2
img_6_page_0.jpeg,LPAE_02926_hr,photos_samsung/img_6_page_0.jpeg,6,0,1,1,12,0,12x1
img_7_page_0.jpeg,LPAE_21541_hr,photos_samsung/img_7_page_0.jpeg,7,0,1,2,6,0,6x2
img_8_page_0.jpeg,LPAE_05432_hr,photos_samsung/img_8_page_0.jpeg,8,0,1,4,3,3,3x4+3R
img_9_page_0.jpeg,LPAE_20159_hr,photos_samsung/img_9_page_0.jpeg,9,0,1,2,6,0,6x2
img_10_page_0.jpeg,LPAE_04827_hr,photos_samsung/img_10_page_0.jpeg,10,0,1,4,3,1,3x4+1R
img_11_page_0.jpeg,LPAE_06229_hr,photos_samsung/img_11_page_0.jpeg,11,0,1,2,6,0,6x2
img_12_page_0.jpeg,LPAE_10505_hr,photos_samsung/img_12_page_0.jpeg,12,0,1,4,3,3,3x4+3R
img_13_page_0.jpeg,LPAE_10300_hr,photos_samsung/img_13_page_0.jpeg,13,0,1,2,6,0,6x2
img_14_page_0.jpeg,LPAE_17226_hr,photos_samsung/img_14_page_0.jpeg,14,0,1,4,3,1,3x4+1R
img_15_page_0.jpeg,LPAE_05742_hr,photos_samsung/img_15_page_0.jpeg,15,0,1,4,3,1,3x4+1R
img_16_page_0.jpeg,LPAE_19550_hr,photos_samsung/img_16_page_0.jpeg,16,0,1,4,3,1,3x4+1R
img_17_page_0.jpeg,LPAE_06918_hr,photos_samsung/img_17_page_0.jpeg,17,0,1,4,3,1,3x4+1R
img_18_page_0.jpeg,LPAE_12879_hr,photos_samsung/img_18_page_0.jpeg,18,0,1,1,12,0,12x1
img_19_page_0.jpeg,LPAE_20790_hr,photos_samsung/img_19_page_0.jpeg,19,0,1,2,6,1,6x2+1R
img_20_page_0.jpeg,LPAE_20947_hr,photos_samsung/img_20_page_0.jpeg,20,0,1,4,3,0,3x4
img_21_page_0.jpeg,LPAE_20515_hr,photos_samsung/img_21_page_0.jpeg,21,0,1,2,6,0,6x2
img_22_page_0.jpeg,LPAE_06846_hr,photos_samsung/img_22_page_0.jpeg,22,0,1,4,3,1,3x4+1R
img_23_page_0.jpeg,LPAE_04957_hr,photos_samsung/img_23_page_0.jpeg,23,0,1,2,6,0,6x2
img_24_page_0.jpeg,LPAE_14819_hr,photos_samsung/img_24_page_0.jpeg,24,0,1,4,3,0,3x4
img_25_page_0.jpeg,LPAE_05441_hr,photos_samsung/img_25_page_0.jpeg,25,0,1,1,12,0,12x1
img_26_page_0.jpeg,LPAE_20971_hr,photos_samsung/img_26_page_0.jpeg,26,0,1,4,3,1,3x4+1R
img_27_page_0.jpeg,LPAE_20680_hr,photos_samsung/img_27_page_0.jpeg,27,0,1,4,3,0,3x4
img_28_page_0.jpeg,LPAE_07250_hr,photos_samsung/img_28_page_0.jpeg,28,0,1,4,3,1,3x4+1R
img_29_page_0.jpeg,LPAE_20748_hr,photos_samsung/img_29_page_0.jpeg,29,0,1,4,3,1,3x4+1R
img_30_page_0.jpeg,LPAE_06938_hr,photos_samsung/img_30_page_0.jpeg,30,0,1,2,6,1,6x2+1R
img_31_page_0.jpeg,LPAE_20367_hr,photos_samsung/img_31_page_0.jpeg,31,0,1,4,3,1,3x4+1R
img_32_page_0.jpeg,LPAE_07285_hr,photos_samsung/img_32_page_0.jpeg,32,0,1,4,3,0,3x4
img_33_page_0.jpeg,LPAE_07299_hr,photos_samsung/img_33_page_0.jpeg,33,0,1,2,6,0,6x2
img_34_page_0.jpeg,LPAE_21629_hr,photos_samsung/img_34_page_0.jpeg,34,0,1,2,6,0,6x2
img_35_page_0.jpeg,LPAE_07596_hr,photos_samsung/img_35_page_0.jpeg,35,0,1,2,6,0,6x2
img_36_page_0.jpeg,LPAE_10555_hr,photos_samsung/img_36_page_0.jpeg,36,0,1,4,3,0,3x4
img_37_page_0.jpeg,LPAE_21468_hr,photos_samsung/img_37_page_0.jpeg,37,0,1,4,3,1,3x4+1R
img_38_page_0.jpeg,LPAE_08885_hr,photos_samsung/img_38_page_0.jpeg,38,0,1,4,3,3,3x4+3R
img_39_page_0.jpeg,LPAE_09331_hr,photos_samsung/img_39_page_0.jpeg,39,0,1,2,6,0,6x2
img_40_page_0.jpeg,LPAE_09275_hr,photos_samsung/img_40_page_0.jpeg,40,0,1,4,3,1,3x4+1R
img_41_page_0.jpeg,LPAE_20243_hr,photos_samsung/img_41_page_0.jpeg,41,0,1,2,6,0,6x2
img_42_page_0.jpeg,LPAE_09545_hr,photos_samsung/img_42_page_0.jpeg,42,0,1,4,3,1,3x4+1R
img_43_page_0.jpeg,LPAE_09754_hr,photos_samsung/img_43_page_0.jpeg,43,0,1,4,3,1,3x4+1R
img_44_page_0.jpeg,LPAE_17637_hr,photos_samsung/img_44_page_0.jpeg,44,0,1,4,3,0,3x4
img_45_page_0.jpeg,LPAE_17118_hr,photos_samsung/img_45_page_0.jpeg,45,0,1,2,6,0,6x2
img_46_page_0.jpeg,LPAE_10306_hr,photos_samsung/img_46_page_0.jpeg,46,0,1,4,3,1,3x4+1R
img_47_page_0.jpeg,LPAE_10266_hr,photos_samsung/img_47_page_0.jpeg,47,0,1,4,3,3,3x4+3R
img_48_page_0.jpeg,LPAE_08007_hr,photos_samsung/img_48_page_0.jpeg,48,0,1,2,6,0,6x2
img_49_page_0.jpeg,LPAE_08962_hr,photos_samsung/img_49_page_0.jpeg,49,0,1,2,6,0,6x2
img_50_page_0.jpeg,LPAE_16895_hr,photos_samsung/img_50_page_0.jpeg,50,0,1,4,3,0,3x4
img_51_page_0.jpeg,LPAE_05359_hr,photos_samsung/img_51_page_0.jpeg,51,0,1,4,3,0,3x4
img_52_page_0.jpeg,LPAE_10554_hr,photos_samsung/img_52_page_0.jpeg,52,0,1,2,6,1,6x2+1R
img_53_page_0.jpeg,LPAE_10598_hr,photos_samsung/img_53_page_0.jpeg,53,0,1,2,6,0,6x2
img_54_page_0.jpeg,LPAE_17269_hr,photos_samsung/img_54_page_0.jpeg,54,0,2,2,3,0,3x4
img_54_page_1.jpeg,LPAE_17269_hr,photos_samsung/img_54_page_1.jpeg,54,1,2,2,3,0,3x4
img_55_page_0.jpeg,LPAE_10518_hr,photos_samsung/img_55_page_0.jpeg,55,0,1,2,6,0,6x2
img_56_page_0.jpeg,LPAE_10564_hr,photos_samsung/img_56_page_0.jpeg,56,0,1,2,6,0,6x2
img_57_page_0.jpeg,LPAE_06282_hr,photos_samsung/img_57_page_0.jpeg,57,0,1,1,12,0,12x1
img_58_page_0.jpeg,LPAE_10943_hr,photos_samsung/img_58_page_0.jpeg,58,0,1,4,3,0,3x4
img_59_page_0.jpeg,LPAE_18073_hr,photos_samsung/img_59_page_0.jpeg,59,0,1,2,6,0,6x2
img_60_page_0.jpeg,LPAE_11397_hr,photos_samsung/img_60_page_0.jpeg,60,0,1,2,6,0,6x2
img_61_page_0.jpeg,LPAE_05944_hr,photos_samsung/img_61_page_0.jpeg,61,0,1,2,6,1,6x2+1R
img_62_page_0.jpeg,LPAE_04733_hr,photos_samsung/img_62_page_0.jpeg,62,0,1,4,3,1,3x4+1R
img_63_page_0.jpeg,LPAE_10986_hr,photos_samsung/img_63_page_0.jpeg,63,0,1,4,3,0,3x4
img_64_page_0.jpeg,LPAE_18227_hr,photos_samsung/img_64_page_0.jpeg,64,0,1,2,6,0,6x2
img_65_page_0.jpeg,LPAE_18552_hr,photos_samsung/img_65_page_0.jpeg,65,0,1,2,6,0,6x2
img_66_page_0.jpeg,LPAE_11498_hr,photos_samsung/img_66_page_0.jpeg,66,0,1,4,3,1,3x4+1R
img_67_page_0.jpeg,LPAE_01805_hr,photos_samsung/img_67_page_0.jpeg,67,0,1,4,3,0,3x4
img_68_page_0.jpeg,LPAE_18945_hr,photos_samsung/img_68_page_0.jpeg,68,0,1,4,3,1,3x4+1R
img_69_page_0.jpeg,LPAE_12186_hr,photos_samsung/img_69_page_0.jpeg,69,0,1,4,3,0,3x4
img_70_page_0.jpeg,LPAE_04794_hr,photos_samsung/img_70_page_0.jpeg,70,0,1,1,12,0,12x1
img_71_page_0.jpeg,LPAE_12190_hr,photos_samsung/img_71_page_0.jpeg,71,0,1,4,3,1,3x4+1R
img_72_page_0.jpeg,LPAE_12432_hr,photos_samsung/img_72_page_0.jpeg,72,0,1,4,3,1,3x4+1R
img_73_page_0.jpeg,LPAE_19036_hr,photos_samsung/img_73_page_0.jpeg,73,0,1,2,6,0,6x2
img_74_page_0.jpeg,LPAE_12629_hr,photos_samsung/img_74_page_0.jpeg,74,0,1,4,3,1,3x4+1R
img_75_page_0.jpeg,LPAE_02444_hr,photos_samsung/img_75_page_0.jpeg,75,0,2,1,6,0,6x2
img_75_page_1.jpeg,LPAE_02444_hr,photos_samsung/img_75_page_1.jpeg,75,1,2,1,6,0,6x2
img_76_page_0.jpeg,LPAE_17345_hr,photos_samsung/img_76_page_0.jpeg,76,0,1,2,6,0,6x2
img_77_page_0.jpeg,LPAE_06303_hr,photos_samsung/img_77_page_0.jpeg,77,0,1,4,3,0,3x4
img_78_page_0.jpeg,LPAE_13851_hr,photos_samsung/img_78_page_0.jpeg,78,0,1,2,6,0,6x2
img_79_page_0.jpeg,LPAE_13962_hr,photos_samsung/img_79_page_0.jpeg,79,0,1,2,6,0,6x2
img_80_page_0.jpeg,LPAE_19394_hr,photos_samsung/img_80_page_0.jpeg,80,0,1,4,3,1,3x4+1R
img_81_page_0.jpeg,LPAE_00232_hr,photos_samsung/img_81_page_0.jpeg,81,0,1,4,3,1,3x4+1R
img_82_page_0.jpeg,LPAE_19269_hr,photos_samsung/img_82_page_0.jpeg,82,0,1,4,3,1,3x4+1R
img_83_page_0.jpeg,LPAE_20117_hr,photos_samsung/img_83_page_0.jpeg,83,0,1,4,3,3,3x4+3R
img_84_page_0.jpeg,LPAE_19164_hr,photos_samsung/img_84_page_0.jpeg,84,0,1,4,3,1,3x4+1R
img_85_page_0.jpeg,LPAE_19686_hr,photos_samsung/img_85_page_0.jpeg,85,0,1,4,3,1,3x4+1R
img_86_page_0.jpeg,LPAE_19968_hr,photos_samsung/img_86_page_0.jpeg,86,0,1,2,6,0,6x2
img_87_page_0.jpeg,LPAE_19288_hr,photos_samsung/img_87_page_0.jpeg,87,0,1,2,6,0,6x2
img_88_page_0.jpeg,LPAE_14304_hr,photos_samsung/img_88_page_0.jpeg,88,0,4,1,3,0,3x4
img_88_page_1.jpeg,LPAE_14304_hr,photos_samsung/img_88_page_1.jpeg,88,1,4,1,3,0,3x4
img_88_page_2.jpeg,LPAE_14304_hr,photos_samsung/img_88_page_2.jpeg,88,2,4,1,3,0,3x4
img_88_page_3.jpeg,LPAE_14304_hr,photos_samsung/img_88_page_3.jpeg,88,3,4,1,3,0,3x4
img_89_page_0.jpeg,LPAE_19309_hr,photos_samsung/img_89_page_0.jpeg,89,0,2,2,3,0,3x4
img_89_page_1.jpeg,LPAE_19309_hr,photos_samsung/img_89_page_1.jpeg,89,1,2,2,3,0,3x4
img_90_page_0.jpeg,LPAE_14641_hr,photos_samsung/img_90_page_0.jpeg,90,0,1,2,6,0,6x2
img_91_page_0.jpeg,LPAE_15477_hr,photos_samsung/img_91_page_0.jpeg,91,0,1,4,3,1,3x4+1R
img_92_page_0.jpeg,LPAE_14680_hr,photos_samsung/img_92_page_0.jpeg,92,0,1,4,3,1,3x4+1R
img_93_page_0.jpeg,LPAE_15368_hr,photos_samsung/img_93_page_0.jpeg,93,0,1,2,6,1,6x2+1R
img_94_page_0.jpeg,LPAE_19138_hr,photos_samsung/img_94_page_0.jpeg,94,0,1,1,12,0,12x1
img_95_page_0.jpeg,LPAE_15529_hr,photos_samsung/img_95_page_0.jpeg,95,0,1,2,6,0,6x2
img_96_page_0.jpeg,LPAE_15607_hr,photos_samsung/img_96_page_0.jpeg,96,0,4,1,3,0,3x4
img_96_page_1.jpeg,LPAE_15607_hr,photos_samsung/img_96_page_1.jpeg,96,1,4,1,3,0,3x4
img_96_page_2.jpeg,LPAE_15607_hr,photos_samsung/img_96_page_2.jpeg,96,2,4,1,3,0,3x4
img_96_page_3.jpeg,LPAE_15607_hr,photos_samsung/img_96_page_3.jpeg,96,3,4,1,3,0,3x4
img_97_page_0.jpeg,LPAE_19202_hr,photos_samsung/img_97_page_0.jpeg,97,0,1,1,12,0,12x1
img_98_page_0.jpeg,LPAE_16212_hr,photos_samsung/img_98_page_0.jpeg,98,0,1,4,3,3,3x4+3R
img_99_page_0.jpeg,LPAE_19326_hr,photos_samsung/img_99_page_0.jpeg,99,0,1,2,6,0,6x2
img_100_page_0.jpeg,LPAE_20139_hr,photos_samsung/img_100_page_0.jpeg,100,0,1,4,3,3,3x4+3R
img_1_page_0.jpeg,LPAE_11666_hr,photos_scans/img_1_page_0.jpeg,1,0,2,1,6,0,6x2
img_1_page_1.jpeg,LPAE_11666_hr,photos_scans/img_1_page_1.jpeg,1,1,2,1,6,0,6x2
img_2_page_0.jpeg,LPAE_11209_hr,photos_scans/img_2_page_0.jpeg,2,0,1,1,12,0,12x1
img_3_page_0.jpeg,LPAE_14009_hr,photos_scans/img_3_page_0.jpeg,3,0,1,1,12,0,12x1
img_4_page_0.jpeg,LPAE_20999_hr,photos_scans/img_4_page_0.jpeg,4,0,1,4,3,1,3x4+1R
img_5_page_0.jpeg,LPAE_21515_hr,photos_scans/img_5_page_0.jpeg,5,0,1,2,6,0,6x2
img_6_page_0.jpeg,LPAE_02926_hr,photos_scans/img_6_page_0.jpeg,6,0,1,1,12,0,12x1
img_7_page_0.jpeg,LPAE_21541_hr,photos_scans/img_7_page_0.jpeg,7,0,1,2,6,0,6x2
img_8_page_0.jpeg,LPAE_05432_hr,photos_scans/img_8_page_0.jpeg,8,0,1,4,3,3,3x4+3R
img_9_page_0.jpeg,LPAE_20159_hr,photos_scans/img_9_page_0.jpeg,9,0,1,2,6,0,6x2
img_10_page_0.jpeg,LPAE_04827_hr,photos_scans/img_10_page_0.jpeg,10,0,1,4,3,1,3x4+1R
img_11_page_0.jpeg,LPAE_06229_hr,photos_scans/img_11_page_0.jpeg,11,0,1,2,6,0,6x2
img_12_page_0.jpeg,LPAE_10505_hr,photos_scans/img_12_page_0.jpeg,12,0,1,4,3,3,3x4+3R
img_13_page_0.jpeg,LPAE_10300_hr,photos_scans/img_13_page_0.jpeg,13,0,1,2,6,0,6x2
img_14_page_0.jpeg,LPAE_17226_hr,photos_scans/img_14_page_0.jpeg,14,0,1,4,3,1,3x4+1R
img_15_page_0.jpeg,LPAE_05742_hr,photos_scans/img_15_page_0.jpeg,15,0,1,4,3,1,3x4+1R
img_16_page_0.jpeg,LPAE_19550_hr,photos_scans/img_16_page_0.jpeg,16,0,1,4,3,1,3x4+1R
img_17_page_0.jpeg,LPAE_06918_hr,photos_scans/img_17_page_0.jpeg,17,0,1,4,3,1,3x4+1R
img_18_page_0.jpeg,LPAE_12879_hr,photos_scans/img_18_page_0.jpeg,18,0,1,1,12,0,12x1
img_19_page_0.jpeg,LPAE_20790_hr,photos_scans/img_19_page_0.jpeg,19,0,1,2,6,1,6x2+1R
img_20_page_0.jpeg,LPAE_20947_hr,photos_scans/img_20_page_0.jpeg,20,0,1,4,3,0,3x4
img_21_page_0.jpeg,LPAE_20515_hr,photos_scans/img_21_page_0.jpeg,21,0,1,2,6,0,6x2
img_22_page_0.jpeg,LPAE_06846_hr,photos_scans/img_22_page_0.jpeg,22,0,1,4,3,1,3x4+1R
img_23_page_0.jpeg,LPAE_04957_hr,photos_scans/img_23_page_0.jpeg,23,0,1,2,6,0,6x2
img_24_page_0.jpeg,LPAE_14819_hr,photos_scans/img_24_page_0.jpeg,24,0,1,4,3,0,3x4
img_25_page_0.jpeg,LPAE_05441_hr,photos_scans/img_25_page_0.jpeg,25,0,1,1,12,0,12x1
img_26_page_0.jpeg,LPAE_20971_hr,photos_scans/img_26_page_0.jpeg,26,0,1,4,3,1,3x4+1R
img_27_page_0.jpeg,LPAE_20680_hr,photos_scans/img_27_page_0.jpeg,27,0,1,4,3,0,3x4
img_28_page_0.jpeg,LPAE_07250_hr,photos_scans/img_28_page_0.jpeg,28,0,1,4,3,1,3x4+1R
img_29_page_0.jpeg,LPAE_20748_hr,photos_scans/img_29_page_0.jpeg,29,0,1,4,3,1,3x4+1R
img_30_page_0.jpeg,LPAE_06938_hr,photos_scans/img_30_page_0.jpeg,30,0,1,2,6,1,6x2+1R
img_31_page_0.jpeg,LPAE_20367_hr,photos_scans/img_31_page_0.jpeg,31,0,1,4,3,1,3x4+1R
img_32_page_0.jpeg,LPAE_07285_hr,photos_scans/img_32_page_0.jpeg,32,0,1,4,3,0,3x4
img_33_page_0.jpeg,LPAE_07299_hr,photos_scans/img_33_page_0.jpeg,33,0,1,2,6,0,6x2
img_34_page_0.jpeg,LPAE_21629_hr,photos_scans/img_34_page_0.jpeg,34,0,1,2,6,0,6x2
img_35_page_0.jpeg,LPAE_07596_hr,photos_scans/img_35_page_0.jpeg,35,0,1,2,6,0,6x2
img_36_page_0.jpeg,LPAE_10555_hr,photos_scans/img_36_page_0.jpeg,36,0,1,4,3,0,3x4
img_37_page_0.jpeg,LPAE_21468_hr,photos_scans/img_37_page_0.jpeg,37,0,1,4,3,1,3x4+1R
img_38_page_0.jpeg,LPAE_08885_hr,photos_scans/img_38_page_0.jpeg,38,0,1,4,3,3,3x4+3R
img_39_page_0.jpeg,LPAE_09331_hr,photos_scans/img_39_page_0.jpeg,39,0,1,2,6,0,6x2
img_40_page_0.jpeg,LPAE_09275_hr,photos_scans/img_40_page_0.jpeg,40,0,1,4,3,1,3x4+1R
img_41_page_0.jpeg,LPAE_20243_hr,photos_scans/img_41_page_0.jpeg,41,0,1,2,6,0,6x2
img_42_page_0.jpeg,LPAE_09545_hr,photos_scans/img_42_page_0.jpeg,42,0,1,4,3,1,3x4+1R
img_43_page_0.jpeg,LPAE_09754_hr,photos_scans/img_43_page_0.jpeg,43,0,1,4,3,1,3x4+1R
img_44_page_0.jpeg,LPAE_17637_hr,photos_scans/img_44_page_0.jpeg,44,0,1,4,3,0,3x4
img_45_page_0.jpeg,LPAE_17118_hr,photos_scans/img_45_page_0.jpeg,45,0,1,2,6,0,6x2
img_46_page_0.jpeg,LPAE_10306_hr,photos_scans/img_46_page_0.jpeg,46,0,1,4,3,1,3x4+1R
img_47_page_0.jpeg,LPAE_10266_hr,photos_scans/img_47_page_0.jpeg,47,0,1,4,3,3,3x4+3R
img_48_page_0.jpeg,LPAE_08007_hr,photos_scans/img_48_page_0.jpeg,48,0,1,2,6,0,6x2
img_49_page_0.jpeg,LPAE_08962_hr,photos_scans/img_49_page_0.jpeg,49,0,1,2,6,0,6x2
img_50_page_0.jpeg,LPAE_16895_hr,photos_scans/img_50_page_0.jpeg,50,0,1,4,3,0,3x4
img_51_page_0.jpeg,LPAE_05359_hr,photos_scans/img_51_page_0.jpeg,51,0,1,4,3,0,3x4
img_52_page_0.jpeg,LPAE_10554_hr,photos_scans/img_52_page_0.jpeg,52,0,1,2,6,1,6x2+1R
img_53_page_0.jpeg,LPAE_10598_hr,photos_scans/img_53_page_0.jpeg,53,0,1,2,6,0,6x2
img_54_page_0.jpeg,LPAE_17269_hr,photos_scans/img_54_page_0.jpeg,54,0,2,2,3,0,3x4
img_54_page_1.jpeg,LPAE_17269_hr,photos_scans/img_54_page_1.jpeg,54,1,2,2,3,0,3x4
img_55_page_0.jpeg,LPAE_10518_hr,photos_scans/img_55_page_0.jpeg,55,0,1,2,6,0,6x2
img_56_page_0.jpeg,LPAE_10564_hr,photos_scans/img_56_page_0.jpeg,56,0,1,2,6,0,6x2
img_57_page_0.jpeg,LPAE_06282_hr,photos_scans/img_57_page_0.jpeg,57,0,1,1,12,0,12x1
img_58_page_0.jpeg,LPAE_10943_hr,photos_scans/img_58_page_0.jpeg,58,0,1,4,3,0,3x4
img_59_page_0.jpeg,LPAE_18073_hr,photos_scans/img_59_page_0.jpeg,59,0,1,2,6,0,6x2
img_60_page_0.jpeg,LPAE_11397_hr,photos_scans/img_60_page_0.jpeg,60,0,1,2,6,0,6x2
img_61_page_0.jpeg,LPAE_05944_hr,photos_scans/img_61_page_0.jpeg,61,0,1,2,6,1,6x2+1R
img_62_page_0.jpeg,LPAE_04733_hr,photos_scans/img_62_page_0.jpeg,62,0,1,4,3,1,3x4+1R
img_63_page_0.jpeg,LPAE_10986_hr,photos_scans/img_63_page_0.jpeg,63,0,1,4,3,0,3x4
img_64_page_0.jpeg,LPAE_18227_hr,photos_scans/img_64_page_0.jpeg,64,0,1,2,6,0,6x2
img_65_page_0.jpeg,LPAE_18552_hr,photos_scans/img_65_page_0.jpeg,65,0,1,2,6,0,6x2
img_66_page_0.jpeg,LPAE_11498_hr,photos_scans/img_66_page_0.jpeg,66,0,1,4,3,1,3x4+1R
img_67_page_0.jpeg,LPAE_01805_hr,photos_scans/img_67_page_0.jpeg,67,0,1,4,3,0,3x4
img_68_page_0.jpeg,LPAE_18945_hr,photos_scans/img_68_page_0.jpeg,68,0,1,4,3,1,3x4+1R
img_69_page_0.jpeg,LPAE_12186_hr,photos_scans/img_69_page_0.jpeg,69,0,1,4,3,0,3x4
img_70_page_0.jpeg,LPAE_04794_hr,photos_scans/img_70_page_0.jpeg,70,0,1,1,12,0,12x1
img_71_page_0.jpeg,LPAE_12190_hr,photos_scans/img_71_page_0.jpeg,71,0,1,4,3,1,3x4+1R
img_72_page_0.jpeg,LPAE_12432_hr,photos_scans/img_72_page_0.jpeg,72,0,1,4,3,1,3x4+1R
img_73_page_0.jpeg,LPAE_19036_hr,photos_scans/img_73_page_0.jpeg,73,0,1,2,6,0,6x2
img_74_page_0.jpeg,LPAE_12629_hr,photos_scans/img_74_page_0.jpeg,74,0,1,4,3,1,3x4+1R
img_75_page_0.jpeg,LPAE_02444_hr,photos_scans/img_75_page_0.jpeg,75,0,2,1,6,0,6x2
img_75_page_1.jpeg,LPAE_02444_hr,photos_scans/img_75_page_1.jpeg,75,1,2,1,6,0,6x2
img_76_page_0.jpeg,LPAE_17345_hr,photos_scans/img_76_page_0.jpeg,76,0,1,2,6,0,6x2
img_77_page_0.jpeg,LPAE_06303_hr,photos_scans/img_77_page_0.jpeg,77,0,1,4,3,0,3x4
img_78_page_0.jpeg,LPAE_13851_hr,photos_scans/img_78_page_0.jpeg,78,0,1,2,6,0,6x2
img_79_page_0.jpeg,LPAE_13962_hr,photos_scans/img_79_page_0.jpeg,79,0,1,2,6,0,6x2
img_80_page_0.jpeg,LPAE_19394_hr,photos_scans/img_80_page_0.jpeg,80,0,1,4,3,1,3x4+1R
img_81_page_0.jpeg,LPAE_00232_hr,photos_scans/img_81_page_0.jpeg,81,0,1,4,3,1,3x4+1R
img_82_page_0.jpeg,LPAE_19269_hr,photos_scans/img_82_page_0.jpeg,82,0,1,4,3,1,3x4+1R
img_83_page_0.jpeg,LPAE_20117_hr,photos_scans/img_83_page_0.jpeg,83,0,1,4,3,3,3x4+3R
img_84_page_0.jpeg,LPAE_19164_hr,photos_scans/img_84_page_0.jpeg,84,0,1,4,3,1,3x4+1R
img_85_page_0.jpeg,LPAE_19686_hr,photos_scans/img_85_page_0.jpeg,85,0,1,4,3,1,3x4+1R
img_86_page_0.jpeg,LPAE_19968_hr,photos_scans/img_86_page_0.jpeg,86,0,1,2,6,0,6x2
img_87_page_0.jpeg,LPAE_19288_hr,photos_scans/img_87_page_0.jpeg,87,0,1,2,6,0,6x2
img_88_page_0.jpeg,LPAE_14304_hr,photos_scans/img_88_page_0.jpeg,88,0,4,1,3,0,3x4
img_88_page_1.jpeg,LPAE_14304_hr,photos_scans/img_88_page_1.jpeg,88,1,4,1,3,0,3x4
img_88_page_2.jpeg,LPAE_14304_hr,photos_scans/img_88_page_2.jpeg,88,2,4,1,3,0,3x4
img_88_page_3.jpeg,LPAE_14304_hr,photos_scans/img_88_page_3.jpeg,88,3,4,1,3,0,3x4
img_89_page_0.jpeg,LPAE_19309_hr,photos_scans/img_89_page_0.jpeg,89,0,2,2,3,0,3x4
img_89_page_1.jpeg,LPAE_19309_hr,photos_scans/img_89_page_1.jpeg,89,1,2,2,3,0,3x4
img_90_page_0.jpeg,LPAE_14641_hr,photos_scans/img_90_page_0.jpeg,90,0,1,2,6,0,6x2
img_91_page_0.jpeg,LPAE_15477_hr,photos_scans/img_91_page_0.jpeg,91,0,1,4,3,1,3x4+1R
img_92_page_0.jpeg,LPAE_14680_hr,photos_scans/img_92_page_0.jpeg,92,0,1,4,3,1,3x4+1R
img_93_page_0.jpeg,LPAE_15368_hr,photos_scans/img_93_page_0.jpeg,93,0,1,2,6,1,6x2+1R
img_94_page_0.jpeg,LPAE_19138_hr,photos_scans/img_94_page_0.jpeg,94,0,1,1,12,0,12x1
img_95_page_0.jpeg,LPAE_15529_hr,photos_scans/img_95_page_0.jpeg,95,0,1,2,6,0,6x2
img_96_page_0.jpeg,LPAE_15607_hr,photos_scans/img_96_page_0.jpeg,96,0,4,1,3,0,3x4
img_96_page_1.jpeg,LPAE_15607_hr,photos_scans/img_96_page_1.jpeg,96,1,4,1,3,0,3x4
img_96_page_2.jpeg,LPAE_15607_hr,photos_scans/img_96_page_2.jpeg,96,2,4,1,3,0,3x4
img_96_page_3.jpeg,LPAE_15607_hr,photos_scans/img_96_page_3.jpeg,96,3,4,1,3,0,3x4
img_97_page_0.jpeg,LPAE_19202_hr,photos_scans/img_97_page_0.jpeg,97,0,1,1,12,0,12x1
img_98_page_0.jpeg,LPAE_16212_hr,photos_scans/img_98_page_0.jpeg,98,0,1,4,3,3,3x4+3R
img_99_page_0.jpeg,LPAE_19326_hr,photos_scans/img_99_page_0.jpeg,99,0,1,2,6,0,6x2
img_100_page_0.jpeg,LPAE_20139_hr,photos_scans/img_100_page_0.jpeg,100,0,1,4,3,3,3x4+3R
img_1_page_0.jpeg,LPAE_11666_hr,photos_screens/img_1_page_0.jpeg,1,0,2,1,6,0,6x2
img_1_page_1.jpeg,LPAE_11666_hr,photos_screens/img_1_page_1.jpeg,1,1,2,1,6,0,6x2
img_2_page_0.jpeg,LPAE_11209_hr,photos_screens/img_2_page_0.jpeg,2,0,1,1,12,0,12x1
img_3_page_0.jpeg,LPAE_14009_hr,photos_screens/img_3_page_0.jpeg,3,0,1,1,12,0,12x1
img_4_page_0.jpeg,LPAE_20999_hr,photos_screens/img_4_page_0.jpeg,4,0,1,4,3,1,3x4+1R
img_5_page_0.jpeg,LPAE_21515_hr,photos_screens/img_5_page_0.jpeg,5,0,1,2,6,0,6x2
img_6_page_0.jpeg,LPAE_02926_hr,photos_screens/img_6_page_0.jpeg,6,0,1,1,12,0,12x1
img_7_page_0.jpeg,LPAE_21541_hr,photos_screens/img_7_page_0.jpeg,7,0,1,2,6,0,6x2
img_8_page_0.jpeg,LPAE_05432_hr,photos_screens/img_8_page_0.jpeg,8,0,1,4,3,3,3x4+3R
img_9_page_0.jpeg,LPAE_20159_hr,photos_screens/img_9_page_0.jpeg,9,0,1,2,6,0,6x2
img_10_page_0.jpeg,LPAE_04827_hr,photos_screens/img_10_page_0.jpeg,10,0,1,4,3,1,3x4+1R
img_11_page_0.jpeg,LPAE_06229_hr,photos_screens/img_11_page_0.jpeg,11,0,1,2,6,0,6x2
img_12_page_0.jpeg,LPAE_10505_hr,photos_screens/img_12_page_0.jpeg,12,0,1,4,3,3,3x4+3R
img_13_page_0.jpeg,LPAE_10300_hr,photos_screens/img_13_page_0.jpeg,13,0,1,2,6,0,6x2
img_14_page_0.jpeg,LPAE_17226_hr,photos_screens/img_14_page_0.jpeg,14,0,1,4,3,1,3x4+1R
img_15_page_0.jpeg,LPAE_05742_hr,photos_screens/img_15_page_0.jpeg,15,0,1,4,3,1,3x4+1R
img_16_page_0.jpeg,LPAE_19550_hr,photos_screens/img_16_page_0.jpeg,16,0,1,4,3,1,3x4+1R
img_17_page_0.jpeg,LPAE_06918_hr,photos_screens/img_17_page_0.jpeg,17,0,1,4,3,1,3x4+1R
img_18_page_0.jpeg,LPAE_12879_hr,photos_screens/img_18_page_0.jpeg,18,0,1,1,12,0,12x1
img_19_page_0.jpeg,LPAE_20790_hr,photos_screens/img_19_page_0.jpeg,19,0,1,2,6,1,6x2+1R
img_20_page_0.jpeg,LPAE_20947_hr,photos_screens/img_20_page_0.jpeg,20,0,1,4,3,0,3x4
img_21_page_0.jpeg,LPAE_20515_hr,photos_screens/img_21_page_0.jpeg,21,0,1,2,6,0,6x2
img_22_page_0.jpeg,LPAE_06846_hr,photos_screens/img_22_page_0.jpeg,22,0,1,4,3,1,3x4+1R
img_23_page_0.jpeg,LPAE_04957_hr,photos_screens/img_23_page_0.jpeg,23,0,1,2,6,0,6x2
img_24_page_0.jpeg,LPAE_14819_hr,photos_screens/img_24_page_0.jpeg,24,0,1,4,3,0,3x4
img_25_page_0.jpeg,LPAE_05441_hr,photos_screens/img_25_page_0.jpeg,25,0,1,1,12,0,12x1
img_26_page_0.jpeg,LPAE_20971_hr,photos_screens/img_26_page_0.jpeg,26,0,1,4,3,1,3x4+1R
img_27_page_0.jpeg,LPAE_20680_hr,photos_screens/img_27_page_0.jpeg,27,0,1,4,3,0,3x4
img_28_page_0.jpeg,LPAE_07250_hr,photos_screens/img_28_page_0.jpeg,28,0,1,4,3,1,3x4+1R
img_29_page_0.jpeg,LPAE_20748_hr,photos_screens/img_29_page_0.jpeg,29,0,1,4,3,1,3x4+1R
img_30_page_0.jpeg,LPAE_06938_hr,photos_screens/img_30_page_0.jpeg,30,0,1,2,6,1,6x2+1R
img_31_page_0.jpeg,LPAE_20367_hr,photos_screens/img_31_page_0.jpeg,31,0,1,4,3,1,3x4+1R
img_32_page_0.jpeg,LPAE_07285_hr,photos_screens/img_32_page_0.jpeg,32,0,1,4,3,0,3x4
img_33_page_0.jpeg,LPAE_07299_hr,photos_screens/img_33_page_0.jpeg,33,0,1,2,6,0,6x2
img_34_page_0.jpeg,LPAE_21629_hr,photos_screens/img_34_page_0.jpeg,34,0,1,2,6,0,6x2
img_35_page_0.jpeg,LPAE_07596_hr,photos_screens/img_35_page_0.jpeg,35,0,1,2,6,0,6x2
img_36_page_0.jpeg,LPAE_10555_hr,photos_screens/img_36_page_0.jpeg,36,0,1,4,3,0,3x4
img_37_page_0.jpeg,LPAE_21468_hr,photos_screens/img_37_page_0.jpeg,37,0,1,4,3,1,3x4+1R
img_38_page_0.jpeg,LPAE_08885_hr,photos_screens/img_38_page_0.jpeg,38,0,1,4,3,3,3x4+3R
img_39_page_0.jpeg,LPAE_09331_hr,photos_screens/img_39_page_0.jpeg,39,0,1,2,6,0,6x2
img_40_page_0.jpeg,LPAE_09275_hr,photos_screens/img_40_page_0.jpeg,40,0,1,4,3,1,3x4+1R
img_41_page_0.jpeg,LPAE_20243_hr,photos_screens/img_41_page_0.jpeg,41,0,1,2,6,0,6x2
img_42_page_0.jpeg,LPAE_09545_hr,photos_screens/img_42_page_0.jpeg,42,0,1,4,3,1,3x4+1R
img_43_page_0.jpeg,LPAE_09754_hr,photos_screens/img_43_page_0.jpeg,43,0,1,4,3,1,3x4+1R
img_44_page_0.jpeg,LPAE_17637_hr,photos_screens/img_44_page_0.jpeg,44,0,1,4,3,0,3x4
img_45_page_0.jpeg,LPAE_17118_hr,photos_screens/img_45_page_0.jpeg,45,0,1,2,6,0,6x2
img_46_page_0.jpeg,LPAE_10306_hr,photos_screens/img_46_page_0.jpeg,46,0,1,4,3,1,3x4+1R
img_47_page_0.jpeg,LPAE_10266_hr,photos_screens/img_47_page_0.jpeg,47,0,1,4,3,3,3x4+3R
img_48_page_0.jpeg,LPAE_08007_hr,photos_screens/img_48_page_0.jpeg,48,0,1,2,6,0,6x2
img_49_page_0.jpeg,LPAE_08962_hr,photos_screens/img_49_page_0.jpeg,49,0,1,2,6,0,6x2
img_50_page_0.jpeg,LPAE_16895_hr,photos_screens/img_50_page_0.jpeg,50,0,1,4,3,0,3x4
img_51_page_0.jpeg,LPAE_05359_hr,photos_screens/img_51_page_0.jpeg,51,0,1,4,3,0,3x4
img_52_page_0.jpeg,LPAE_10554_hr,photos_screens/img_52_page_0.jpeg,52,0,1,2,6,1,6x2+1R
img_53_page_0.jpeg,LPAE_10598_hr,photos_screens/img_53_page_0.jpeg,53,0,1,2,6,0,6x2
img_54_page_0.jpeg,LPAE_17269_hr,photos_screens/img_54_page_0.jpeg,54,0,2,2,3,0,3x4
img_54_page_1.jpeg,LPAE_17269_hr,photos_screens/img_54_page_1.jpeg,54,1,2,2,3,0,3x4
img_55_page_0.jpeg,LPAE_10518_hr,photos_screens/img_55_page_0.jpeg,55,0,1,2,6,0,6x2
img_56_page_0.jpeg,LPAE_10564_hr,photos_screens/img_56_page_0.jpeg,56,0,1,2,6,0,6x2
img_57_page_0.jpeg,LPAE_06282_hr,photos_screens/img_57_page_0.jpeg,57,0,1,1,12,0,12x1
img_58_page_0.jpeg,LPAE_10943_hr,photos_screens/img_58_page_0.jpeg,58,0,1,4,3,0,3x4
img_59_page_0.jpeg,LPAE_18073_hr,photos_screens/img_59_page_0.jpeg,59,0,1,2,6,0,6x2
img_60_page_0.jpeg,LPAE_11397_hr,photos_screens/img_60_page_0.jpeg,60,0,1,2,6,0,6x2
img_61_page_0.jpeg,LPAE_05944_hr,photos_screens/img_61_page_0.jpeg,61,0,1,2,6,1,6x2+1R
img_62_page_0.jpeg,LPAE_04733_hr,photos_screens/img_62_page_0.jpeg,62,0,1,4,3,1,3x4+1R
img_63_page_0.jpeg,LPAE_10986_hr,photos_screens/img_63_page_0.jpeg,63,0,1,4,3,0,3x4
img_64_page_0.jpeg,LPAE_18227_hr,photos_screens/img_64_page_0.jpeg,64,0,1,2,6,0,6x2
img_65_page_0.jpeg,LPAE_18552_hr,photos_screens/img_65_page_0.jpeg,65,0,1,2,6,0,6x2
img_66_page_0.jpeg,LPAE_11498_hr,photos_screens/img_66_page_0.jpeg,66,0,1,4,3,1,3x4+1R
img_67_page_0.jpeg,LPAE_01805_hr,photos_screens/img_67_page_0.jpeg,67,0,1,4,3,0,3x4
img_68_page_0.jpeg,LPAE_18945_hr,photos_screens/img_68_page_0.jpeg,68,0,1,4,3,1,3x4+1R
img_69_page_0.jpeg,LPAE_12186_hr,photos_screens/img_69_page_0.jpeg,69,0,1,4,3,0,3x4
img_70_page_0.jpeg,LPAE_04794_hr,photos_screens/img_70_page_0.jpeg,70,0,1,1,12,0,12x1
img_71_page_0.jpeg,LPAE_12190_hr,photos_screens/img_71_page_0.jpeg,71,0,1,4,3,1,3x4+1R
img_72_page_0.jpeg,LPAE_12432_hr,photos_screens/img_72_page_0.jpeg,72,0,1,4,3,1,3x4+1R
img_73_page_0.jpeg,LPAE_19036_hr,photos_screens/img_73_page_0.jpeg,73,0,1,2,6,0,6x2
img_74_page_0.jpeg,LPAE_12629_hr,photos_screens/img_74_page_0.jpeg,74,0,1,4,3,1,3x4+1R
img_75_page_0.jpeg,LPAE_02444_hr,photos_screens/img_75_page_0.jpeg,75,0,2,1,6,0,6x2
img_75_page_1.jpeg,LPAE_02444_hr,photos_screens/img_75_page_1.jpeg,75,1,2,1,6,0,6x2
img_76_page_0.jpeg,LPAE_17345_hr,photos_screens/img_76_page_0.jpeg,76,0,1,2,6,0,6x2
img_77_page_0.jpeg,LPAE_06303_hr,photos_screens/img_77_page_0.jpeg,77,0,1,4,3,0,3x4
img_78_page_0.jpeg,LPAE_13851_hr,photos_screens/img_78_page_0.jpeg,78,0,1,2,6,0,6x2
img_79_page_0.jpeg,LPAE_13962_hr,photos_screens/img_79_page_0.jpeg,79,0,1,2,6,0,6x2
img_80_page_0.jpeg,LPAE_19394_hr,photos_screens/img_80_page_0.jpeg,80,0,1,4,3,1,3x4+1R
img_81_page_0.jpeg,LPAE_00232_hr,photos_screens/img_81_page_0.jpeg,81,0,1,4,3,1,3x4+1R
img_82_page_0.jpeg,LPAE_19269_hr,photos_screens/img_82_page_0.jpeg,82,0,1,4,3,1,3x4+1R
img_83_page_0.jpeg,LPAE_20117_hr,photos_screens/img_83_page_0.jpeg,83,0,1,4,3,3,3x4+3R
img_84_page_0.jpeg,LPAE_19164_hr,photos_screens/img_84_page_0.jpeg,84,0,1,4,3,1,3x4+1R
img_85_page_0.jpeg,LPAE_19686_hr,photos_screens/img_85_page_0.jpeg,85,0,1,4,3,1,3x4+1R
img_86_page_0.jpeg,LPAE_19968_hr,photos_screens/img_86_page_0.jpeg,86,0,1,2,6,0,6x2
img_87_page_0.jpeg,LPAE_19288_hr,photos_screens/img_87_page_0.jpeg,87,0,1,2,6,0,6x2
img_88_page_0.jpeg,LPAE_14304_hr,photos_screens/img_88_page_0.jpeg,88,0,4,1,3,0,3x4
img_88_page_1.jpeg,LPAE_14304_hr,photos_screens/img_88_page_1.jpeg,88,1,4,1,3,0,3x4
img_88_page_2.jpeg,LPAE_14304_hr,photos_screens/img_88_page_2.jpeg,88,2,4,1,3,0,3x4
img_88_page_3.jpeg,LPAE_14304_hr,photos_screens/img_88_page_3.jpeg,88,3,4,1,3,0,3x4
img_89_page_0.jpeg,LPAE_19309_hr,photos_screens/img_89_page_0.jpeg,89,0,2,2,3,0,3x4
img_89_page_1.jpeg,LPAE_19309_hr,photos_screens/img_89_page_1.jpeg,89,1,2,2,3,0,3x4
img_90_page_0.jpeg,LPAE_14641_hr,photos_screens/img_90_page_0.jpeg,90,0,1,2,6,0,6x2
img_91_page_0.jpeg,LPAE_15477_hr,photos_screens/img_91_page_0.jpeg,91,0,1,4,3,1,3x4+1R
img_92_page_0.jpeg,LPAE_14680_hr,photos_screens/img_92_page_0.jpeg,92,0,1,4,3,1,3x4+1R
img_93_page_0.jpeg,LPAE_15368_hr,photos_screens/img_93_page_0.jpeg,93,0,1,2,6,1,6x2+1R
img_94_page_0.jpeg,LPAE_19138_hr,photos_screens/img_94_page_0.jpeg,94,0,1,1,12,0,12x1
img_95_page_0.jpeg,LPAE_15529_hr,photos_screens/img_95_page_0.jpeg,95,0,1,2,6,0,6x2
img_96_page_0.jpeg,LPAE_15607_hr,photos_screens/img_96_page_0.jpeg,96,0,4,1,3,0,3x4
img_96_page_1.jpeg,LPAE_15607_hr,photos_screens/img_96_page_1.jpeg,96,1,4,1,3,0,3x4
img_96_page_2.jpeg,LPAE_15607_hr,photos_screens/img_96_page_2.jpeg,96,2,4,1,3,0,3x4
img_96_page_3.jpeg,LPAE_15607_hr,photos_screens/img_96_page_3.jpeg,96,3,4,1,3,0,3x4
img_97_page_0.jpeg,LPAE_19202_hr,photos_screens/img_97_page_0.jpeg,97,0,1,1,12,0,12x1
img_98_page_0.jpeg,LPAE_16212_hr,photos_screens/img_98_page_0.jpeg,98,0,1,4,3,3,3x4+3R
img_99_page_0.jpeg,LPAE_19326_hr,photos_screens/img_99_page_0.jpeg,99,0,1,2,6,0,6x2
img_100_page_0.jpeg,LPAE_20139_hr,photos_screens/img_100_page_0.jpeg,100,0,1,4,3,3,3x4+3R
